0100110100111100_0
0100110100111100_1
0100110100111100_0
0100110100111100_1
0100110100111100_0
0100110100111100_1
0100110100111100_0
0100110100111100_1
0100110100111100_0
0100110100111100_1
0100110100111100_0
0100110100111100_1
0100110100111100_0
0100110100111100_1
0100110100111100_0
0100110100111100_1
0100110100111100_0
0100110100111100_1
0100110100111100_0
0100110100111100_1
0100110100111100_0
0100110100111100_1
0100110100111100_0
0100110100111100_1
0100110100111100_0
0100110100111100_1
0100110100111100_0
0100110100111100_1
0100110100111100_0
0100110100111100_1
0100110100111100_0
0100110100111100_1
0100110100111100_0
0100110100111100_1
0100110100111100_0
0100110100111100_1
0100110100111100_0
0100110100111100_1
0100110100111100_0
0100110100111100_1
0100110100111100_0
0100110100111100_1
0100110100111100_0
0100110100111100_1
0100110100111100_0
0010010100010110_1
0010010100010110_1
0010010100010110_1
0010010100010110_1
0010010100010110_1
0010010100010110_1
0010010100010110_1
0010010100010110_1
0010010100010110_1
0010010100010110_1
0010010100010110_1
0010010100010110_1
0010010100010110_1
0010010100010110_1
0010010100010110_1
0010010100010110_1
0010010100010110_1
0010010100010110_1
0010010100010110_1
0010010100010110_1
0010010100010110_1
0010010100010110_1
0010010100010110_1
0010010100010110_1
0010010100010110_1
0010010100010110_1
0010010100010110_1
0010010100010110_1
0010010100010110_1
0010010100010110_1
0010010100010110_1
0010010100010110_1
0010010100010110_1
0010010100010110_1
0010010100010110_1
0010010100010110_1
0010010100010110_1
0010010100010110_1
0010010100010110_1
0010010100010110_0
1011101100111011_1
1011101100111011_1
1011101100111011_1
1011101100111011_1
1011101100111011_1
1011101100111011_0
1011101100111011_1
1011101100111011_1
1011101100111011_0
1011101100111011_0
1011101100111011_0
0001100101100011_1
0001100101100011_1
0001100101100011_1
0001100101100011_1
0001100101100011_1
0001100101100011_1
0001100101100011_1
0001100101100011_1
0001100101100011_1
0001100101100011_1
0001100101100011_1
0001100101100011_1
0001100101100011_1
0001100101100011_1
0001100101100011_1
0001100101100011_1
0001100101100011_1
0001100101100011_1
0001100101100011_1
0001100101100011_1
0001011111011001_1
0100010000101111_1
0001011111011001_0
0100010000101111_0
0001011111011001_1
0100010000101111_1
0001011111011001_0
0100010000101111_0
0001011111011001_1
0100010000101111_1
0001011111011001_0
0100010000101111_0
0001011111011001_1
0100010000101111_1
0001011111011001_0
0100010000101111_0
0001011111011001_1
0100010000101111_1
0001011111011001_0
0100010000101111_0
0001011111011001_1
0100010000101111_1
0001011111011001_0
0100010000101111_0
0001011111011001_1
0100010000101111_1
0001011111011001_0
0100010000101111_0
0001011111011001_1
0100010000101111_1
0001011111011001_0
0100010000101111_0
0001011111011001_1
0100010000101111_1
0001011111011001_0
0100010000101111_0
0001011111011001_1
0100010000101111_1
0001011111011001_0
0100010000101111_0
0001011111011001_1
0100010000101111_1
0001011111011001_0
0100010000101111_0
0001011111011001_1
0100010000101111_1
0001011111011001_0
0100010000101111_0
0001011111011001_1
0100010000101111_1
0001011111011001_0
0100010000101111_0
0001011111011001_1
0100010000101111_1
0001011111011001_0
0100010000101111_0
0001011111011001_1
0100010000101111_1
0001011111011001_0
0100010000101111_0
0001011111011001_1
0100010000101111_1
0001011111011001_0
0100010000101111_0
0001011111011001_1
0100010000101111_1
1001110111110001_1
1001110111110001_1
1001110111110001_1
1001110111110001_1
1001110111110001_1
1001110111110001_1
1001110111110001_1
1001110111110001_1
1001110111110001_0
0011110001001111_1
1001110111110001_1
1001110111110001_1
1001110111110001_1
1001110111110001_1
1001110111110001_1
1001110111110001_1
1001110111110001_1
1001110111110001_1
1001110111110001_0
0011110001001111_1
1001110111110001_1
1001110111110001_1
1001110111110001_1
1001110111110001_1
1001110111110001_1
1001110111110001_1
1001110111110001_1
1001110111110001_1
1001110111110001_0
0011110001001111_1
1001110111110001_1
1001110111110001_1
1001110111110001_1
1001110111110001_1
1001110111110001_1
1001110111110001_1
1001110111110001_1
1001110111110001_1
1001110111110001_0
0011110001001111_1
1001110111110001_1
1001110111110001_1
1001110111110001_1
1001110111110001_1
1001110111110001_1
1001110111110001_1
1001110111110001_1
1001110111110001_1
1001110111110001_0
0011110001001111_1
1001110111110001_1
1001110111110001_1
1001110111110001_1
1001110111110001_1
1001110111110001_1
1001110111110001_1
1001110111110001_1
1001110111110001_1
1001110111110001_0
0011110001001111_1
1001110111110001_1
1001110111110001_1
1001110111110001_1
1001110111110001_1
1001110111110001_1
1001110111110001_1
1001110111110001_1
1001110111110001_1
1001110111110001_0
0011110001001111_1
1001110111110001_1
1001110111110001_1
1001110111110001_1
1001110111110001_1
1001110111110001_1
1001110111110001_1
1001110111110001_1
1001110111110001_1
1001110111110001_0
0011110001001111_1
1001110111110001_1
1001110111110001_1
1001110111110001_1
1001110111110001_1
1001110111110001_1
1001110111110001_1
1001110111110001_1
1001110111110001_1
1001110111110001_0
0011110001001111_1
1001110111110001_1
1001110111110001_1
1001110111110001_1
1001110111110001_1
1001110111110001_1
1001110111110001_1
1001110111110001_1
1001110111110001_1
1001110111110001_0
0011110001001111_1
0011110001001111_0
0110000000110000_0
0110000000110000_0
0110000000110000_0
0110000000110000_0
0110000000110000_0
0110000000110000_0
0110000000110000_0
1001100101111011_0
1001100101111011_1
1001100101111011_0
1001100101111011_1
1001100101111011_0
1001100101111011_1
1001100101111011_0
1001100101111011_1
1001100101111011_0
1001100101111011_1
1001100101111011_0
1001100101111011_1
1001100101111011_0
1001100101111011_1
1001100101111011_0
1001100101111011_1
1001100101111011_0
1001100101111011_1
1001100101111011_0
1001100101111011_1
1001100101111011_0
1001100101111011_1
1001100101111011_0
1001100101111011_1
1001100101111011_0
1001100101111011_1
1001100101111011_0
1001100101111011_1
1001100101111011_0
1001100101111011_1
1001100101111011_0
1001100101111011_1
1001100101111011_0
1001100101111011_1
1001100101111011_0
0010100111101000_1
0010100111101000_1
0010100111101000_1
0010100111101000_1
0010100111101000_1
0010100111101000_1
0010100111101000_1
0010100111101000_1
0010100111101000_1
0010100111101000_1
0010100111101000_1
0010100111101000_1
0010100111101000_1
0010100111101000_1
0010100111101000_1
0010100111101000_1
0010100111101000_1
0010100111101000_1
0010100111101000_1
0010100111101000_0
0111110011111010_1
0010100111101000_1
0010100111101000_1
0010100111101000_1
0010100111101000_1
0010100111101000_1
0010100111101000_1
0010100111101000_1
0010100111101000_1
0010100111101000_1
0010100111101000_1
0010100111101000_1
0010100111101000_1
0010100111101000_1
0010100111101000_1
0010100111101000_1
0010100111101000_1
0010100111101000_1
0010100111101000_1
0010100111101000_1
0010100111101000_0
0111110011111010_1
0010100111101000_1
0010100111101000_1
0010100111101000_1
0010100111101000_1
0010100111101000_1
0010100111101000_1
0010100111101000_1
0010100111101000_1
0010100111101000_1
0010100111101000_1
0010100111101000_1
0010100111101000_1
0010100111101000_1
0010100111101000_1
0010100111101000_1
0010100111101000_1
0010100111101000_1
0010100111101000_1
0010100111101000_1
0010100111101000_0
0111110011111010_1
0010100111101000_1
0010100111101000_1
0010100111101000_1
0010100111101000_1
0010100111101000_1
0010100111101000_1
0010100111101000_1
0010100111101000_1
0010100111101000_1
0010100111101000_1
0010100111101000_1
0010100111101000_1
0010100111101000_1
0010100111101000_1
0010100111101000_1
0010100111101000_1
0010100111101000_1
0010100111101000_1
0010100111101000_1
0010100111101000_0
0111110011111010_1
0010100111101000_1
0010100111101000_1
0010100111101000_1
0010100111101000_1
0010100111101000_1
0010100111101000_1
0010100111101000_1
0010100111101000_1
0010100111101000_1
0010100111101000_1
0010100111101000_1
0010100111101000_1
0010100111101000_1
0010100111101000_1
0010100111101000_1
0010100111101000_1
0010100111101000_1
0010100111101000_1
0010100111101000_1
0010100111101000_0
0111110011111010_1
0010100111101000_1
0010100111101000_1
0010100111101000_1
0010100111101000_1
0010100111101000_1
0010100111101000_1
0010100111101000_1
0010100111101000_1
0010100111101000_1
0010100111101000_1
0010100111101000_1
0010100111101000_1
0010100111101000_1
0010100111101000_1
0010100111101000_1
0010100111101000_1
0010100111101000_1
0010100111101000_1
0010100111101000_1
0010100111101000_0
0111110011111010_1
0111110011111010_0
1010111111011100_0
1010111111011100_0
1010111111011100_0
1010111111011100_0
1010111111011100_0
1010111111011100_0
1010111111011100_0
1010111111011100_0
1010111111011100_0
1010111111011100_0
1010111111011100_0
1010111111011100_0
1010111111011100_0
1010111111011100_0
1010111111011100_0
1010111111011100_0
1010111111011100_0
1010111111011100_0
1010111111011100_0
1010111111011100_0
1001001101101100_0
1001001101101100_0
1001001101101100_0
1001001101101100_0
1001001101101100_0
1001001101101100_0
1001001101101100_0
1001001101101100_0
1001001101101100_0
1001001101101100_0
1001001101101100_0
1001001101101100_0
1001001101101100_0
1001001101101100_0
1001001101101100_0
1001001101101100_0
1001001101101100_0
1001001101101100_0
1001001101101100_0
1001001101101100_0
0011110001110011_0
0011110001110011_1
0011110001110011_1
0011110001110011_1
0011110001110011_0
0011110001110011_0
0011110001110011_0
0011110001110011_0
0011110001110011_1
0011110001110011_0
1110100110010011_0
1110100110010011_0
1110100110010011_0
1110100110010011_0
1110100110010011_0
1110100110010011_0
1110100110010011_0
1110100110010011_0
1110100110010011_0
1110100110010011_0
1110100110010011_0
1110100110010011_0
1110100110010011_0
1110100110010011_0
1110100110010011_0
1110100110010011_0
1110100110010011_0
1110100110010011_0
1110100110010011_0
1110100110010011_0
0010111111101011_1
0010111111101011_1
0010111111101011_1
0010111111101011_1
0010111111101011_1
0010111111101011_1
0010111111101011_1
0010111111101011_1
0010111111101011_0
0010111111101011_1
0010111111101011_0
0010111111101011_1
0010111111101011_1
0010111111101011_1
0010111111101011_1
0010111111101011_1
0010111111101011_1
0010111111101011_1
0010111111101011_0
0010111111101011_1
1100110110100100_1
1100110110100100_1
1100110110100100_1
1100110110100100_1
1100110110100100_1
1100110110100100_1
1100110110100100_1
1100110110100100_1
1100110110100100_1
1100110110100100_1
1100110110100100_1
1100110110100100_0
1110010111111011_1
1100110110100100_1
1100110110100100_1
1100110110100100_1
1100110110100100_1
1100110110100100_1
1100110110100100_1
1100110110100100_1
1100110110100100_1
1100110110100100_1
1100110110100100_1
1100110110100100_1
1100110110100100_0
1110010111111011_1
1100110110100100_1
1100110110100100_1
1100110110100100_1
1100110110100100_1
1100110110100100_1
1100110110100100_1
1100110110100100_1
1100110110100100_1
1100110110100100_1
1100110110100100_1
1100110110100100_1
1100110110100100_0
1110010111111011_1
1100110110100100_1
1100110110100100_1
1100110110100100_1
1100110110100100_1
1100110110100100_1
1100110110100100_1
1100110110100100_1
1100110110100100_1
1100110110100100_1
1100110110100100_1
1100110110100100_1
1100110110100100_0
1110010111111011_1
1100110110100100_1
1100110110100100_1
1100110110100100_1
1100110110100100_1
1100110110100100_1
1100110110100100_1
1100110110100100_1
1100110110100100_1
1100110110100100_1
1100110110100100_1
1100110110100100_1
1100110110100100_0
1110010111111011_1
1100110110100100_1
1100110110100100_1
1100110110100100_1
1100110110100100_1
1100110110100100_1
1100110110100100_1
1100110110100100_1
1100110110100100_1
1100110110100100_1
1100110110100100_1
1100110110100100_1
1100110110100100_0
1110010111111011_1
1100110110100100_1
1100110110100100_1
1100110110100100_1
1100110110100100_1
1100110110100100_1
1100110110100100_1
1100110110100100_1
1100110110100100_1
1100110110100100_1
1100110110100100_1
1100110110100100_1
1100110110100100_0
1110010111111011_1
1100110110100100_1
1100110110100100_1
1100110110100100_1
1100110110100100_1
1100110110100100_1
1100110110100100_1
1100110110100100_1
1100110110100100_1
1100110110100100_1
1100110110100100_1
1100110110100100_1
1100110110100100_0
1110010111111011_1
1100110110100100_1
1100110110100100_1
1100110110100100_1
1100110110100100_1
1100110110100100_1
1100110110100100_1
1100110110100100_1
1100110110100100_1
1100110110100100_1
1100110110100100_1
1100110110100100_1
1100110110100100_0
1110010111111011_1
1100110110100100_1
1100110110100100_1
1100110110100100_1
1100110110100100_1
1100110110100100_1
1100110110100100_1
1100110110100100_1
1100110110100100_1
1100110110100100_1
1100110110100100_1
1100110110100100_1
1100110110100100_0
1110010111111011_1
1110010111111011_0
1000111010001101_1
1000111010001101_1
1000111010001101_1
1000111010001101_1
1000111010001101_1
1000111010001101_1
1000111010001101_1
1000111010001101_1
1000111010001101_1
1000111010001101_1
1000111010001101_1
1000111010001101_1
1000111010001101_1
1000111010001101_1
1000111010001101_0
1101110001101101_1
1000111010001101_1
1000111010001101_1
1000111010001101_1
1000111010001101_1
1000111010001101_1
1000111010001101_1
1000111010001101_1
1000111010001101_1
1000111010001101_1
1000111010001101_1
1000111010001101_1
1000111010001101_1
1000111010001101_1
1000111010001101_1
1000111010001101_0
1101110001101101_1
1000111010001101_1
1000111010001101_1
1000111010001101_1
1000111010001101_1
1000111010001101_1
1000111010001101_1
1000111010001101_1
1000111010001101_1
1000111010001101_1
1000111010001101_1
1000111010001101_1
1000111010001101_1
1000111010001101_1
1000111010001101_1
1000111010001101_0
1101110001101101_1
1000111010001101_1
1000111010001101_1
1000111010001101_1
1000111010001101_1
1000111010001101_1
1000111010001101_1
1000111010001101_1
1000111010001101_1
1000111010001101_1
1000111010001101_1
1000111010001101_1
1000111010001101_1
1000111010001101_1
1000111010001101_1
1000111010001101_0
1101110001101101_1
1000111010001101_1
1000111010001101_1
1000111010001101_1
1000111010001101_1
1000111010001101_1
1000111010001101_1
1000111010001101_1
1000111010001101_1
1000111010001101_1
1000111010001101_1
1000111010001101_1
1000111010001101_1
1000111010001101_1
1000111010001101_1
1000111010001101_0
1101110001101101_1
1000111010001101_1
1000111010001101_1
1000111010001101_1
1000111010001101_1
1000111010001101_1
1000111010001101_1
1000111010001101_1
1000111010001101_1
1000111010001101_1
1000111010001101_1
1000111010001101_1
1000111010001101_1
1000111010001101_1
1000111010001101_1
1000111010001101_0
1101110001101101_1
1000111010001101_1
1000111010001101_1
1000111010001101_1
1000111010001101_1
1000111010001101_1
1000111010001101_1
1000111010001101_1
1000111010001101_1
1000111010001101_1
1000111010001101_1
1000111010001101_1
1000111010001101_1
1000111010001101_1
1000111010001101_1
1000111010001101_0
1101110001101101_1
1000111010001101_1
1000111010001101_1
1000111010001101_1
1000111010001101_1
1000111010001101_1
1000111010001101_1
1000111010001101_1
1000111010001101_1
1000111010001101_1
1000111010001101_1
1000111010001101_1
1000111010001101_1
1000111010001101_1
1000111010001101_1
1000111010001101_0
1101110001101101_1
1101110001101101_0
0111011000100101_1
0111011000100101_1
0111011000100101_1
0111011000100101_1
0111011000100101_1
0111011000100101_1
0111011000100101_1
0111011000100101_1
0111011000100101_1
0111011000100101_1
0111011000100101_1
0111011000100101_1
0111011000100101_1
0111011000100101_1
0111011000100101_1
0111011000100101_1
0111011000100101_1
0111011000100101_1
0111011000100101_1
0111011000100101_1
0101101000111001_1
0101101000111001_1
0101101000111001_1
0101101000111001_1
0101101000111001_1
0101101000111001_1
0101101000111001_1
0101101000111001_1
0101101000111001_1
0101101000111001_1
0101101000111001_0
0010101001111100_1
0101101000111001_1
0101101000111001_1
0101101000111001_1
0101101000111001_1
0101101000111001_1
0101101000111001_1
0101101000111001_1
0101101000111001_1
0101101000111001_1
0101101000111001_1
0101101000111001_0
0010101001111100_1
0101101000111001_1
0101101000111001_1
0101101000111001_1
0101101000111001_1
0101101000111001_1
0101101000111001_1
0101101000111001_1
0101101000111001_1
0101101000111001_1
0101101000111001_1
0101101000111001_0
0010101001111100_1
0101101000111001_1
0101101000111001_1
0101101000111001_1
0101101000111001_1
0101101000111001_1
0101101000111001_1
0101101000111001_1
0101101000111001_1
0101101000111001_1
0101101000111001_1
0101101000111001_0
0010101001111100_1
0010101001111100_0
0000011000101101_0
1111100001001101_0
0000011000101101_1
1111100001001101_1
0000011000101101_0
1111100001001101_0
0000011000101101_1
1111100001001101_1
0000011000101101_0
1111100001001101_0
0000011000101101_1
1111100001001101_1
0000011000101101_0
1111100001001101_0
0000011000101101_1
1111100001001101_1
0000011000101101_0
1111100001001101_0
0000011000101101_1
1111100001001101_1
0000011000101101_0
1111100001001101_0
0000011000101101_1
1111100001001101_1
0000011000101101_0
1111100001001101_0
0000011000101101_1
1111100001001101_1
0000011000101101_0
1111100001001101_0
0000011000101101_1
1111100001001101_1
0000011000101101_0
1111100001001101_0
0000011000101101_1
1111100001001101_1
0000011000101101_0
1111100001001101_0
0000011000101101_1
1111100001001101_1
0000011000101101_0
1111100001001101_0
0000011000101101_1
1111100001001101_1
0000011000101101_0
1111100001001101_0
0000011000101101_1
1111100001001101_1
0000011000101101_0
1111100001001101_0
0000011000101101_1
1111100001001101_1
0000011000101101_0
1111100001001101_0
0000011000101101_1
1111100001001101_1
0100101010010110_1
1011110100001110_1
0100000001000000_0
1110100111001101_1
1100101111001111_1
1100100111001010_0
1111011010001010_1
0001111111011110_0
0010001001111011_0
1110000110011001_0
1010111000011011_1
1010111000011011_1
1010111000011011_1
1010111000011011_1
1010111000011011_1
1010111000011011_0
1010111000011011_0
1010111000011011_1
1011101001110011_1
0011111011100101_0
1111100111100100_1
1111010111110110_1
1001111110101011_0
0100100111001001_0
1010111101101101_1
1111010100001101_0
0000101111010011_0
1011100100110111_0
0000110111011000_1
0010111010011000_1
1011101111000000_0
1011011000011101_0
1010100011001001_0
0110001111101010_0
1100110100100110_0
0110011001011011_1
1011011000001100_0
0000111001001101_1
1111000111001001_1
0110001100100101_1
1110010011111011_1
1011101010110001_0
0111000011100000_0
0111010000100101_1
0110010010110110_1
0110100010100011_1
0000000011111010_1
1011000000100001_0
0011110101100100_1
0110011000001101_1
1010101000111111_1
1010101000111111_1
1010101000111111_1
1010101000111111_1
1010101000111111_1
1010101000111111_1
1010101000111111_1
1010101000111111_1
1010101000111111_1
1010101000111111_1
1010101000111111_1
1010101000111111_1
1010101000111111_1
1010101000111111_1
1010101000111111_1
1010101000111111_0
1101111000101011_1
1010101000111111_1
1010101000111111_1
1010101000111111_1
1010101000111111_1
1010101000111111_1
1010101000111111_1
1010101000111111_1
1010101000111111_1
1010101000111111_1
1010101000111111_1
1010101000111111_1
1010101000111111_1
1010101000111111_1
1010101000111111_1
1010101000111111_1
1010101000111111_0
1101111000101011_1
1010101000111111_1
1010101000111111_1
1010101000111111_1
1010101000111111_1
1010101000111111_1
1010101000111111_1
1010101000111111_1
1010101000111111_1
1010101000111111_1
1010101000111111_1
1010101000111111_1
1010101000111111_1
1010101000111111_1
1010101000111111_1
1010101000111111_1
1010101000111111_0
1101111000101011_1
1101111000101011_0
1100110110000010_0
1100110110000010_0
1100110110000010_0
1100110110000010_0
1100110110000010_0
1100110110000010_0
1100110110000010_0
1100110110000010_0
1100110110000010_0
1100110110000010_0
1100110110000010_0
1100110110000010_0
1100110110000010_0
1100110110000010_0
1100110110000010_0
1100110110000010_0
1100110110000010_0
1100110110000010_0
1100110110000010_0
1100110110000010_0
0101000101010101_1
0101000101010101_0
0101000101010101_0
0101000101010101_0
0101000101010101_0
0101000101010101_0
0101000101010101_0
0101000101010101_0
0101000101010101_1
0000011101001010_1
0000011101001010_1
0000011101001010_1
0000011101001010_1
0000011101001010_1
0000011101001010_1
0000011101001010_1
0000011101001010_1
0000011101001010_1
0000011101001010_1
0000011101001010_1
0000011101001010_1
0000011101001010_1
0000011101001010_1
0000011101001010_1
0000011101001010_1
0000011101001010_1
0000011101001010_1
0000011101001010_1
0000011101001010_0
0000101011110100_1
0000011101001010_1
0000011101001010_1
0000011101001010_1
0000011101001010_1
0000011101001010_1
0000011101001010_1
0000011101001010_1
0000011101001010_1
0000011101001010_1
0000011101001010_1
0000011101001010_1
0000011101001010_1
0000011101001010_1
0000011101001010_1
0000011101001010_1
0000011101001010_1
0000011101001010_1
0000011101001010_1
0000011101001010_1
0000011101001010_0
0000101011110100_1
0000011101001010_1
0000011101001010_1
0000011101001010_1
0000011101001010_1
0000011101001010_1
0000011101001010_1
0000011101001010_1
0000011101001010_1
0000011101001010_1
0000011101001010_1
0000011101001010_1
0000011101001010_1
0000011101001010_1
0000011101001010_1
0000011101001010_1
0000011101001010_1
0000011101001010_1
0000011101001010_1
0000011101001010_1
0000011101001010_0
0000101011110100_1
0000101011110100_0
0110001110111101_1
0110001110111101_1
0110001110111101_1
0110001110111101_0
1101111000011100_1
0110001110111101_1
0110001110111101_1
0110001110111101_1
0110001110111101_0
1101111000011100_1
0110001110111101_1
0110001110111101_1
0110001110111101_1
0110001110111101_0
1101111000011100_1
0110001110111101_1
0110001110111101_1
0110001110111101_1
0110001110111101_0
1101111000011100_1
0110001110111101_1
0110001110111101_1
0110001110111101_1
0110001110111101_0
1101111000011100_1
1101111000011100_0
1001010111111111_0
1010011011101000_1
1101011010001000_0
0001111100101110_1
1110101010010100_1
0100001011110011_0
0000100110010011_1
0101110111000000_0
0100110010110010_0
0100100001111010_1
0011110110011100_0
1010011011100111_1
0011011001010011_0
0111111100111010_0
1000110111001000_0
0011001000001011_1
0000111001000100_0
1110001011110001_1
0110011000011000_1
1110011110011001_1
0111111011001100_1
0110011110111001_1
0100011000110110_1
1100100011100011_0
1100100011100011_1
1100100011100011_1
1100100011100011_1
1100100011100011_1
1100100011100011_0
1100100011100011_0
0100100100110100_0
0100100100110100_1
0100100100110100_0
0100100100110100_1
0100100100110100_0
0100100100110100_1
0100100100110100_0
0100100100110100_1
0100100100110100_0
0100100100110100_1
0100100100110100_0
0100100100110100_1
0100100100110100_0
0100100100110100_1
0100100100110100_0
0100100100110100_1
0100100100110100_0
0100100100110100_1
0100100100110100_0
0100100100110100_1
0100100100110100_0
0100100100110100_1
0100100100110100_0
0100100100110100_1
0100100100110100_0
0100100100110100_1
0100100100110100_0
0100100100110100_1
0100100100110100_0
0100100100110100_1
0100100100110100_0
0100100100110100_1
0100100100110100_0
0100100100110100_1
0100100100110100_0
0100100100110100_1
0111000001101101_1
0111000001101101_1
0111000001101101_1
0111000001101101_1
0111000001101101_1
0111000001101101_1
0111000001101101_1
0111000001101101_1
0111000001101101_1
0111000001101101_1
0111000001101101_1
0111000001101101_1
0111000001101101_1
0111000001101101_1
0111000001101101_1
0111000001101101_0
1110111101111011_1
0111000001101101_1
0111000001101101_1
0111000001101101_1
0111000001101101_1
0111000001101101_1
0111000001101101_1
0111000001101101_1
0111000001101101_1
0111000001101101_1
0111000001101101_1
0111000001101101_1
0111000001101101_1
0111000001101101_1
0111000001101101_1
0111000001101101_1
0111000001101101_0
1110111101111011_1
0111000001101101_1
0111000001101101_1
0111000001101101_1
0111000001101101_1
0111000001101101_1
0111000001101101_1
0111000001101101_1
0111000001101101_1
0111000001101101_1
0111000001101101_1
0111000001101101_1
0111000001101101_1
0111000001101101_1
0111000001101101_1
0111000001101101_1
0111000001101101_0
1110111101111011_1
1110111101111011_0
0101001101011001_0
0101001101011001_0
0101001101011001_0
0101001101011001_0
0101001101011001_0
0101001101011001_0
0101001101011001_0
0101001101011001_0
0101001101011001_0
0101001101011001_0
0101001101011001_0
0101001101011001_0
0101001101011001_0
0101001101011001_0
0101001101011001_0
0101001101011001_0
0101001101011001_0
0101001101011001_0
0101001101011001_0
0101001101011001_0
0101001010101011_1
1101110011110000_1
0101001010101011_0
1101110011110000_0
0101001010101011_1
1101110011110000_1
0101001010101011_0
1101110011110000_0
0101001010101011_1
1101110011110000_1
0101001010101011_0
1101110011110000_0
0101001010101011_1
1101110011110000_1
0101001010101011_0
1101110011110000_0
0101001010101011_1
1101110011110000_1
0101001010101011_0
1101110011110000_0
0101001010101011_1
1101110011110000_1
0101001010101011_0
1101110011110000_0
0101001010101011_1
1101110011110000_1
0101001010101011_0
1101110011110000_0
0101001010101011_1
1101110011110000_1
0101001010101011_0
1101110011110000_0
0101001010101011_1
1101110011110000_1
0101001010101011_0
1101110011110000_0
0101001010101011_1
1101110011110000_1
0101001010101011_0
1101110011110000_0
0101001010101011_1
1101110011110000_1
0101001010101011_0
1101110011110000_0
0101001010101011_1
1101110011110000_1
0101001010101011_0
1101110011110000_0
0101001010101011_1
1101110011110000_1
0101001010101011_0
1101110011110000_0
0101001010101011_1
1101110011110000_1
0101001010101011_0
1101110011110000_0
0101001010101011_1
1101110011110000_1
0101001010101011_0
1101110011110000_0
0110010000111000_1
0110010000111000_1
0110010000111000_1
0110010000111000_1
0110010000111000_1
0110010000111000_1
0110010000111000_1
0110010000111000_1
0110010000111000_1
0110010000111000_1
0110010000111000_1
0110010000111000_1
0110010000111000_1
0110010000111000_1
0110010000111000_1
0110010000111000_1
0110010000111000_1
0110010000111000_1
0110010000111000_1
0110010000111000_1
1010001100010101_0
1010001100010101_1
1010001100010101_0
1010001100010101_1
1010001100010101_0
1010001100010101_1
1010001100010101_0
1010001100010101_1
1010001100010101_0
1010001100010101_1
1010001100010101_0
1010001100010101_1
1010001100010101_0
1010001100010101_1
1010001100010101_0
1010001100010101_1
1010001100010101_0
1010001100010101_1
1010001100010101_0
1010001100010101_1
1010001100010101_0
1010001100010101_1
1010001100010101_0
1010001100010101_1
1010001100010101_0
0000100111111001_0
0000100111111001_1
0000100111111001_0
0000100111111001_1
0000100111111001_0
0000100111111001_1
0000100111111001_0
0000100111111001_1
0000100111111001_0
0000100111111001_1
0000100111111001_0
0000100111111001_1
0000100111111001_0
0000100111111001_1
0000100111111001_0
0000100111111001_1
0000100111111001_0
0000100111111001_1
0000100111111001_0
0000100111111001_1
0000100111111001_0
0000100111111001_1
0000100111111001_0
0000100111111001_1
0000100111111001_0
0000100111111001_1
0000100111111001_0
0000100111111001_1
0000100111111001_0
0000100111111001_1
0000100111111001_0
0000100111111001_1
0000100111111001_0
0000100111111001_1
0000100111111001_0
0000100111111001_1
0000100111111001_0
0000100111111001_1
0000100111111001_0
0000100111111001_1
0000100111111001_0
1110000110000011_0
1110000110000011_0
1110000110000011_0
1110000110000011_0
1110000110000011_0
1110000110000011_0
1110000110000011_0
1110000110000011_0
1110000110000011_0
1110000110000011_0
1110000110000011_0
1110000110000011_0
1110000110000011_0
1110000110000011_0
1110000110000011_0
1110000110000011_0
1110000110000011_0
1110000110000011_0
1110000110000011_0
1110000110000011_0
1100010011001000_1
1100010011001000_1
1100010011001000_1
1100010011001000_1
1100010011001000_1
1100010011001000_1
1100010011001000_1
1100010011001000_1
1100010011001000_1
1100010011001000_1
1100010011001000_1
1100010011001000_1
1100010011001000_1
1100010011001000_1
1100010011001000_1
1100010011001000_1
1100010011001000_1
1100010011001000_1
1100010011001000_1
1100010011001000_1
1100010011001000_1
1100010011001000_1
1100010011001000_1
1100010011001000_1
1100010011001000_1
1100010011001000_1
1100010011001000_0
0010000011101010_0
0111010100000101_0
0010101100001010_1
1000101100111001_0
0101110011110100_1
0100001001010101_1
1000010001101000_1
0100110001111001_1
1010011101110010_0
1000111011100001_0
0101110111011111_1
0010010100010011_1
0000100010011110_0
1000010101100111_0
0111000111011111_0
1000011101100110_0
1110100001010101_0
1010110110100101_1
1000100100100100_0
0001011000011111_0
0011100000001010_0
1000011000010111_0
0101110010111111_0
1001111110111101_1
0110100101100111_1
1110010000110001_0
1000101010000001_1
0000100101001100_1
0001001011101011_0
0000100101110000_0
1111001100010011_0
1110010011100100_0
1101110101000110_1
1100100101000010_1
0110111000101100_0
1010111101110110_0
0100011110001001_1
1011000111110010_0
0100001001110111_0
0010010000110101_1
1101110010001010_0
0001110001011101_0
1001000001011001_1
1001000001011001_1
1001000001011001_1
1001000001011001_1
1001000001011001_1
1001000001011001_1
1001000001011001_1
1001000001011001_1
1001000001011001_1
1001000001011001_1
1001000001011001_1
1001000001011001_1
1001000001011001_1
1001000001011001_1
1001000001011001_1
1001000001011001_1
1001000001011001_1
1001000001011001_1
1001000001011001_1
1001000001011001_1
1001011000001011_1
0001011100101001_1
1001011000001011_0
0001011100101001_0
1001011000001011_1
0001011100101001_1
1001011000001011_0
0001011100101001_0
1001011000001011_1
0001011100101001_1
1001011000001011_0
0001011100101001_0
1001011000001011_1
0001011100101001_1
1001011000001011_0
0001011100101001_0
1001011000001011_1
0001011100101001_1
1001011000001011_0
0001011100101001_0
1001011000001011_1
0001011100101001_1
1001011000001011_0
0001011100101001_0
1001011000001011_1
0001011100101001_1
1001011000001011_0
0001011100101001_0
1001011000001011_1
0001011100101001_1
1001011000001011_0
0001011100101001_0
1001011000001011_1
0001011100101001_1
1001011000001011_0
0001011100101001_0
1001011000001011_1
0001011100101001_1
1001011000001011_0
0001011100101001_0
1001011000001011_1
0001011100101001_1
1001011000001011_0
0001011100101001_0
1001011000001011_1
0001011100101001_1
1001011000001011_0
0001011100101001_0
1001011000001011_1
0001011100101001_1
1110010001000011_1
1110010001000011_1
1110010001000011_1
1110010001000011_1
1110010001000011_1
1110010001000011_1
1110010001000011_1
1110010001000011_1
1110010001000011_1
1110010001000011_1
1110010001000011_1
1110010001000011_0
1000100110111111_1
1110010001000011_1
1110010001000011_1
1110010001000011_1
1110010001000011_1
1110010001000011_1
1110010001000011_1
1110010001000011_1
1110010001000011_1
1110010001000011_1
1110010001000011_1
1110010001000011_1
1110010001000011_0
1000100110111111_1
1000100110111111_0
1010100001101001_0
1010100001101001_1
1010100001101001_0
1010100001101001_1
1010100001101001_0
1010100001101001_1
1010100001101001_0
1010100001101001_1
1010100001101001_0
1010100001101001_1
1010100001101001_0
1010100001101001_1
1010100001101001_0
1010100001101001_1
1010100001101001_0
1010100001101001_1
1010100001101001_0
1010100001101001_1
1010100001101001_0
1010100001101001_1
1010100001101001_0
1010100001101001_1
1010100001101001_0
1010100001101001_1
1010100001101001_0
1010100001101001_1
1010100001101001_0
1010100001101001_1
1010100001101001_0
1010100001101001_1
1010100001101001_0
1010100001101001_1
1010100001101001_0
1010100001101001_1
1010100001101001_0
1010100001101001_1
1010100001101001_0
1010100001101001_1
1010100001101001_0
1010100001101001_1
1010100001101001_0
1010100001101001_1
1010100001101001_0
1010100001101001_1
1010100001101001_0
1010100001101001_1
1010100001101001_0
1010100001101001_1
1010100001101001_0
1010100001101001_1
1010100001101001_0
1010100001101001_1
1010100001101001_0
1010100001101001_1
1010100001101001_0
0111110100101000_0
0111110100101000_1
0111110100101000_0
0111110100101000_1
0111110100101000_0
0111110100101000_1
0111110100101000_0
0111110100101000_1
0111110100101000_0
0111110100101000_1
0111110100101000_0
0111110100101000_1
0111110100101000_0
0111110100101000_1
0111110100101000_0
0111110100101000_1
0111110100101000_0
0111110100101000_1
0111110100101000_0
0111110100101000_1
0111110100101000_0
0111110100101000_1
1011011010010010_0
0000000010001100_1
1100001101100100_0
1111001100000100_1
0110011011100110_0
0000001010001000_0
1000011101000001_0
0100100110101000_1
0001010101010101_1
0000101110000100_1
1001101111000101_0
0010101101000001_0
1100011101101110_1
1111110100000110_0
1001000101111111_0
0001011001101011_1
0100011101010011_0
0111010110111010_0
0000111111110100_0
0100010000100100_1
0011010110110111_1
1110011100011100_0
0000100110100101_0
1000011100001111_0
1000011100001111_0
1000011100001111_0
1000011100001111_0
1000011100001111_0
1000011100001111_0
1000011100001111_0
1000011100001111_0
1000011100001111_0
1000011100001111_0
1000011100001111_0
1000011100001111_0
1000011100001111_0
1000011100001111_0
1000011100001111_0
1000011100001111_0
1000011100001111_0
1000011100001111_0
1000011100001111_0
1000011100001111_0
1110100111110101_1
1110100111110101_1
1110100111110101_1
1110100111110101_1
1110100111110101_1
1110100111110101_1
1110100111110101_1
1110100111110101_1
1110100111110101_1
1110100111110101_0
0010000111010001_1
0010000111010001_1
0010000111010001_1
0010000111010001_0
0010000111010001_1
0010000111010001_0
0010000111010001_0
0010000111010001_1
0010000111010001_1
0010000111010001_1
0010000111010001_1
0010000111010001_0
0010000111010001_1
0010000111010001_1
0010000111010001_1
0010000111010001_1
0010000111010001_1
0010000111010001_0
0010000111010001_1
0010000111010001_1
1111011011111111_1
1111011011111111_1
1111011011111111_1
1111011011111111_1
1111011011111111_1
1111011011111111_1
1111011011111111_1
1111011011111111_1
1111011011111111_0
1000100110011100_0
1000100110011100_0
1000100110011100_0
1000100110011100_0
1000100110011100_0
1000100110011100_0
1000100110011100_0
1000100110011100_0
1000100110011100_0
1000100110011100_0
1000100110011100_0
1000100110011100_0
1000100110011100_0
1000100110011100_0
1000100110011100_0
1000100110011100_0
1000100110011100_0
1000100110011100_0
1000100110011100_0
1000100110011100_0
0110111101110101_0
0110111101110101_1
0110111101110101_1
0110111101110101_0
0110111101110101_0
0110111101110101_1
0110111101110101_1
0110111101110101_1
0110111101110101_1
0110111101110101_1
0110111101110101_1
0110111101110101_1
0110111101110101_0
0110111101110101_0
0110101101101111_1
0110101101101111_1
0110101101101111_1
0110101101101111_1
0110101101101111_1
0110101101101111_1
0110101101101111_1
0110101101101111_1
0110101101101111_1
0110101101101111_1
0110101101101111_1
0110101101101111_1
0110101101101111_1
0110101101101111_1
0110101101101111_1
0110101101101111_1
0110101101101111_1
0110101101101111_1
0110101101101111_1
0110101101101111_1
0010011000110011_0
0010111000111100_0
0010011000110011_1
0010111000111100_1
0010011000110011_0
0010111000111100_0
0010011000110011_1
0010111000111100_1
0010011000110011_0
0010111000111100_0
0010011000110011_1
0010111000111100_1
0010011000110011_0
0010111000111100_0
0010011000110011_1
0010111000111100_1
0010011000110011_0
0010111000111100_0
0010011000110011_1
0010111000111100_1
0010011000110011_0
0010111000111100_0
0010011000110011_1
0010111000111100_1
0010011000110011_0
0010111000111100_0
0010011000110011_1
0010111000111100_1
0010011000110011_0
0010111000111100_0
0010011000110011_1
0010111000111100_1
0010011000110011_0
0010111000111100_0
0010011000110011_1
0010111000111100_1
0010011000110011_0
0010111000111100_0
0010011000110011_1
0010111000111100_1
0010011000110011_0
0010111000111100_0
0010011000110011_1
0010111000111100_1
0010011000110011_0
0010111000111100_0
0010011000110011_1
0010111000111100_1
0010011000110011_0
0010111000111100_0
0010011000110011_1
0010111000111100_1
0010011000110011_0
0010111000111100_0
0010011000110011_1
0010111000111100_1
0010011000110011_0
0010111000111100_0
0010011000110011_1
0010111000111100_1
0010011000110011_0
0010111000111100_0
0010011000110011_1
0010111000111100_1
0010011000110011_0
0010111000111100_0
0010011000110011_1
0010111000111100_1
0010011000110011_0
0010111000111100_0
0010011000110011_1
0010111000111100_1
0010011000110011_0
0010111000111100_0
0010011000110011_1
0010111000111100_1
0010011000110011_0
0010111000111100_0
0010011000110011_1
0010111000111100_1
0010011000110011_0
0010111000111100_0
0010011000110011_1
0010111000111100_1
0010011000110011_0
0010111000111100_0
0100001111100100_1
0011100110110000_1
0111011001110111_1
1111100011100111_1
0000110010110111_0
0000000111010110_1
1110011011001010_1
1001101010011001_0
1101010100010101_1
1100000010010000_1
0011110111100111_1
0000000011100100_1
1010110100110010_1
0011110101110110_0
0000011000000000_1
1000000110100101_1
0010000101000100_1
1100011111000011_0
1011100010101110_1
1000110011100001_0
1000111110101111_0
0001101001101101_1
0100110000111110_0
1000100000001101_1
1010000110010110_0
1011111100100111_1
0000111011011010_1
0110100000101000_0
0001100101010100_1
1110011011010111_0
1001001010001001_1
0001100100010011_0
0101011101101110_1
1010111111110100_1
1010111111110100_1
1010111111110100_1
1010111111110100_1
1010111111110100_1
1010111111110100_1
1010111111110100_1
1010111111110100_1
1010111111110100_1
1010111111110100_1
1010111111110100_1
1010111111110100_1
1010111111110100_1
1010111111110100_1
1010111111110100_1
1010111111110100_1
1010111111110100_1
1010111111110100_1
1010111111110100_1
1010111111110100_1
1000001011110000_1
1100111111111010_0
1001101000000111_1
1100100111101010_0
0101010110101100_0
0010011001111100_0
1111111010000000_0
1110011111101101_1
1110011001100001_1
0100011101111001_0
0111110011111000_0
0101100101110001_1
0010111010100011_1
0111101001101110_1
1000010001000111_0
0000101001001000_1
1100010000000011_1
0110101110000101_1
1000101001011100_1
0001111111000110_1
1000111000010110_1
0100000001110010_0
0010111101101001_1
0111111100110101_1
1100110010101100_1
1101110100011001_1
0000101100101010_0
0001000010000010_1
1111001001010000_1
0010010101110010_1
0010010101110010_1
0010010101110010_1
0010010101110010_1
0010010101110010_1
0010010101110010_1
0010010101110010_1
0010010101110010_1
0010010101110010_1
0010010101110010_1
0010010101110010_1
0010010101110010_1
0010010101110010_1
0010010101110010_1
0010010101110010_1
0010010101110010_1
0010010101110010_1
0010010101110010_1
0010010101110010_1
0010010101110010_1
0010010101110010_1
0010010101110010_1
0010010101110010_1
0010010101110010_1
0010010101110010_1
0010010101110010_1
0010010101110010_1
0010010101110010_1
0010010101110010_1
0010010101110010_1
0010010101110010_0
1110010111011100_0
1110010111011100_0
1110010111011100_0
1110010111011100_0
1110010111011100_0
1110010111011100_0
1110010111011100_0
1110010111011100_0
1110010111011100_0
1110010111011100_0
1110010111011100_0
1110010111011100_0
1110010111011100_0
1110010111011100_0
1110010111011100_0
1110010111011100_0
1110010111011100_0
1110010111011100_0
1110010111011100_0
1110010111011100_0
0011011111010100_0
0111001010010101_0
0011011111010100_1
0111001010010101_1
0011011111010100_0
0111001010010101_0
0011011111010100_1
0111001010010101_1
0011011111010100_0
0111001010010101_0
0011011111010100_1
0111001010010101_1
0011011111010100_0
0111001010010101_0
0011011111010100_1
0111001010010101_1
0011011111010100_0
0111001010010101_0
0011011111010100_1
0111001010010101_1
0011011111010100_0
0111001010010101_0
0011011111010100_1
0111001010010101_1
0011011111010100_0
0111001010010101_0
0011011111010100_1
0111001010010101_1
0011011111010100_0
0111001010010101_0
0011011111010100_1
0111001010010101_1
0011011111010100_0
0111001010010101_0
0011011111010100_1
0111001010010101_1
0011011111010100_0
0111001010010101_0
0011011111010100_1
0111001010010101_1
0011011111010100_0
0111001010010101_0
0011011111010100_1
0111001010010101_1
0011011111010100_0
0111001010010101_0
0011011111010100_1
0111001010010101_1
1110101000100110_1
1110101000100110_1
1110101000100110_0
1110101000100110_1
1110101000100110_0
1110101000100110_0
1101111111110110_0
0011001011101010_0
1001100111000111_0
1100011010110010_1
0111001001111001_0
0000010101011011_1
1110101111011111_1
1010000111111001_0
1111001101011011_0
0111111001111110_0
1101001011011000_1
0001110001010001_0
0110001101100011_1
1101011100001100_0
1000001110110111_0
1101100101000000_1
0111010000011101_1
0001000101110101_1
1101011101010011_1
1100101011101111_0
0000001101110101_1
0010001010000110_0
1111110111001011_0
1001111110011001_0
0111011000101100_1
0111000101100000_1
1001011100000001_0
1111110111010100_0
0111001001010111_1
1101010110000100_0
0100101011110010_1
0001101111010100_0
0000110000011001_0
1101010010101101_0
0001111011001010_0
1100100101100001_1
1010000011011110_0
0010100010100010_0
1010100010010010_0
0101111011111011_1
0001000001010100_1
1100000111011010_1
1010100111010100_1
0000000101111000_1
0000000101111000_1
0000000101111000_1
0000000101111000_1
0000000101111000_1
0000000101111000_1
0000000101111000_1
0000000101111000_1
0000000101111000_1
0000000101111000_1
0000000101111000_1
0000000101111000_0
0011011111001001_1
0000000101111000_1
0000000101111000_1
0000000101111000_1
0000000101111000_1
0000000101111000_1
0000000101111000_1
0000000101111000_1
0000000101111000_1
0000000101111000_1
0000000101111000_1
0000000101111000_1
0000000101111000_0
0011011111001001_1
0000000101111000_1
0000000101111000_1
0000000101111000_1
0000000101111000_1
0000000101111000_1
0000000101111000_1
0000000101111000_1
0000000101111000_1
0000000101111000_1
0000000101111000_1
0000000101111000_1
0000000101111000_0
0011011111001001_1
0011011111001001_0
1011001111110011_0
1011001111110011_0
1011001111110011_1
1011001111110011_0
1011001111110011_1
1011001111110011_0
1011001111110011_1
1011001111110011_0
1011111011010100_0
1110010010000111_0
1011111011010100_1
1110010010000111_1
1011111011010100_0
1110010010000111_0
1011111011010100_1
1110010010000111_1
1011111011010100_0
1110010010000111_0
1011111011010100_1
1110010010000111_1
1011111011010100_0
1110010010000111_0
1011111011010100_1
1110010010000111_1
1011111011010100_0
1110010010000111_0
1011111011010100_1
1110010010000111_1
1011111011010100_0
1110010010000111_0
1011111011010100_1
1110010010000111_1
1011111011010100_0
1110010010000111_0
1011111011010100_1
1110010010000111_1
1011111011010100_0
1110010010000111_0
1011111011010100_1
1110010010000111_1
1011111011010100_0
1110010010000111_0
1011111011010100_1
1110010010000111_1
1011111011010100_0
1110010010000111_0
1011111011010100_1
1110010010000111_1
1011111011010100_0
1110010010000111_0
1011111011010100_1
1110010010000111_1
1011111011010100_0
1110010010000111_0
1011111011010100_1
1110010010000111_1
1011111011010100_0
1110010010000111_0
1011111011010100_1
1110010010000111_1
1011111011010100_0
1110010010000111_0
1011111011010100_1
1110010010000111_1
1011111011010100_0
1110010010000111_0
1011111011010100_1
1110010010000111_1
1111001011110110_0
1111001011110110_1
1111001011110110_0
1111001011110110_1
1111001011110110_0
1111001011110110_1
1111001011110110_0
1111001011110110_1
1111001011110110_0
1111001011110110_1
1111001011110110_0
1111001011110110_1
1111001011110110_0
1111001011110110_1
1111001011110110_0
1111001011110110_1
1111001011110110_0
1111001011110110_1
1111001011110110_0
1111001011110110_1
1111001011110110_0
0111111011111011_1
0111111011111011_1
0111111011111011_1
0111111011111011_1
0111111011111011_1
0111111011111011_1
0111111011111011_1
0111111011111011_1
0111111011111011_1
0111111011111011_1
0111111011111011_1
0111111011111011_1
0111111011111011_1
0111111011111011_1
0111111011111011_1
0111111011111011_1
0111111011111011_1
0111111011111011_1
0111111011111011_1
0111111011111011_1
0001010011010000_1
0001010011010000_1
0001010011010000_1
0001010011010000_1
0001010011010000_1
0001010011010000_1
0001010011010000_1
0001010011010000_1
0001010011010000_1
0001010011010000_1
0001010011010000_1
0001010011010000_1
0001010011010000_1
0001010011010000_1
0001010011010000_1
0001010011010000_1
0001010011010000_1
0001010011010000_1
0001010011010000_1
0001010011010000_1
0001000111011000_1
0001000111011000_1
0001000111011000_1
0001000111011000_1
0001000111011000_1
0001000111011000_1
0001000111011000_1
0001000111011000_1
0001000111011000_1
0001000111011000_1
0001000111011000_1
0001000111011000_1
0001000111011000_1
0001000111011000_1
0001000111011000_1
0001000111011000_1
0001000111011000_1
0001000111011000_1
0001000111011000_1
0001000111011000_1
0010000000001010_0
0010000000001010_0
0010000000001010_0
0010000000001010_0
0010000000001010_0
0010000000001010_0
0010000000001010_0
0010000000001010_0
0010000000001010_0
0010000000001010_0
0010000000001010_0
0010000000001010_0
0010000000001010_0
0010000000001010_0
0010000000001010_0
0010000000001010_0
0010000000001010_0
0010000000001010_0
0010000000001010_0
0010000000001010_0
1000001110010111_1
1000001110010111_1
1000001110010111_1
1000001110010111_1
1000001110010111_1
1000001110010111_1
1000001110010111_1
1000001110010111_1
1000001110010111_1
1000001110010111_1
1000001110010111_1
1000001110010111_1
1000001110010111_1
1000001110010111_1
1000001110010111_1
1000001110010111_1
1000001110010111_1
1000001110010111_0
1010110110011010_0
1010110110011010_0
1010110110011010_1
1010110110011010_0
1010110110011010_1
1010110110011010_1
1010110110011010_1
1010110110011010_0
1010110110011010_0
1010110110011010_0
1010110110011010_0
1010110110011010_1
1010110110011010_1
1010110110011010_0
1010110110011010_0
1000000010001001_1
1000000010001001_1
1000000010001001_1
1000000010001001_1
1000000010001001_1
1000000010001001_1
1000000010001001_1
1000000010001001_1
1000000010001001_1
1000000010001001_1
1000000010001001_1
1000000010001001_1
1000000010001001_1
1000000010001001_1
1000000010001001_1
1000000010001001_1
1000000010001001_1
1000000010001001_1
1000000010001001_1
1000000010001001_1
1111110010101000_1
1111110010101000_1
1111110010101000_1
1111110010101000_1
1111110010101000_1
1111110010101000_1
1111110010101000_1
1111110010101000_1
1111110010101000_1
1111110010101000_1
1111110010101000_1
1111110010101000_1
1111110010101000_1
1111110010101000_1
1111110010101000_1
1111110010101000_1
1111110010101000_1
1111110010101000_1
1111110010101000_1
1111110010101000_1
0101110110101010_1
0101110110101010_1
0101110110101010_1
0101110110101010_1
0101110110101010_1
0101110110101010_1
0101110110101010_1
0101110110101010_1
0101110110101010_1
0101110110101010_1
0101110110101010_1
0101110110101010_1
0101110110101010_0
1111111000111010_1
0101110110101010_1
0101110110101010_1
0101110110101010_1
0101110110101010_1
0101110110101010_1
0101110110101010_1
0101110110101010_1
0101110110101010_1
0101110110101010_1
0101110110101010_1
0101110110101010_1
0101110110101010_1
0101110110101010_0
1111111000111010_1
1111111000111010_0
1010011111010101_1
1010011111010101_1
1010011111010101_1
1010011111010101_1
1010011111010101_1
1010011111010101_1
1010011111010101_1
1010011111010101_1
1010011111010101_1
1010011111010101_1
1010011111010101_1
1010011111010101_1
1010011111010101_1
1010011111010101_1
1010011111010101_1
1010011111010101_1
1010011111010101_1
1010011111010101_0
0111100011100111_1
1010011111010101_1
1010011111010101_1
1010011111010101_1
1010011111010101_1
1010011111010101_1
1010011111010101_1
1010011111010101_1
1010011111010101_1
1010011111010101_1
1010011111010101_1
1010011111010101_1
1010011111010101_1
1010011111010101_1
1010011111010101_1
1010011111010101_1
1010011111010101_1
1010011111010101_1
1010011111010101_0
0111100011100111_1
1010011111010101_1
1010011111010101_1
1010011111010101_1
1010011111010101_1
1010011111010101_1
1010011111010101_1
1010011111010101_1
1010011111010101_1
1010011111010101_1
1010011111010101_1
1010011111010101_1
1010011111010101_1
1010011111010101_1
1010011111010101_1
1010011111010101_1
1010011111010101_1
1010011111010101_1
1010011111010101_0
0111100011100111_1
1010011111010101_1
1010011111010101_1
1010011111010101_1
1010011111010101_1
1010011111010101_1
1010011111010101_1
1010011111010101_1
1010011111010101_1
1010011111010101_1
1010011111010101_1
1010011111010101_1
1010011111010101_1
1010011111010101_1
1010011111010101_1
1010011111010101_1
1010011111010101_1
1010011111010101_1
1010011111010101_0
0111100011100111_1
1010011111010101_1
1010011111010101_1
1010011111010101_1
1010011111010101_1
1010011111010101_1
1010011111010101_1
1010011111010101_1
1010011111010101_1
1010011111010101_1
1010011111010101_1
1010011111010101_1
1010011111010101_1
1010011111010101_1
1010011111010101_1
1010011111010101_1
1010011111010101_1
1010011111010101_1
1010011111010101_0
0111100011100111_1
1010011111010101_1
1010011111010101_1
1010011111010101_1
1010011111010101_1
1010011111010101_1
1010011111010101_1
1010011111010101_1
1010011111010101_1
1010011111010101_1
1010011111010101_1
1010011111010101_1
1010011111010101_1
1010011111010101_1
1010011111010101_1
1010011111010101_1
1010011111010101_1
1010011111010101_1
1010011111010101_0
0111100011100111_1
1010011111010101_1
1010011111010101_1
1010011111010101_1
1010011111010101_1
1010011111010101_1
1010011111010101_1
1010011111010101_1
1010011111010101_1
1010011111010101_1
1010011111010101_1
1010011111010101_1
1010011111010101_1
1010011111010101_1
1010011111010101_1
1010011111010101_1
1010011111010101_1
1010011111010101_1
1010011111010101_0
0111100011100111_1
0111100011100111_0
0010100001110100_0
0010100001110100_1
0010100001110100_0
0010100001110100_1
0010100001110100_0
0010100001110100_1
0010100001110100_0
0010100001110100_1
0010100001110100_0
0010100001110100_1
0010100001110100_0
0010100001110100_1
0010100001110100_0
0010100001110100_1
0010100001110100_0
0010100001110100_1
0010100001110100_0
0010100001110100_1
0010100001110100_0
0010100001110100_1
0010100001110100_0
0010100001110100_1
0010100001110100_0
0010100001110100_1
0010100001110100_0
0010100001110100_1
0010100001110100_0
0010100001110100_1
0010100001110100_0
0010100001110100_1
0010100001110100_0
0010100001110100_1
0010100001110100_0
0010100001110100_1
0010100001110100_0
0010100001110100_1
0010100001110100_0
0010100001110100_1
0010100001110100_0
0010100001110100_1
0010100001110100_0
0010100001110100_1
0010100001110100_0
0010100001110100_1
0010100001110100_0
0010100001110100_1
0010100001110100_0
0010100001110100_1
0010100001110100_0
0010100001110100_1
0010100001110100_0
0010100001110100_1
1100100010001010_0
0101000111100011_0
1100100010001010_1
0101000111100011_1
1100100010001010_0
0101000111100011_0
1100100010001010_1
0101000111100011_1
1100100010001010_0
0101000111100011_0
1100100010001010_1
0101000111100011_1
1100100010001010_0
0101000111100011_0
1100100010001010_1
0101000111100011_1
1100100010001010_0
0101000111100011_0
1100100010001010_1
0101000111100011_1
1100100010001010_0
0101000111100011_0
1100100010001010_1
0101000111100011_1
1100100010001010_0
0101000111100011_0
1100100010001010_1
0101000111100011_1
1100100010001010_0
0101000111100011_0
1100100010001010_1
0101000111100011_1
1100100010001010_0
0101000111100011_0
1100100010001010_1
0101000111100011_1
1100100010001010_0
0101000111100011_0
1100100010001010_1
0101000111100011_1
1100100010001010_0
0101000111100011_0
1100100010001010_1
0101000111100011_1
1100100010001010_0
0101000111100011_0
1100100010001010_1
0101000111100011_1
1100100010001010_0
0101000111100011_0
1100100010001010_1
0101000111100011_1
1100100010001010_0
0101000111100011_0
1100100010001010_1
0101000111100011_1
1100100010001010_0
0101000111100011_0
1100100010001010_1
0101000111100011_1
1100100010001010_0
0101000111100011_0
1100100010001010_1
0101000111100011_1
1100100010001010_0
0101000111100011_0
0001000101010110_1
0001000101010110_1
0001000101010110_1
0001000101010110_1
0001000101010110_0
0001000101010110_1
0001000101010110_1
0001000101010110_0
0001000101010110_0
0001000101010110_1
0001000101010110_1
0001000101010110_1
0001000101010110_0
0001000101010110_1
0001000101010110_0
1001011001111101_0
1001011001111101_0
1001011001111101_1
1001011001111101_1
1001011001111101_1
1001011001111101_1
1001011001111101_0
1001011001111101_0
1001011001111101_1
1001011001111101_0
1001011001111101_0
1001011001111101_0
1001011001111101_1
1110110110000110_1
1110110110000110_1
1110110110000110_1
1110110110000110_1
1110110110000110_1
1110110110000110_1
1110110110000110_1
1110110110000110_1
0010011001110101_0
1011111010010101_0
0010011001110101_1
1011111010010101_1
0010011001110101_0
1011111010010101_0
0010011001110101_1
1011111010010101_1
0010011001110101_0
1011111010010101_0
0010011001110101_1
1011111010010101_1
0010011001110101_0
1011111010010101_0
0010011001110101_1
1011111010010101_1
0010011001110101_0
1011111010010101_0
0010011001110101_1
1011111010010101_1
0010011001110101_0
1011111010010101_0
0010011001110101_1
1011111010010101_1
0010011001110101_0
1011111010010101_0
0010011001110101_1
1011111010010101_1
0010011001110101_0
1011111010010101_0
0010011001110101_1
1011111010010101_1
0010011001110101_0
1011111010010101_0
0010011001110101_1
1011111010010101_1
0010011001110101_0
1011111010010101_0
0010011001110101_1
1011111010010101_1
0010011001110101_0
1011111010010101_0
0010011001110101_1
1011111010010101_1
0010011001110101_0
1011111010010101_0
0010011001110101_1
1011111010010101_1
0010011001110101_0
1011111010010101_0
0010011001110101_1
1011111010010101_1
0010011001110101_0
1011111010010101_0
0010011001110101_1
1011111010010101_1
0010011001110101_0
1011111010010101_0
0010011001110101_1
1011111010010101_1
0010011001110101_0
1011111010010101_0
0010011001110101_1
1011111010010101_1
0010011001110101_0
1011111010010101_0
0010011001110101_1
1011111010010101_1
0011011000101000_1
0110111101101111_0
1011110011000111_1
0100100001100001_0
0110100001101111_1
0001001110010011_0
0000010111010011_1
1101000101100111_1
0101111011001011_1
0010011111100111_0
1111110111000010_1
1111110111000010_1
1111110111000010_1
1111110111000010_1
1111110111000010_1
1111110111000010_1
1111110111000010_1
1111110111000010_1
1111110111000010_1
1111110111000010_1
1111110111000010_1
1111110111000010_1
1111110111000010_1
1111110111000010_1
1111110111000010_1
1111110111000010_1
1111110111000010_1
1111110111000010_1
1111110111000010_1
1111110111000010_1
1111110111000010_1
1111110111000010_1
1111110111000010_1
1111110111000010_1
1111110111000010_1
1111110111000010_1
1111110111000010_1
1111110111000010_1
1111110111000010_1
1111110111000010_1
1111110111000010_1
1111110111000010_1
1111110111000010_1
1111110111000010_1
1111110111000010_1
1111110111000010_1
1111110111000010_1
1111110111000010_1
1111110111000010_1
1111110111000010_1
1111110111000010_0
0010000001100101_0
0010000001100101_0
0010000001100101_0
0010000001100101_0
0010000001100101_0
0010000001100101_0
0010000001100101_0
0010000001100101_0
0010000001100101_0
0010000001100101_0
0010000001100101_0
0010000001100101_0
0010000001100101_0
0010000001100101_0
0010000001100101_0
0010000001100101_0
0010000001100101_0
0010000001100101_0
0010000001100101_0
0010000001100101_0
0011001111101001_1
0011001111101001_1
0011001111101001_1
0011001111101001_1
0011001111101001_1
0011001111101001_1
0011001111101001_1
0011001111101001_1
0011001111101001_1
0011001111101001_1
0011001111101001_1
0011001111101001_1
0011001111101001_1
0011001111101001_1
0011001111101001_1
0011001111101001_1
0011001111101001_1
0011001111101001_1
0011001111101001_1
0011001111101001_1
0100111100100001_1
0100111100100001_1
0100111100100001_1
0100111100100001_1
0100111100100001_1
0100111100100001_1
0100111100100001_1
0100111100100001_1
0100111100100001_1
0100111100100001_1
0100111100100001_1
0100111100100001_1
0100111100100001_1
0100111100100001_1
0100111100100001_1
0100111100100001_1
0100111100100001_1
0100111100100001_1
0100111100100001_1
0100111100100001_1
0101001111001111_1
0101001111001111_1
0101001111001111_1
0101001111001111_0
0101001111001111_1
0101001111001111_0
0101001111001111_1
0101001111001111_1
0101001111001111_0
0101001111001111_0
0101001111001111_1
0101001111001111_1
0101001111001111_0
0000001100000010_0
1101111001001010_0
0000001100000010_1
1101111001001010_1
0000001100000010_0
1101111001001010_0
0000001100000010_1
1101111001001010_1
0000001100000010_0
1101111001001010_0
0000001100000010_1
1101111001001010_1
0000001100000010_0
1101111001001010_0
0000001100000010_1
1101111001001010_1
0000001100000010_0
1101111001001010_0
0000001100000010_1
1101111001001010_1
0000001100000010_0
1101111001001010_0
0000001100000010_1
1101111001001010_1
0000001100000010_0
1101111001001010_0
0000001100000010_1
1101111001001010_1
0000001100000010_0
1101111001001010_0
0000001100000010_1
1101111001001010_1
0000001100000010_0
1101111001001010_0
0000001100000010_1
1101111001001010_1
0000001100000010_0
1101111001001010_0
0000001100000010_1
1101111001001010_1
0000001100000010_0
1101111001001010_0
0000001100000010_1
1101111001001010_1
0000001100000010_0
1101111001001010_0
0000001100000010_1
1101111001001010_1
0000001100000010_0
1101111001001010_0
0000001100000010_1
1101111001001010_1
0000001100000010_0
1101111001001010_0
0000001100000010_1
1101111001001010_1
0000001100000010_0
1101111001001010_0
0000001100000010_1
1101111001001010_1
0000001100000010_0
1101111001001010_0
0000001100000010_1
1101111001001010_1
0000001100000010_0
1101111001001010_0
0010111001010100_0
0010111001010100_1
0010111001010100_1
0010111001010100_0
0010111001010100_0
0010111001010100_0
0010111001010100_1
0010111001010100_0
0010111001010100_1
0010111001010100_0
0010111001010100_1
0010111001010100_1
0010111001010100_0
0010111001010100_0
0010111001010100_1
0010111001010100_0
1001101001101101_0
0100000011011000_0
1001101001101101_1
0100000011011000_1
1001101001101101_0
0100000011011000_0
1001101001101101_1
0100000011011000_1
1001101001101101_0
0100000011011000_0
1001101001101101_1
0100000011011000_1
1001101001101101_0
0100000011011000_0
1001101001101101_1
0100000011011000_1
1001101001101101_0
0100000011011000_0
1001101001101101_1
0100000011011000_1
1001101001101101_0
0100000011011000_0
1001101001101101_1
0100000011011000_1
1001101001101101_0
0100000011011000_0
1001101001101101_1
0100000011011000_1
1001101001101101_0
0100000011011000_0
1001101001101101_1
0100000011011000_1
1001101001101101_0
0100000011011000_0
1001101001101101_1
0100000011011000_1
1001101001101101_0
0100000011011000_0
1001101001101101_1
0100000011011000_1
1001101001101101_0
0100000011011000_0
1001101001101101_1
0100000011011000_1
1001101001101101_0
0100000011011000_0
1001101001101101_1
0100000011011000_1
1001101001101101_0
0100000011011000_0
1001101001101101_1
0100000011011000_1
1001101001101101_0
0100000011011000_0
1001101001101101_1
0100000011011000_1
1001101001101101_0
0100000011011000_0
1001101001101101_1
0100000011011000_1
1001101001101101_0
0100000011011000_0
1001101001101101_1
0100000011011000_1
1001101001101101_0
0100000011011000_0
1001101001101101_1
0100000011011000_1
1001101001101101_0
0100000011011000_0
1001101001101101_1
0100000011011000_1
1001101001101101_0
0100000011011000_0
1001101001101101_1
0100000011011000_1
1001101001101101_0
0100000011011000_0
1001101001101101_1
0100000011011000_1
1001101001101101_0
0100000011011000_0
1001101001101101_1
0100000011011000_1
1001101001101101_0
0100000011011000_0
1001101001101101_1
0100000011011000_1
1001101001101101_0
0100000011011000_0
1001101001101101_1
0100000011011000_1
1001101001101101_0
0100000011011000_0
1001101001101101_1
0100000011011000_1
1001101001101101_0
0100000011011000_0
1010000100001001_0
1010000100001001_0
1010000100001001_0
1010000100001001_0
1010000100001001_0
1010000100001001_0
1010000100001001_0
1010000100001001_0
1010000100001001_0
1010000100001001_0
1010000100001001_0
1010000100001001_0
1010000100001001_0
1010000100001001_0
1010000100001001_0
1010000100001001_0
1010000100001001_0
1010000100001001_0
1010000100001001_0
1010000100001001_0
1100011010011010_1
1100011010011010_1
1100011010011010_1
1100011010011010_1
1100011010011010_1
1100011010011010_1
1100011010011010_1
1100011010011010_1
1100011010011010_1
1100011010011010_1
1100011010011010_0
1100111100011000_1
1100111100011000_1
1100111100011000_1
1100111100011000_1
1100111100011000_1
1100111100011000_1
1100111100011000_1
1100111100011000_1
1100111100011000_1
1100111100011000_1
1100111100011000_1
1100111100011000_1
1100111100011000_1
1100111100011000_1
1100111100011000_1
1100111100011000_1
1100111100011000_1
1100111100011000_1
1100111100011000_0
0111000110110011_1
1100111100011000_1
1100111100011000_1
1100111100011000_1
1100111100011000_1
1100111100011000_1
1100111100011000_1
1100111100011000_1
1100111100011000_1
1100111100011000_1
1100111100011000_1
1100111100011000_1
1100111100011000_1
1100111100011000_1
1100111100011000_1
1100111100011000_1
1100111100011000_1
1100111100011000_1
1100111100011000_1
1100111100011000_0
0111000110110011_1
1100111100011000_1
1100111100011000_1
1100111100011000_1
1100111100011000_1
1100111100011000_1
1100111100011000_1
1100111100011000_1
1100111100011000_1
1100111100011000_1
1100111100011000_1
1100111100011000_1
1100111100011000_1
1100111100011000_1
1100111100011000_1
1100111100011000_1
1100111100011000_1
1100111100011000_1
1100111100011000_1
1100111100011000_0
0111000110110011_1
1100111100011000_1
1100111100011000_1
1100111100011000_1
1100111100011000_1
1100111100011000_1
1100111100011000_1
1100111100011000_1
1100111100011000_1
1100111100011000_1
1100111100011000_1
1100111100011000_1
1100111100011000_1
1100111100011000_1
1100111100011000_1
1100111100011000_1
1100111100011000_1
1100111100011000_1
1100111100011000_1
1100111100011000_0
0111000110110011_1
1100111100011000_1
1100111100011000_1
1100111100011000_1
1100111100011000_1
1100111100011000_1
1100111100011000_1
1100111100011000_1
1100111100011000_1
1100111100011000_1
1100111100011000_1
1100111100011000_1
1100111100011000_1
1100111100011000_1
1100111100011000_1
1100111100011000_1
1100111100011000_1
1100111100011000_1
1100111100011000_1
1100111100011000_0
0111000110110011_1
0111000110110011_0
0001010101011011_1
0001010101011011_1
0001010101011011_1
0001010101011011_1
0001010101011011_1
0001010101011011_1
0001010101011011_1
0001010101011011_1
0001010101011011_1
0001010101011011_1
0001010101011011_1
0001010101011011_1
0001010101011011_1
0001010101011011_1
0001010101011011_1
0001010101011011_1
0001010101011011_1
0001010101011011_1
0001010101011011_1
0001010101011011_0
0110111110101111_1
0001010101011011_1
0001010101011011_1
0001010101011011_1
0001010101011011_1
0001010101011011_1
0001010101011011_1
0001010101011011_1
0001010101011011_1
0001010101011011_1
0001010101011011_1
0001010101011011_1
0001010101011011_1
0001010101011011_1
0001010101011011_1
0001010101011011_1
0001010101011011_1
0001010101011011_1
0001010101011011_1
0001010101011011_1
0001010101011011_0
0110111110101111_1
0001010101011011_1
0001010101011011_1
0001010101011011_1
0001010101011011_1
0001010101011011_1
0001010101011011_1
0001010101011011_1
0001010101011011_1
0001010101011011_1
0001010101011011_1
0001010101011011_1
0001010101011011_1
0001010101011011_1
0001010101011011_1
0001010101011011_1
0001010101011011_1
0001010101011011_1
0001010101011011_1
0001010101011011_1
0001010101011011_0
0110111110101111_1
0001010101011011_1
0001010101011011_1
0001010101011011_1
0001010101011011_1
0001010101011011_1
0001010101011011_1
0001010101011011_1
0001010101011011_1
0001010101011011_1
0001010101011011_1
0001010101011011_1
0001010101011011_1
0001010101011011_1
0001010101011011_1
0001010101011011_1
0001010101011011_1
0001010101011011_1
0001010101011011_1
0001010101011011_1
0001010101011011_0
0110111110101111_1
0001010101011011_1
0001010101011011_1
0001010101011011_1
0001010101011011_1
0001010101011011_1
0001010101011011_1
0001010101011011_1
0001010101011011_1
0001010101011011_1
0001010101011011_1
0001010101011011_1
0001010101011011_1
0001010101011011_1
0001010101011011_1
0001010101011011_1
0001010101011011_1
0001010101011011_1
0001010101011011_1
0001010101011011_1
0001010101011011_0
0110111110101111_1
0001010101011011_1
0001010101011011_1
0001010101011011_1
0001010101011011_1
0001010101011011_1
0001010101011011_1
0001010101011011_1
0001010101011011_1
0001010101011011_1
0001010101011011_1
0001010101011011_1
0001010101011011_1
0001010101011011_1
0001010101011011_1
0001010101011011_1
0001010101011011_1
0001010101011011_1
0001010101011011_1
0001010101011011_1
0001010101011011_0
0110111110101111_1
0001010101011011_1
0001010101011011_1
0001010101011011_1
0001010101011011_1
0001010101011011_1
0001010101011011_1
0001010101011011_1
0001010101011011_1
0001010101011011_1
0001010101011011_1
0001010101011011_1
0001010101011011_1
0001010101011011_1
0001010101011011_1
0001010101011011_1
0001010101011011_1
0001010101011011_1
0001010101011011_1
0001010101011011_1
0001010101011011_0
0110111110101111_1
0001010101011011_1
0001010101011011_1
0001010101011011_1
0001010101011011_1
0001010101011011_1
0001010101011011_1
0001010101011011_1
0001010101011011_1
0001010101011011_1
0001010101011011_1
0001010101011011_1
0001010101011011_1
0001010101011011_1
0001010101011011_1
0001010101011011_1
0001010101011011_1
0001010101011011_1
0001010101011011_1
0001010101011011_1
0001010101011011_0
0110111110101111_1
0110111110101111_0
1011011111101010_1
1011011111101010_1
1011011111101010_1
1011011111101010_1
1011011111101010_1
1011011111101010_1
1011011111101010_1
1011011111101010_0
1100010001100100_1
1011011111101010_1
1011011111101010_1
1011011111101010_1
1011011111101010_1
1011011111101010_1
1011011111101010_1
1011011111101010_1
1011011111101010_0
1100010001100100_1
1011011111101010_1
1011011111101010_1
1011011111101010_1
1011011111101010_1
1011011111101010_1
1011011111101010_1
1011011111101010_1
1011011111101010_0
1100010001100100_1
1100010001100100_0
0110001010011011_0
0001010100001010_0
0110001010011011_1
0001010100001010_1
0110001010011011_0
0001010100001010_0
0110001010011011_1
0001010100001010_1
0110001010011011_0
0001010100001010_0
0110001010011011_1
0001010100001010_1
0110001010011011_0
0001010100001010_0
0110001010011011_1
0001010100001010_1
0110001010011011_0
0001010100001010_0
0110001010011011_1
0001010100001010_1
0110001010011011_0
0001010100001010_0
0110001010011011_1
0001010100001010_1
0110001010011011_0
0001010100001010_0
0110001010011011_1
0001010100001010_1
0110001010011011_0
0001010100001010_0
0110001010011011_1
0001010100001010_1
0110001010011011_0
0001010100001010_0
0110001010011011_1
0001010100001010_1
0110001010011011_0
0001010100001010_0
0110001010011011_1
0001010100001010_1
0110001010011011_0
0001010100001010_0
0110001010011011_1
0001010100001010_1
0110001010011011_0
0001010100001010_0
0110001010011011_1
0001010100001010_1
0110001010011011_0
0001010100001010_0
0110001010011011_1
0001010100001010_1
0110001010011011_0
0001010100001010_0
0110001010011011_1
0001010100001010_1
0110001010011011_0
0001010100001010_0
0110001010011011_1
0001010100001010_1
0110001010011011_0
0001010100001010_0
0110001010011011_1
0001010100001010_1
0110001010011011_0
0001010100001010_0
0110001010011011_1
0001010100001010_1
0110001010011011_0
0001010100001010_0
0110001010011011_1
0001010100001010_1
0110001010011011_0
0001010100001010_0
0110001010011011_1
0001010100001010_1
0110001010011011_0
0001010100001010_0
0110001010011011_1
0001010100001010_1
0110001010011011_0
0001010100001010_0
0011110001000111_0
0011110001000111_1
0011110001000111_0
0011110001000111_1
0011110001000111_0
0011110001000111_1
0011110001000111_0
0011110001000111_1
0011110001000111_0
0011110001000111_1
0011110001000111_0
0011110001000111_1
0011110001000111_0
0011110001000111_1
0011110001000111_0
0011110001000111_1
0011110001000111_0
0011110001000111_1
0011110001000111_0
0011110001000111_1
0011110001000111_0
0011110001000111_1
0011110001000111_0
0011110001000111_1
0011110001000111_0
0011110001000111_1
0011110001000111_0
0011110001000111_1
0011110001000111_0
0011110001000111_1
0011110001000111_0
0011110001000111_1
0011110001000111_0
0011110001000111_1
0011110001000111_0
0011110001000111_1
0011110001000111_0
0011110001000111_1
0011110001000111_0
0011110001000111_1
0011110001000111_0
0011110001000111_1
0011110001000111_0
0011110001000111_1
1001110011001000_0
1001110011001000_0
1001110011001000_0
1001110011001000_0
1001110011001000_0
1001110011001000_0
1001110011001000_0
1001110011001000_0
1001110011001000_0
1001110011001000_0
1001110011001000_0
1001110011001000_0
1001110011001000_0
1001110011001000_0
1001110011001000_0
1001110011001000_0
1001110011001000_0
1001110011001000_0
1001110011001000_0
1001110011001000_0
1001110111001101_1
1001110111001101_1
1001110111001101_1
1001110111001101_1
1001110111001101_1
1001110111001101_1
1001110111001101_1
1001110111001101_1
1001110111001101_1
1001110111001101_1
1001110111001101_1
1001110111001101_1
1001110111001101_1
1001110111001101_1
1001110111001101_1
1001110111001101_1
1001110111001101_1
1001110111001101_1
1001110111001101_1
1001110111001101_1
1101100111111010_1
1100011101000110_1
1101100111111010_0
1100011101000110_0
1101100111111010_1
1100011101000110_1
1101100111111010_0
1100011101000110_0
1101100111111010_1
1100011101000110_1
1101100111111010_0
1100011101000110_0
1101100111111010_1
1100011101000110_1
1101100111111010_0
1100011101000110_0
1101100111111010_1
1100011101000110_1
1101100111111010_0
1100011101000110_0
1101100111111010_1
1100011101000110_1
1101100111111010_0
1100011101000110_0
1101100111111010_1
1100011101000110_1
1101100111111010_0
1100011101000110_0
1101100111111010_1
1100011101000110_1
1101100111111010_0
1100011101000110_0
1101100111111010_1
1100011101000110_1
1101100111111010_0
1100011101000110_0
1101100111111010_1
1100011101000110_1
1101100111111010_0
1100011101000110_0
1101100111111010_1
1100011101000110_1
1101100111111010_0
1100011101000110_0
1101100111111010_1
1100011101000110_1
1101100111111010_0
1100011101000110_0
1101100111111010_1
1100011101000110_1
1101100111111010_0
1100011101000110_0
1101100111111010_1
1100011101000110_1
1101100111111010_0
1100011101000110_0
1101100111111010_1
1100011101000110_1
1101100111111010_0
1100011101000110_0
1101100111111010_1
1100011101000110_1
1101100111111010_0
1100011101000110_0
1101100111111010_1
1100011101000110_1
1101100111111010_0
1100011101000110_0
0101101110000110_0
0101101110000110_0
0101101110000110_0
0101101110000110_0
0101101110000110_0
0101101110000110_0
0101101110000110_0
0101101110000110_0
0101101110000110_0
0101101110000110_0
0101101110000110_0
0101101110000110_0
0101101110000110_0
0101101110000110_0
0101101110000110_0
0101101110000110_0
0101101110000110_0
0101101110000110_0
0101101110000110_0
0101101110000110_0
0000000111001011_1
0000000111001011_1
0000000111001011_1
0000000111001011_1
0000000111001011_1
0000000111001011_1
0000000111001011_1
0000000111001011_1
0000000111001011_1
0000000111001011_1
0000000111001011_1
0000000111001011_1
0000000111001011_1
0000000111001011_1
0000000111001011_1
0000000111001011_1
0000000111001011_1
0000000111001011_1
0000000111001011_1
0000000111001011_1
0000000111001011_1
0000000111001011_1
0000000111001011_1
0000000111001011_1
0000000111001011_1
0000000111001011_1
0000000111001011_1
0000000111001011_1
0000000111001011_1
0000000111001011_1
0000000111001011_1
0000000111001011_1
0000000111001011_1
0000000111001011_1
0000000111001011_1
0000000111001011_1
0000000111001011_0
0111100001110010_0
0111100001110010_0
0111100001110010_0
0111100001110010_0
0111100001110010_0
0111100001110010_0
0111100001110010_0
0111100001110010_0
0111100001110010_0
0111100001110010_0
0111100001110010_0
0111100001110010_0
0111100001110010_0
0111100001110010_0
0111100001110010_0
0111100001110010_0
0111100001110010_0
0111100001110010_0
0111100001110010_0
0111100001110010_0
1110101010100100_0
1110101010100100_0
1110101010100100_0
1110101010100100_0
1110101010100100_0
1110101010100100_0
1110101010100100_0
1110101010100100_0
1110101010100100_0
1110101010100100_0
1110101010100100_0
1110101010100100_0
1110101010100100_0
1110101010100100_0
1110101010100100_0
1110101010100100_0
1110101010100100_0
1110101010100100_0
1110101010100100_0
1110101010100100_0
1100110011111001_1
1100110011111001_1
1100110011111001_1
1100110011111001_1
1100110011111001_1
1100110011111001_0
1111001001001001_1
1100110011111001_1
1100110011111001_1
1100110011111001_1
1100110011111001_1
1100110011111001_1
1100110011111001_0
1111001001001001_1
1100110011111001_1
1100110011111001_1
1100110011111001_1
1100110011111001_1
1100110011111001_1
1100110011111001_0
1111001001001001_1
1111001001001001_0
1101110001110111_1
1101110001110111_1
1101110001110111_1
1101110001110111_1
1101110001110111_1
1101110001110111_0
1011011110010111_1
1101110001110111_1
1101110001110111_1
1101110001110111_1
1101110001110111_1
1101110001110111_1
1101110001110111_0
1011011110010111_1
1101110001110111_1
1101110001110111_1
1101110001110111_1
1101110001110111_1
1101110001110111_1
1101110001110111_0
1011011110010111_1
1101110001110111_1
1101110001110111_1
1101110001110111_1
1101110001110111_1
1101110001110111_1
1101110001110111_0
1011011110010111_1
1101110001110111_1
1101110001110111_1
1101110001110111_1
1101110001110111_1
1101110001110111_1
1101110001110111_0
1011011110010111_1
1101110001110111_1
1101110001110111_1
1101110001110111_1
1101110001110111_1
1101110001110111_1
1101110001110111_0
1011011110010111_1
1101110001110111_1
1101110001110111_1
1101110001110111_1
1101110001110111_1
1101110001110111_1
1101110001110111_0
1011011110010111_1
1011011110010111_0
0001010011011111_0
0001010011011111_0
0001010011011111_0
0001010011011111_0
0001010011011111_0
0001010011011111_0
0001010011011111_0
0001010011011111_0
0001010011011111_0
0001010011011111_0
0001010011011111_0
0001010011011111_0
0001010011011111_0
0001010011011111_0
0001010011011111_0
0001010011011111_0
0001010011011111_0
0001010011011111_0
0001010011011111_0
0001010011011111_0
0100001010110010_1
0100001010110010_1
0100001010110010_1
0100001010110010_1
0100001010110010_1
0100001010110010_1
0100001010110010_1
0100001010110010_1
0100001010110010_1
0100001010110010_1
0100001010110010_0
0010100011110001_0
0010100011110001_1
0010100011110001_0
0010100011110001_1
0010100011110001_0
0010100011110001_1
0010100011110001_0
0010100011110001_1
0010100011110001_0
0010100011110001_1
0010100011110001_0
0010100011110001_1
0010100011110001_0
0010100011110001_1
0010100011110001_0
0010100011110001_1
0010100011110001_0
0010100011110001_1
0010100011110001_0
0010100011110001_1
0010100011110001_0
0010100011110001_1
0010100011110001_0
0100010110111010_1
0100010110111010_1
0100010110111010_1
0100010110111010_1
0100010110111010_1
0100010110111010_1
0100010110111010_1
0100010110111010_1
0100010110111010_1
0100010110111010_1
0100010110111010_1
0100010110111010_1
0100010110111010_1
0100010110111010_1
0100010110111010_1
0100010110111010_1
0100010110111010_1
0100010110111010_1
0100010110111010_1
0100010110111010_1
0010000111111100_1
0010000111111100_1
0010000111111100_1
0010000111111100_1
0010000111111100_1
0010000111111100_1
0010000111111100_1
0010000111111100_1
0010000111111100_1
0010000111111100_1
0010000111111100_1
0010000111111100_1
0010000111111100_0
0100001101100011_1
1111101111010110_1
0100001101100011_0
1111101111010110_0
0100001101100011_1
1111101111010110_1
0100001101100011_0
1111101111010110_0
0100001101100011_1
1111101111010110_1
0100001101100011_0
1111101111010110_0
0100001101100011_1
1111101111010110_1
0100001101100011_0
1111101111010110_0
0100001101100011_1
1111101111010110_1
0100001101100011_0
1111101111010110_0
0100001101100011_1
1111101111010110_1
0100001101100011_0
1111101111010110_0
0100001101100011_1
1111101111010110_1
0100001101100011_0
1111101111010110_0
0100001101100011_1
1111101111010110_1
0100001101100011_0
1111101111010110_0
0100001101100011_1
1111101111010110_1
0100001101100011_0
1111101111010110_0
0100001101100011_1
1111101111010110_1
0100001101100011_0
1111101111010110_0
0100001101100011_1
1111101111010110_1
0100001101100011_0
1111101111010110_0
0100001101100011_1
1111101111010110_1
0100001101100011_0
1111101111010110_0
0100001101100011_1
1111101111010110_1
0100001101100011_0
1111101111010110_0
0100001101100011_1
1111101111010110_1
0100001101100011_0
1111101111010110_0
0100001101100011_1
1111101111010110_1
0100001101100011_0
1111101111010110_0
0100001101100011_1
1111101111010110_1
0100001101100011_0
1111101111010110_0
0100001101100011_1
1111101111010110_1
0100001101100011_0
1111101111010110_0
0100001101100011_1
1111101111010110_1
0100001101100011_0
1111101111010110_0
0100001101100011_1
1111101111010110_1
0100001101100011_0
1111101111010110_0
0100001101100011_1
1111101111010110_1
0100001101100011_0
1111101111010110_0
0100001101100011_1
1111101111010110_1
0100001101100011_0
1111101111010110_0
0100001101100011_1
1111101111010110_1
0100001101100011_0
1111101111010110_0
0100001101100011_1
1111101111010110_1
0100001101100011_0
1111101111010110_0
0100001101100011_1
1111101111010110_1
0100001101100011_0
1111101111010110_0
0100001101100011_1
1111101111010110_1
0100001101100011_0
1111101111010110_0
0010000110001011_1
0010000110001011_1
0010000110001011_1
0010000110001011_1
0010000110001011_1
0010000110001011_1
0010000110001011_1
0010000110001011_1
0010000110001011_1
0010000110001011_1
0010000110001011_1
0010000110001011_0
0111000100110111_1
0010000110001011_1
0010000110001011_1
0010000110001011_1
0010000110001011_1
0010000110001011_1
0010000110001011_1
0010000110001011_1
0010000110001011_1
0010000110001011_1
0010000110001011_1
0010000110001011_1
0010000110001011_0
0111000100110111_1
0010000110001011_1
0010000110001011_1
0010000110001011_1
0010000110001011_1
0010000110001011_1
0010000110001011_1
0010000110001011_1
0010000110001011_1
0010000110001011_1
0010000110001011_1
0010000110001011_1
0010000110001011_0
0111000100110111_1
0010000110001011_1
0010000110001011_1
0010000110001011_1
0010000110001011_1
0010000110001011_1
0010000110001011_1
0010000110001011_1
0010000110001011_1
0010000110001011_1
0010000110001011_1
0010000110001011_1
0010000110001011_0
0111000100110111_1
0010000110001011_1
0010000110001011_1
0010000110001011_1
0010000110001011_1
0010000110001011_1
0010000110001011_1
0010000110001011_1
0010000110001011_1
0010000110001011_1
0010000110001011_1
0010000110001011_1
0010000110001011_0
0111000100110111_1
0010000110001011_1
0010000110001011_1
0010000110001011_1
0010000110001011_1
0010000110001011_1
0010000110001011_1
0010000110001011_1
0010000110001011_1
0010000110001011_1
0010000110001011_1
0010000110001011_1
0010000110001011_0
0111000100110111_1
0010000110001011_1
0010000110001011_1
0010000110001011_1
0010000110001011_1
0010000110001011_1
0010000110001011_1
0010000110001011_1
0010000110001011_1
0010000110001011_1
0010000110001011_1
0010000110001011_1
0010000110001011_0
0111000100110111_1
0111000100110111_0
1000110011001011_1
1000110011001011_1
1000110011001011_1
1000110011001011_1
1000110011001011_1
1000110011001011_1
1000110011001011_1
1000110011001011_0
1010010111001110_1
1000110011001011_1
1000110011001011_1
1000110011001011_1
1000110011001011_1
1000110011001011_1
1000110011001011_1
1000110011001011_1
1000110011001011_0
1010010111001110_1
1000110011001011_1
1000110011001011_1
1000110011001011_1
1000110011001011_1
1000110011001011_1
1000110011001011_1
1000110011001011_1
1000110011001011_0
1010010111001110_1
1000110011001011_1
1000110011001011_1
1000110011001011_1
1000110011001011_1
1000110011001011_1
1000110011001011_1
1000110011001011_1
1000110011001011_0
1010010111001110_1
1000110011001011_1
1000110011001011_1
1000110011001011_1
1000110011001011_1
1000110011001011_1
1000110011001011_1
1000110011001011_1
1000110011001011_0
1010010111001110_1
1000110011001011_1
1000110011001011_1
1000110011001011_1
1000110011001011_1
1000110011001011_1
1000110011001011_1
1000110011001011_1
1000110011001011_0
1010010111001110_1
1000110011001011_1
1000110011001011_1
1000110011001011_1
1000110011001011_1
1000110011001011_1
1000110011001011_1
1000110011001011_1
1000110011001011_0
1010010111001110_1
1000110011001011_1
1000110011001011_1
1000110011001011_1
1000110011001011_1
1000110011001011_1
1000110011001011_1
1000110011001011_1
1000110011001011_0
1010010111001110_1
1000110011001011_1
1000110011001011_1
1000110011001011_1
1000110011001011_1
1000110011001011_1
1000110011001011_1
1000110011001011_1
1000110011001011_0
1010010111001110_1
1010010111001110_0
1111010111010000_0
1000011010010110_0
1010001101011110_1
0001001011011011_0
0101110100111011_1
0101001010001100_1
1010011111011000_1
0101011001100101_1
0011101011101011_0
1011100000110100_1
0011010110001111_1
1100100111011011_1
1000011110001101_1
1011110011100110_0
1011100001110010_1
0010100110101011_1
0111010111001000_0
0001100010111001_1
1000000111011110_1
1010000000010011_0
0001000101001101_0
0100110001111001_1
1101110101001101_1
1011101001101011_0
0100001110011000_1
0111010001011011_0
0000101101101001_0
0000000101010110_1
1001101110000011_0
1011011011011100_0
1101001110010011_1
0100010001110111_0
1011101110000011_1
0101000100110111_0
0000011100111001_0
0100110001110010_1
0011000100001101_0
0100101000010101_1
1100110111001100_1
0000010111100010_0
1011001101011110_1
1111110001010111_0
0001011010000111_1
0001011010000111_1
0001011010000111_1
0001011010000111_1
0001011010000111_1
0001011010000111_1
0001011010000111_1
0001011010000111_1
0001011010000111_1
0001011010000111_1
0001011010000111_1
0001011010000111_1
0001011010000111_1
0001011010000111_1
0001011010000111_1
0001011010000111_1
0001011010000111_1
0001011010000111_1
0001011010000111_1
0001011010000111_1
0001011010000111_0
0000000000110100_1
0001011010000111_1
0001011010000111_1
0001011010000111_1
0001011010000111_1
0001011010000111_1
0001011010000111_1
0001011010000111_1
0001011010000111_1
0001011010000111_1
0001011010000111_1
0001011010000111_1
0001011010000111_1
0001011010000111_1
0001011010000111_1
0001011010000111_1
0001011010000111_1
0001011010000111_1
0001011010000111_1
0001011010000111_1
0001011010000111_1
0001011010000111_0
0000000000110100_1
0000000000110100_0
1100111111011101_1
1100111111011101_1
1100111111011101_1
1100111111011101_1
1100111111011101_1
1100111111011101_1
1100111111011101_1
1100111111011101_1
1100111111011101_1
1100111111011101_1
1100111111011101_1
1100111111011101_1
1100111111011101_1
1100111111011101_1
1100111111011101_1
1100111111011101_1
1100111111011101_0
0101000110000100_0
0001110111100011_0
0101000110000100_1
0001110111100011_1
0101000110000100_0
0001110111100011_0
0101000110000100_1
0001110111100011_1
0101000110000100_0
0001110111100011_0
0101000110000100_1
0001110111100011_1
0101000110000100_0
0001110111100011_0
0101000110000100_1
0001110111100011_1
0101000110000100_0
0001110111100011_0
0101000110000100_1
0001110111100011_1
0101000110000100_0
0001110111100011_0
0101000110000100_1
0001110111100011_1
0101000110000100_0
0001110111100011_0
0101000110000100_1
0001110111100011_1
0101000110000100_0
0001110111100011_0
0101000110000100_1
0001110111100011_1
0101000110000100_0
0001110111100011_0
0101000110000100_1
0001110111100011_1
0101000110000100_0
0001110111100011_0
0101000110000100_1
0001110111100011_1
0100100011010111_0
1101001110001100_0
0100100011010111_1
1101001110001100_1
0100100011010111_0
1101001110001100_0
0100100011010111_1
1101001110001100_1
0100100011010111_0
1101001110001100_0
0100100011010111_1
1101001110001100_1
0100100011010111_0
1101001110001100_0
0100100011010111_1
1101001110001100_1
0100100011010111_0
1101001110001100_0
0100100011010111_1
1101001110001100_1
0100100011010111_0
1101001110001100_0
0100100011010111_1
1101001110001100_1
0100100011010111_0
1101001110001100_0
0100100011010111_1
1101001110001100_1
0100100011010111_0
1101001110001100_0
0100100011010111_1
1101001110001100_1
0100100011010111_0
1101001110001100_0
0100100011010111_1
1101001110001100_1
0100100011010111_0
1101001110001100_0
0100100011010111_1
1101001110001100_1
0100100011010111_0
1101001110001100_0
0100100011010111_1
1101001110001100_1
0100100011010111_0
1101001110001100_0
0100100011010111_1
1101001110001100_1
0100100011010111_0
1101001110001100_0
0100100011010111_1
1101001110001100_1
0100100011010111_0
1101001110001100_0
0100100011010111_1
1101001110001100_1
0100100011010111_0
1101001110001100_0
0100100011010111_1
1101001110001100_1
0100100011010111_0
1101001110001100_0
0100100011010111_1
1101001110001100_1
0100100011010111_0
1101001110001100_0
0100100011010111_1
1101001110001100_1
0100100011010111_0
1101001110001100_0
0100100011010111_1
1101001110001100_1
0101100101101010_1
0101100101101010_1
0101100101101010_1
0101100101101010_1
0101100101101010_1
0101100101101010_1
0101100101101010_1
0101100101101010_1
0101100101101010_1
0101100101101010_1
0101100101101010_1
0101100101101010_1
0101100101101010_1
0101100101101010_1
0101100101101010_1
0101100101101010_1
0101100101101010_1
0101100101101010_1
0101100101101010_1
0101100101101010_1
1001100110111100_0
1111010010110010_0
1100000000010100_1
1110111000110111_0
1110011110101100_0
0111001110101111_0
1000010111011001_0
0001001111011111_0
1010101111001000_1
0001101011100101_1
1101111101000010_1
1001011101011011_0
0010101110111100_0
0101011011101100_1
0110011111010010_1
0101000110000000_1
0110011111010010_0
0101000110000000_0
0110011111010010_1
0101000110000000_1
0110011111010010_0
0101000110000000_0
0110011111010010_1
0101000110000000_1
0110011111010010_0
0101000110000000_0
0110011111010010_1
0101000110000000_1
0110011111010010_0
0101000110000000_0
0110011111010010_1
0101000110000000_1
0110011111010010_0
0101000110000000_0
0110011111010010_1
0101000110000000_1
0110011111010010_0
0101000110000000_0
0110011111010010_1
0101000110000000_1
0110011111010010_0
0101000110000000_0
0110011111010010_1
0101000110000000_1
0110011111010010_0
0101000110000000_0
0110011111010010_1
0101000110000000_1
0110011111010010_0
0101000110000000_0
0110011111010010_1
0101000110000000_1
0110011111010010_0
0101000110000000_0
0110011111010010_1
0101000110000000_1
0110011111010010_0
0101000110000000_0
0110011111010010_1
0101000110000000_1
0110011111010010_0
0101000110000000_0
0110011111010010_1
0101000110000000_1
0110011111010010_0
0101000110000000_0
1010100000111000_1
1010100000111000_1
1010100000111000_1
1010100000111000_1
1010100000111000_1
1010100000111000_1
1010100000111000_1
1010100000111000_1
1010100000111000_1
1010100000111000_1
1010100000111000_1
1010100000111000_1
1010100000111000_1
1010100000111000_1
1010100000111000_1
1010100000111000_1
1010100000111000_1
1010100000111000_1
1010100000111000_1
1010100000111000_1
1100001001000111_1
1111000001100001_1
1100001001000111_0
1111000001100001_0
1100001001000111_1
1111000001100001_1
1100001001000111_0
1111000001100001_0
1100001001000111_1
1111000001100001_1
1100001001000111_0
1111000001100001_0
1100001001000111_1
1111000001100001_1
1100001001000111_0
1111000001100001_0
1100001001000111_1
1111000001100001_1
1100001001000111_0
1111000001100001_0
1100001001000111_1
1111000001100001_1
1100001001000111_0
1111000001100001_0
1100001001000111_1
1111000001100001_1
1100001001000111_0
1111000001100001_0
1100001001000111_1
1111000001100001_1
1100001001000111_0
1111000001100001_0
1100001001000111_1
1111000001100001_1
1100001001000111_0
1111000001100001_0
1100001001000111_1
1111000001100001_1
1100001001000111_0
1111000001100001_0
1100001001000111_1
1111000001100001_1
1100001001000111_0
1111000001100001_0
1100001001000111_1
1111000001100001_1
1100001001000111_0
1111000001100001_0
1100001001000111_1
1111000001100001_1
1100001001000111_0
1111000001100001_0
1100001001000111_1
1111000001100001_1
1100001001000111_0
1111000001100001_0
1100001001000111_1
1111000001100001_1
1100001001000111_0
1111000001100001_0
1100001001000111_1
1111000001100001_1
1100001001000111_0
1111000001100001_0
1100001001000111_1
1111000001100001_1
1100001001000111_0
1111000001100001_0
1100001001000111_1
1111000001100001_1
1100001001000111_0
1111000001100001_0
1100001001000111_1
1111000001100001_1
1100001001000111_0
1111000001100001_0
1100001001000111_1
1111000001100001_1
1100001001000111_0
1111000001100001_0
1100001001000111_1
1111000001100001_1
1100001001000111_0
1111000001100001_0
1100001001000111_1
1111000001100001_1
1100001001000111_0
1111000001100001_0
1100001001000111_1
1111000001100001_1
1100001001000111_0
1111000001100001_0
0000110110010011_1
0000110110010011_1
0000110110010011_1
0000110110010011_1
0000110110010011_1
0000110110010011_1
0000110110010011_1
0000110110010011_1
0000110110010011_1
0000110110010011_1
0000110110010011_1
0000110110010011_1
0000110110010011_1
0000110110010011_1
0000110110010011_1
0000110110010011_1
0000110110010011_1
0000110110010011_1
0000110110010011_1
0000110110010011_1
0000110110010011_1
0000110110010011_1
0000110110010011_1
0000110110010011_1
0000110110010011_1
0000110110010011_1
0000110110010011_1
0000110110010011_1
0000110110010011_1
0000110110010011_1
0000110110010011_1
0000110110010011_1
0000110110010011_0
1001110110010001_1
0110110010000110_1
1001110110010001_0
0110110010000110_0
1001110110010001_1
0110110010000110_1
1001110110010001_0
0110110010000110_0
1001110110010001_1
0110110010000110_1
1001110110010001_0
0110110010000110_0
1001110110010001_1
0110110010000110_1
1001110110010001_0
0110110010000110_0
1001110110010001_1
0110110010000110_1
1001110110010001_0
0110110010000110_0
1001110110010001_1
0110110010000110_1
1001110110010001_0
0110110010000110_0
1001110110010001_1
0110110010000110_1
1001110110010001_0
0110110010000110_0
1001110110010001_1
0110110010000110_1
1001110110010001_0
0110110010000110_0
1001110110010001_1
0110110010000110_1
1001110110010001_0
0110110010000110_0
1001110110010001_1
0110110010000110_1
1001110110010001_0
0110110010000110_0
1001110110010001_1
0110110010000110_1
1001110110010001_0
0110110010000110_0
1001110110010001_1
0110110010000110_1
1001110110010001_0
0110110010000110_0
1001110110010001_1
0110110010000110_1
1001110110010001_0
0110110010000110_0
1001110110010001_1
0110110010000110_1
1001110110010001_0
0110110010000110_0
1001110110010001_1
0110110010000110_1
1001110110010001_0
0110110010000110_0
1001110110010001_1
0110110010000110_1
1001110110010001_0
0110110010000110_0
1001110110010001_1
0110110010000110_1
1001110110010001_0
0110110010000110_0
1001110110010001_1
0110110010000110_1
1001110110010001_0
0110110010000110_0
1001110110010001_1
0110110010000110_1
1001110110010001_0
0110110010000110_0
1001110110010001_1
0110110010000110_1
0101011111010100_1
0101011111010100_0
0101011111010100_1
0101011111010100_0
0101011111010100_0
0001010101010011_1
0001010101010011_1
0001010101010011_1
0001010101010011_1
0001010101010011_1
0001010101010011_1
0001010101010011_1
0001010101010011_1
0001010101010011_1
0001010101010011_1
0001010101010011_1
0001010101010011_1
0001010101010011_1
0001010101010011_0
0010001010111010_1
0010001010111010_1
0010001010111010_1
0010001010111010_1
0010001010111010_1
0010001010111010_1
0010001010111010_1
0010001010111010_0
1011101000010000_0
1011101000010000_0
1011101000010000_0
1011101000010000_0
1011101000010000_1
1011101000010000_1
1011101000010000_1
1001001100100001_1
1001001100100001_0
1001001100100001_1
1001001100100001_1
1001001100100001_1
1001001100100001_1
1001001100100001_1
1001001100100001_1
1001001100100001_0
1010010001000011_0
1010010001000011_1
1010010001000011_0
1010010001000011_1
1010010001000011_0
1010010001000011_1
1010010001000011_0
1010010001000011_1
1010010001000011_0
1010010001000011_1
1010010001000011_0
1010010001000011_1
1010010001000011_0
1010010001000011_1
1010010001000011_0
1010010001000011_1
1010010001000011_0
1010010001000011_1
1010010001000011_0
1010010001000011_1
1010010001000011_0
1010010001000011_1
1010010001000011_0
1010010001000011_1
1010010001000011_0
1010010001000011_1
1010010001000011_0
1010010001000011_1
1010010001000011_0
1010010001000011_1
1010010001000011_0
1010010001000011_1
1010010001000011_0
1010010001000011_1
1010010001000011_0
1010010001000011_1
1010010001000011_0
1010010001000011_1
1010010001000011_0
1010010001000011_1
1010010001000011_0
1010010001000011_1
1010010001000011_0
1010010001000011_1
1010010001000011_0
1010010001000011_1
1010010001000011_0
1010010001000011_1
1010010001000011_0
1010010001000011_1
1010010001000011_0
1010010001000011_1
1010010001000011_0
1010010001000011_1
1010010001000011_0
1010010001000011_1
1010010001000011_0
1010010001000011_1
1001001101000110_0
1001001101000110_0
1001001101000110_0
1001001101000110_0
1001001101000110_0
1001001101000110_0
1001001101000110_0
1001001101000110_0
1001001101000110_0
1001001101000110_0
1001001101000110_0
1001001101000110_0
1001001101000110_0
1001001101000110_0
1001001101000110_0
1001001101000110_0
1001001101000110_0
1001001101000110_0
1001001101000110_0
1001001101000110_0
1101001101101010_1
1101001101101010_1
1101001101101010_1
1101001101101010_1
1101001101101010_1
1101001101101010_1
1101001101101010_0
0011001001010100_1
0011001001010100_1
0011001001010100_1
0011001001010100_1
0011001001010100_1
0011001001010100_1
0011001001010100_1
0011001001010100_1
0011001001010100_1
0011001001010100_1
0011001001010100_1
0011001001010100_1
0011001001010100_1
0011001001010100_1
0011001001010100_1
0011001001010100_1
0011001001010100_1
0011001001010100_1
0011001001010100_1
0011001001010100_1
1111000000011001_0
1111000000011001_1
1111000000011001_0
1111000000011001_1
1111000000011001_0
1111000000011001_1
1111000000011001_0
1111000000011001_1
1111000000011001_0
1111000000011001_1
1111000000011001_0
1111000000011001_1
1111000000011001_0
1111000000011001_1
1111000000011001_0
1111000000011001_1
1111000000011001_0
1111000000011001_1
1111000000011001_0
1111000000011001_1
1111000000011001_0
1111000000011001_1
1111000000011001_0
0010111010001001_0
1001001100000000_0
0010111010001001_1
1001001100000000_1
0010111010001001_0
1001001100000000_0
0010111010001001_1
1001001100000000_1
0010111010001001_0
1001001100000000_0
0010111010001001_1
1001001100000000_1
0010111010001001_0
1001001100000000_0
0010111010001001_1
1001001100000000_1
0010111010001001_0
1001001100000000_0
0010111010001001_1
1001001100000000_1
0010111010001001_0
1001001100000000_0
0010111010001001_1
1001001100000000_1
0010111010001001_0
1001001100000000_0
0010111010001001_1
1001001100000000_1
0010111010001001_0
1001001100000000_0
0010111010001001_1
1001001100000000_1
0010111010001001_0
1001001100000000_0
0010111010001001_1
1001001100000000_1
0010111010001001_0
1001001100000000_0
0010111010001001_1
1001001100000000_1
0010111010001001_0
1001001100000000_0
0010111010001001_1
1001001100000000_1
0010111010001001_0
1001001100000000_0
0010111010001001_1
1001001100000000_1
0010111010001001_0
1001001100000000_0
0010111010001001_1
1001001100000000_1
0010111010001001_0
1001001100000000_0
0010111010001001_1
1001001100000000_1
0010111010001001_0
1001001100000000_0
0010111010001001_1
1001001100000000_1
0010111010001001_0
1001001100000000_0
0010111010001001_1
1001001100000000_1
0010111010001001_0
1001001100000000_0
0110011101110001_1
0110011101110001_1
0110011101110001_1
0110011101110001_1
0110011101110001_1
0110011101110001_1
0110011101110001_1
0110011101110001_1
0110011101110001_1
0110011101110001_1
0110011101110001_1
0110011101110001_1
0110011101110001_1
0110011101110001_1
0110011101110001_1
0110011101110001_1
0110011101110001_1
0110011101110001_1
0110011101110001_1
0110011101110001_1
0110011101110001_1
0110011101110001_1
0110011101110001_1
0110011101110001_0
0000001000111011_1
0000001000111011_1
0000001000111011_1
0000001000111011_1
0000001000111011_1
0000001000111011_1
0000001000111011_1
0000001000111011_1
0000001000111011_1
0000001000111011_1
0000001000111011_1
0000001000111011_1
0000001000111011_1
0000001000111011_1
0000001000111011_1
0000001000111011_1
0000001000111011_1
0000001000111011_1
0000001000111011_1
0000001000111011_1
0000001000111011_1
0000001000111011_1
0000001000111011_1
0000001000111011_1
0000001000111011_1
0000001000111011_1
0000001000111011_1
0000001000111011_0
0011000011111110_0
0011000011111110_0
0011000011111110_0
0011000011111110_0
0011000011111110_0
0011000011111110_0
0011000011111110_0
0011000011111110_0
0011000011111110_0
0011000011111110_0
0011000011111110_0
0011000011111110_0
0011000011111110_0
0011000011111110_0
0011000011111110_0
0011000011111110_0
0011000011111110_0
0011000011111110_0
0011000011111110_0
0011000011111110_0
0101111001111001_0
0101111001111001_0
0101111001111001_0
0101111001111001_0
0101111001111001_0
0101111001111001_0
0101111001111001_0
0101111001111001_0
0101111001111001_0
0101111001111001_0
0101111001111001_0
0101111001111001_0
0101111001111001_0
0101111001111001_0
0101111001111001_0
0101111001111001_0
0101111001111001_0
0101111001111001_0
0101111001111001_0
0101111001111001_0
1011000111000010_0
1011000111000010_0
1011000111000010_0
1011000111000010_0
1011000111000010_0
1011000111000010_0
1011000111000010_0
1011000111000010_0
1011000111000010_0
1011000111000010_0
1011000111000010_0
1011000111000010_0
1011000111000010_0
1011000111000010_0
1011000111000010_0
1011000111000010_0
1011000111000010_0
1011000111000010_0
1011000111000010_0
1011000111000010_0
0101000101011010_1
0110110111101111_0
1111111100100011_0
0011100001000111_0
1111101100000111_0
1010011100111101_1
0011000010110111_1
1100101000001000_0
1101100000100001_0
1011111001110000_0
1001101100110101_1
1101101100101010_0
1100001000110100_0
1110101111111100_0
0001000101011001_1
1010011101000000_0
1110011010001110_1
0101011011001111_1
1110000010101010_1
0111011001001000_0
1010101100001001_1
0111100111010011_0
1000100011110011_1
0100111100100110_0
0111111011000010_1
1011001001111111_0
0111100011110000_1
0110000011101000_1
0011010000011111_0
0011010000001001_0
1100010010111010_0
0100101111110000_1
1001100001000101_1
1000110000110010_0
0011011111110011_0
1000111111000101_0
1100011011010100_1
0001000101011111_0
1100110001001100_1
0111000111100101_1
1110110100110010_0
0100100010011011_1
1100111100110110_0
0111110000001100_1
1101011110100001_0
0111010100001011_0
1110100001100101_0
1110100001100101_1
1110100001100101_1
1110100001100101_0
1110100001100101_0
1110100001100101_0
1110100001100101_1
1110100001100101_1
1110100001100101_0
1110100001100101_0
1110100001100101_1
1110100001100101_0
1110100001100101_0
0000010101110001_1
0000010101110001_1
0000010101110001_1
0000010101110001_1
0000010101110001_1
0000010101110001_1
0000010101110001_1
0000010101110001_1
0000010101110001_1
0000010101110001_1
0000010101110001_1
0000010101110001_1
0000010101110001_1
0000010101110001_1
0000010101110001_1
0000010101110001_1
0000010101110001_1
0000010101110001_1
0000010101110001_0
1010011111110110_1
0000010101110001_1
0000010101110001_1
0000010101110001_1
0000010101110001_1
0000010101110001_1
0000010101110001_1
0000010101110001_1
0000010101110001_1
0000010101110001_1
0000010101110001_1
0000010101110001_1
0000010101110001_1
0000010101110001_1
0000010101110001_1
0000010101110001_1
0000010101110001_1
0000010101110001_1
0000010101110001_1
0000010101110001_0
1010011111110110_1
0000010101110001_1
0000010101110001_1
0000010101110001_1
0000010101110001_1
0000010101110001_1
0000010101110001_1
0000010101110001_1
0000010101110001_1
0000010101110001_1
0000010101110001_1
0000010101110001_1
0000010101110001_1
0000010101110001_1
0000010101110001_1
0000010101110001_1
0000010101110001_1
0000010101110001_1
0000010101110001_1
0000010101110001_0
1010011111110110_1
0000010101110001_1
0000010101110001_1
0000010101110001_1
0000010101110001_1
0000010101110001_1
0000010101110001_1
0000010101110001_1
0000010101110001_1
0000010101110001_1
0000010101110001_1
0000010101110001_1
0000010101110001_1
0000010101110001_1
0000010101110001_1
0000010101110001_1
0000010101110001_1
0000010101110001_1
0000010101110001_1
0000010101110001_0
1010011111110110_1
0000010101110001_1
0000010101110001_1
0000010101110001_1
0000010101110001_1
0000010101110001_1
0000010101110001_1
0000010101110001_1
0000010101110001_1
0000010101110001_1
0000010101110001_1
0000010101110001_1
0000010101110001_1
0000010101110001_1
0000010101110001_1
0000010101110001_1
0000010101110001_1
0000010101110001_1
0000010101110001_1
0000010101110001_0
1010011111110110_1
0000010101110001_1
0000010101110001_1
0000010101110001_1
0000010101110001_1
0000010101110001_1
0000010101110001_1
0000010101110001_1
0000010101110001_1
0000010101110001_1
0000010101110001_1
0000010101110001_1
0000010101110001_1
0000010101110001_1
0000010101110001_1
0000010101110001_1
0000010101110001_1
0000010101110001_1
0000010101110001_1
0000010101110001_0
1010011111110110_1
0000010101110001_1
0000010101110001_1
0000010101110001_1
0000010101110001_1
0000010101110001_1
0000010101110001_1
0000010101110001_1
0000010101110001_1
0000010101110001_1
0000010101110001_1
0000010101110001_1
0000010101110001_1
0000010101110001_1
0000010101110001_1
0000010101110001_1
0000010101110001_1
0000010101110001_1
0000010101110001_1
0000010101110001_0
1010011111110110_1
0000010101110001_1
0000010101110001_1
0000010101110001_1
0000010101110001_1
0000010101110001_1
0000010101110001_1
0000010101110001_1
0000010101110001_1
0000010101110001_1
0000010101110001_1
0000010101110001_1
0000010101110001_1
0000010101110001_1
0000010101110001_1
0000010101110001_1
0000010101110001_1
0000010101110001_1
0000010101110001_1
0000010101110001_0
1010011111110110_1
1010011111110110_0
0001001110000111_1
0001001110000111_0
0001001110000111_0
0001001110000111_0
0001001110000111_1
0001001110000111_0
0001001110000111_0
0001001110000111_0
0001001110000111_0
0001001110000111_0
0001001110000111_0
1101001000011001_0
1101001000011001_1
1101001000011001_0
1101001000011001_1
1101001000011001_0
1101001000011001_1
1101001000011001_0
1101001000011001_1
1101001000011001_0
1101001000011001_1
1101001000011001_0
1101001000011001_1
1101001000011001_0
1101001000011001_1
1101001000011001_0
1101001000011001_1
1101001000011001_0
1101001000011001_1
1101001000011001_0
1101001000011001_1
1101001000011001_0
1101001000011001_1
1101001000011001_0
1101001000011001_1
1101001000011001_0
1101001000011001_1
1101001000011001_0
1101001000011001_1
1101001000011001_0
1101001000011001_1
1101001000011001_0
1101001000011001_1
1101001000011001_0
1101001000011001_1
1101001000011001_0
1101001000011001_1
1101001000011001_0
1101001000011001_1
1101001000011001_0
1101001000011001_1
1101001000011001_0
1101001000011001_1
1101001000011001_0
1101001000011001_1
1101001000011001_0
1101001000011001_1
1101001000011001_0
1101001000011001_1
1101001000011001_0
0101111000011011_0
1100100011110100_0
0101111000011011_1
1100100011110100_1
0101111000011011_0
1100100011110100_0
0101111000011011_1
1100100011110100_1
0101111000011011_0
1100100011110100_0
0101111000011011_1
1100100011110100_1
0101111000011011_0
1100100011110100_0
0101111000011011_1
1100100011110100_1
0101111000011011_0
1100100011110100_0
0101111000011011_1
1100100011110100_1
0101111000011011_0
1100100011110100_0
0101111000011011_1
1100100011110100_1
0101111000011011_0
1100100011110100_0
0101111000011011_1
1100100011110100_1
0101111000011011_0
1100100011110100_0
0101111000011011_1
1100100011110100_1
0101111000011011_0
1100100011110100_0
0101111000011011_1
1100100011110100_1
0101111000011011_0
1100100011110100_0
0101111000011011_1
1100100011110100_1
0101111000011011_0
1100100011110100_0
0101111000011011_1
1100100011110100_1
0101111000011011_0
1100100011110100_0
0101111000011011_1
1100100011110100_1
0101111000011011_0
1100100011110100_0
0101111000011011_1
1100100011110100_1
0101111000011011_0
1100100011110100_0
0101111000011011_1
1100100011110100_1
0101111000011011_0
1100100011110100_0
0101111000011011_1
1100100011110100_1
0101111000011011_0
1100100011110100_0
0101111000011011_1
1100100011110100_1
0101111000011011_0
1100100011110100_0
0101111000011011_1
1100100011110100_1
0101111000011011_0
1100100011110100_0
0101111000011011_1
1100100011110100_1
0101111000011011_0
1100100011110100_0
0101111000011011_1
1100100011110100_1
0101111000011011_0
1100100011110100_0
0101111000011011_1
1100100011110100_1
0101111000011011_0
1100100011110100_0
0101111000011011_1
1100100011110100_1
0101111000011011_0
1100100011110100_0
0001110011111101_0
0001110011111101_1
0001110011111101_0
0001110011111101_1
0001110011111101_0
0001110011111101_1
0001110011111101_0
0001110011111101_1
0001110011111101_0
0001110011111101_1
0001110011111101_0
0001110011111101_1
0001110011111101_0
0001110011111101_1
0001110011111101_0
0001110011111101_1
0001110011111101_0
0001110011111101_1
0001110011111101_0
0001110011111101_1
0001110011111101_0
0001110011111101_1
0001110011111101_0
0001110011111101_1
0001110011111101_0
0001110011111101_1
0001110011111101_0
0001110011111101_1
0001110011111101_0
0001110011111101_1
0001110011111101_0
0001110011111101_1
0001110011111101_0
0001110011111101_1
0001110011111101_0
0001110011111101_1
1100110010100011_0
0000011011010000_0
1101011001010000_1
1011010001001001_1
0011011111110000_0
1001101101100011_1
0111000000010101_1
1110110010011010_0
0101010000111101_0
0010001101000110_0
1111000000110101_0
0100101011100011_1
1101001110011010_1
1001011010110100_0
1111000001010101_1
0111010111111110_1
1100000010010110_1
1101101000101010_0
1111011010010000_0
1000111111111010_1
0111110101101100_1
1010010000000001_1
1111100001000111_1
0010101110111100_1
0100111000110101_1
1100010100101101_0
0010101110101001_1
0100011111100010_1
0000011110101100_0
0110101101100100_0
1001011000000011_1
0011001111111001_0
0111011110011111_0
1110011101100111_1
1100111000010010_1
1100111000010010_1
1100111000010010_1
1100111000010010_1
1100111000010010_1
1100111000010010_1
1100111000010010_1
1100111000010010_1
1100111000010010_0
0110101011000101_1
1100111000010010_1
1100111000010010_1
1100111000010010_1
1100111000010010_1
1100111000010010_1
1100111000010010_1
1100111000010010_1
1100111000010010_1
1100111000010010_0
0110101011000101_1
1100111000010010_1
1100111000010010_1
1100111000010010_1
1100111000010010_1
1100111000010010_1
1100111000010010_1
1100111000010010_1
1100111000010010_1
1100111000010010_0
0110101011000101_1
1100111000010010_1
1100111000010010_1
1100111000010010_1
1100111000010010_1
1100111000010010_1
1100111000010010_1
1100111000010010_1
1100111000010010_1
1100111000010010_0
0110101011000101_1
1100111000010010_1
1100111000010010_1
1100111000010010_1
1100111000010010_1
1100111000010010_1
1100111000010010_1
1100111000010010_1
1100111000010010_1
1100111000010010_0
0110101011000101_1
1100111000010010_1
1100111000010010_1
1100111000010010_1
1100111000010010_1
1100111000010010_1
1100111000010010_1
1100111000010010_1
1100111000010010_1
1100111000010010_0
0110101011000101_1
1100111000010010_1
1100111000010010_1
1100111000010010_1
1100111000010010_1
1100111000010010_1
1100111000010010_1
1100111000010010_1
1100111000010010_1
1100111000010010_0
0110101011000101_1
1100111000010010_1
1100111000010010_1
1100111000010010_1
1100111000010010_1
1100111000010010_1
1100111000010010_1
1100111000010010_1
1100111000010010_1
1100111000010010_0
0110101011000101_1
1100111000010010_1
1100111000010010_1
1100111000010010_1
1100111000010010_1
1100111000010010_1
1100111000010010_1
1100111000010010_1
1100111000010010_1
1100111000010010_0
0110101011000101_1
1100111000010010_1
1100111000010010_1
1100111000010010_1
1100111000010010_1
1100111000010010_1
1100111000010010_1
1100111000010010_1
1100111000010010_1
1100111000010010_0
0110101011000101_1
0110101011000101_0
1001100000010110_0
1001100000010110_0
1001100000010110_0
1001100000010110_0
1001100000010110_0
1001100000010110_0
1001100000010110_1
1001100000010110_1
1001100000010110_0
1001100000010110_1
1001100000010110_0
0111111000111101_1
0111111000111101_1
0111111000111101_1
0111111000111101_1
0111111000111101_1
0111111000111101_1
0111111000111101_1
0111111000111101_1
0111111000111101_0
1111101110010101_1
0111111000111101_1
0111111000111101_1
0111111000111101_1
0111111000111101_1
0111111000111101_1
0111111000111101_1
0111111000111101_1
0111111000111101_1
0111111000111101_0
1111101110010101_1
0111111000111101_1
0111111000111101_1
0111111000111101_1
0111111000111101_1
0111111000111101_1
0111111000111101_1
0111111000111101_1
0111111000111101_1
0111111000111101_0
1111101110010101_1
0111111000111101_1
0111111000111101_1
0111111000111101_1
0111111000111101_1
0111111000111101_1
0111111000111101_1
0111111000111101_1
0111111000111101_1
0111111000111101_0
1111101110010101_1
0111111000111101_1
0111111000111101_1
0111111000111101_1
0111111000111101_1
0111111000111101_1
0111111000111101_1
0111111000111101_1
0111111000111101_1
0111111000111101_0
1111101110010101_1
0111111000111101_1
0111111000111101_1
0111111000111101_1
0111111000111101_1
0111111000111101_1
0111111000111101_1
0111111000111101_1
0111111000111101_1
0111111000111101_0
1111101110010101_1
0111111000111101_1
0111111000111101_1
0111111000111101_1
0111111000111101_1
0111111000111101_1
0111111000111101_1
0111111000111101_1
0111111000111101_1
0111111000111101_0
1111101110010101_1
0111111000111101_1
0111111000111101_1
0111111000111101_1
0111111000111101_1
0111111000111101_1
0111111000111101_1
0111111000111101_1
0111111000111101_1
0111111000111101_0
1111101110010101_1
0111111000111101_1
0111111000111101_1
0111111000111101_1
0111111000111101_1
0111111000111101_1
0111111000111101_1
0111111000111101_1
0111111000111101_1
0111111000111101_0
1111101110010101_1
1111101110010101_0
0101001000011010_1
0101001000011010_1
0101001000011010_1
0101001000011010_1
0101001000011010_1
0101001000011010_1
0101001000011010_1
0101001000011010_1
0101001000011010_1
0101001000011010_1
0101001000011010_1
0101001000011010_1
0101001000011010_1
0101001000011010_1
0101001000011010_1
0101001000011010_1
0101001000011010_1
0101001000011010_1
0101001000011010_1
0101001000011010_1
0101001000011010_1
0101001000011010_1
0101001000011010_1
0101001000011010_1
0101001000011010_1
0101001000011010_0
1111111011000110_0
1111111011000110_0
1111111011000110_0
1111111011000110_0
1111111011000110_0
1111111011000110_0
1111111011000110_0
1111111011000110_0
1111111011000110_0
1111111011000110_0
1111111011000110_0
1111111011000110_0
1111111011000110_0
1111111011000110_0
1111111011000110_0
1111111011000110_0
1111111011000110_0
1111111011000110_0
1111111011000110_0
1111111011000110_0
1011111111111010_1
1101011001101111_0
0101110001101100_1
0000111010011011_0
0001011101111100_1
0011000000011101_1
1111100000100111_0
0001000101011010_0
1101010011001000_0
1010110101011101_0
1011101101111001_1
1111001011110110_0
1001000101111100_1
1010111100010100_1
1000000011001110_0
1001010000001011_1
1011010111011001_1
1100111010110101_1
1000101100011011_1
0110100000110101_1
0011110001100001_1
0110001001110110_1
1001100100110011_0
0010110011010110_0
1100110000111001_1
0001100101110010_1
1001100111001110_0
0000001100101110_0
0110000100111111_1
0001111011001011_1
0100101101001010_0
0110110011001100_0
1110101001101111_0
0011001111100101_0
0001001011101110_1
0011001110000010_0
1011110011011100_0
1001111001100010_1
1001101010100101_0
0001000110001000_1
0001000110001000_1
0001000110001000_1
0001000110001000_1
0001000110001000_1
0001000110001000_1
0001000110001000_1
0001000110001000_1
0001000110001000_1
0001000110001000_1
0001000110001000_1
0001000110001000_1
0001000110001000_1
0001000110001000_1
0001000110001000_1
0001000110001000_1
0001000110001000_1
0001000110001000_1
0001000110001000_1
0001000110001000_1
0000101001110000_0
0000101001110000_1
0000101001110000_0
0000101001110000_1
0000101001110000_0
0000101001110000_1
0000101001110000_0
0000101001110000_1
0000101001110000_0
0000101001110000_1
0000101001110000_0
0000101001110000_1
0000101001110000_0
0000101001110000_1
0000101001110000_0
0000101001110000_1
0000101001110000_0
0000101001110000_1
0000101001110000_0
0000101001110000_1
0000101001110000_0
0000101001110000_1
0000101001110000_0
0000101001110000_1
0000101001110000_0
0000101001110000_1
0000101001110000_0
0000101001110000_1
0000101001110000_0
0000101001110000_1
0000101001110000_0
0000101001110000_1
0000101001110000_0
0000101001110000_1
0000101001110000_0
0000101001110000_1
0000101001110000_0
0000101001110000_1
0000101001110000_0
0000101001110000_1
0000101001110000_0
0000101001110000_1
0000101001110000_0
0000101001110000_1
0000101001110000_0
0000101001110000_1
0000101001110000_0
1111111011011011_1
1111111011011011_1
1111111011011011_1
1111111011011011_1
1111111011011011_1
1111111011011011_1
1111111011011011_1
1111111011011011_1
1111111011011011_1
1111111011011011_1
1111111011011011_1
1111111011011011_1
1111111011011011_1
1111111011011011_1
1111111011011011_1
1111111011011011_1
1111111011011011_1
1111111011011011_1
1111111011011011_1
1111111011011011_1
1111111011011011_1
1111111011011011_1
1111111011011011_1
1111111011011011_1
1111111011011011_1
1111111011011011_1
1111111011011011_1
1111111011011011_1
1111111011011011_1
1111111011011011_1
1111111011011011_1
1111111011011011_1
1111111011011011_1
1111111011011011_1
1111111011011011_1
1111111011011011_1
1111111011011011_1
1111111011011011_1
1111111011011011_0
0011110011011001_1
0011110011011001_1
0011110011011001_1
0011110011011001_1
0011110011011001_1
0011110011011001_1
0011110011011001_1
0011110011011001_1
0011110011011001_1
0011110011011001_1
0011110011011001_1
0011110011011001_1
0011110011011001_1
0011110011011001_1
0011110011011001_1
0011110011011001_1
0011110011011001_1
0011110011011001_1
0011110011011001_1
0011110011011001_1
0011110011011001_1
0011110011011001_1
0011110011011001_1
0011110011011001_1
0011110011011001_1
0011110011011001_1
0011110011011001_1
0011110011011001_1
0011110011011001_1
0011110011011001_1
0011110011011001_1
0011110011011001_0
1110010010010111_1
1110010010010111_1
1110010010010111_1
1110010010010111_1
1110010010010111_1
1110010010010111_1
1110010010010111_1
1110010010010111_1
1110010010010111_1
1110010010010111_1
1110010010010111_1
1110010010010111_1
1110010010010111_1
1110010010010111_1
1110010010010111_1
1110010010010111_1
1110010010010111_1
1110010010010111_1
1110010010010111_1
1110010010010111_1
0000011100111100_1
0000011100111100_1
0000011100111100_1
0000011100111100_0
0000011100111100_1
0000011100111100_1
0000011100111100_1
0000011100111100_1
0000011100111100_0
0010110100100000_1
0010110100100000_1
0010110100100000_0
0010110100100000_1
0010110100100000_0
0010110100100000_1
0010110100100000_1
0010110100100000_0
1001011000010110_1
1001011000010110_1
1001011000010110_1
1001011000010110_1
1001011000010110_1
1001011000010110_1
1001011000010110_1
1001011000010110_1
1001011000010110_1
1001011000010110_1
1001011000010110_1
1001011000010110_1
1001011000010110_1
1001011000010110_1
1001011000010110_1
1001011000010110_1
1001011000010110_1
1001011000010110_1
1001011000010110_0
0010101100101000_1
1001011000010110_1
1001011000010110_1
1001011000010110_1
1001011000010110_1
1001011000010110_1
1001011000010110_1
1001011000010110_1
1001011000010110_1
1001011000010110_1
1001011000010110_1
1001011000010110_1
1001011000010110_1
1001011000010110_1
1001011000010110_1
1001011000010110_1
1001011000010110_1
1001011000010110_1
1001011000010110_1
1001011000010110_0
0010101100101000_1
1001011000010110_1
1001011000010110_1
1001011000010110_1
1001011000010110_1
1001011000010110_1
1001011000010110_1
1001011000010110_1
1001011000010110_1
1001011000010110_1
1001011000010110_1
1001011000010110_1
1001011000010110_1
1001011000010110_1
1001011000010110_1
1001011000010110_1
1001011000010110_1
1001011000010110_1
1001011000010110_1
1001011000010110_0
0010101100101000_1
1001011000010110_1
1001011000010110_1
1001011000010110_1
1001011000010110_1
1001011000010110_1
1001011000010110_1
1001011000010110_1
1001011000010110_1
1001011000010110_1
1001011000010110_1
1001011000010110_1
1001011000010110_1
1001011000010110_1
1001011000010110_1
1001011000010110_1
1001011000010110_1
1001011000010110_1
1001011000010110_1
1001011000010110_0
0010101100101000_1
1001011000010110_1
1001011000010110_1
1001011000010110_1
1001011000010110_1
1001011000010110_1
1001011000010110_1
1001011000010110_1
1001011000010110_1
1001011000010110_1
1001011000010110_1
1001011000010110_1
1001011000010110_1
1001011000010110_1
1001011000010110_1
1001011000010110_1
1001011000010110_1
1001011000010110_1
1001011000010110_1
1001011000010110_0
0010101100101000_1
1001011000010110_1
1001011000010110_1
1001011000010110_1
1001011000010110_1
1001011000010110_1
1001011000010110_1
1001011000010110_1
1001011000010110_1
1001011000010110_1
1001011000010110_1
1001011000010110_1
1001011000010110_1
1001011000010110_1
1001011000010110_1
1001011000010110_1
1001011000010110_1
1001011000010110_1
1001011000010110_1
1001011000010110_0
0010101100101000_1
1001011000010110_1
1001011000010110_1
1001011000010110_1
1001011000010110_1
1001011000010110_1
1001011000010110_1
1001011000010110_1
1001011000010110_1
1001011000010110_1
1001011000010110_1
1001011000010110_1
1001011000010110_1
1001011000010110_1
1001011000010110_1
1001011000010110_1
1001011000010110_1
1001011000010110_1
1001011000010110_1
1001011000010110_0
0010101100101000_1
1001011000010110_1
1001011000010110_1
1001011000010110_1
1001011000010110_1
1001011000010110_1
1001011000010110_1
1001011000010110_1
1001011000010110_1
1001011000010110_1
1001011000010110_1
1001011000010110_1
1001011000010110_1
1001011000010110_1
1001011000010110_1
1001011000010110_1
1001011000010110_1
1001011000010110_1
1001011000010110_1
1001011000010110_0
0010101100101000_1
1001011000010110_1
1001011000010110_1
1001011000010110_1
1001011000010110_1
1001011000010110_1
1001011000010110_1
1001011000010110_1
1001011000010110_1
1001011000010110_1
1001011000010110_1
1001011000010110_1
1001011000010110_1
1001011000010110_1
1001011000010110_1
1001011000010110_1
1001011000010110_1
1001011000010110_1
1001011000010110_1
1001011000010110_0
0010101100101000_1
1001011000010110_1
1001011000010110_1
1001011000010110_1
1001011000010110_1
1001011000010110_1
1001011000010110_1
1001011000010110_1
1001011000010110_1
1001011000010110_1
1001011000010110_1
1001011000010110_1
1001011000010110_1
1001011000010110_1
1001011000010110_1
1001011000010110_1
1001011000010110_1
1001011000010110_1
1001011000010110_1
1001011000010110_0
0010101100101000_1
0010101100101000_0
1000001000010010_0
1000001000010010_0
1000001000010010_0
1000001000010010_0
1000001000010010_0
1000001000010010_0
1000001000010010_0
1000001000010010_0
1000001000010010_0
1000001000010010_0
1000001000010010_0
1000001000010010_0
1000001000010010_0
1000001000010010_0
1000001000010010_0
1000001000010010_0
1000001000010010_0
1000001000010010_0
1000001000010010_0
1000001000010010_0
0001000001011110_1
0001000001011110_1
0001000001011110_1
0001000001011110_1
0001000001011110_1
0001000001011110_0
0000011110001010_1
0000011110001010_1
0000011110001010_1
0000011110001010_1
0000011110001010_1
0000011110001010_1
0000011110001010_1
0000011110001010_1
0000011110001010_1
0000011110001010_1
0000011110001010_0
1001111101000011_1
1001111101000011_1
1001111101000011_1
1001111101000011_1
1001111101000011_1
1001111101000011_1
1001111101000011_1
1001111101000011_1
1001111101000011_1
1001111101000011_1
1001111101000011_1
1001111101000011_1
1001111101000011_1
1001111101000011_1
1001111101000011_1
1001111101000011_1
1001111101000011_1
1001111101000011_1
1001111101000011_1
1001111101000011_1
0101010011111101_1
0001111010011011_1
1011110000110001_1
1111000010001001_0
0100101000110001_0
1011100111111101_0
1101010111111111_1
1100010101111111_1
1000101101000001_1
1001010110110011_1
0001111100001011_1
0000011111101111_0
1001111000000000_1
0111111000000010_1
1100011001010011_1
0111011111111101_1
1001000100001101_0
1010010010011111_1
1000100100111010_1
0101000010000111_0
1001001110111001_0
0100101101000011_1
1111111111111100_1
0010101110001101_1
1100001101110011_0
0111011111010011_1
0001110101111000_1
1110111000111110_0
1000001001101100_0
1100010100011011_1
0010110011100111_1
0010000000010001_0
1100101111011111_1
1010010001011001_1
0110011101011011_0
0110110011100110_0
0010111100110011_0
1001010001100000_1
1011011111000000_1
0100110001001010_0
0001011011010101_1
1011111110000010_0
1011111001001011_1
0010100111011001_0
1010000110101111_0
1011000010011001_1
0000101010001000_0
0001000100110001_0
0110110101011010_0
0110110101011010_0
0110110101011010_0
0110110101011010_0
0110110101011010_0
0110110101011010_0
0110110101011010_0
0110110101011010_0
0110110101011010_0
0110110101011010_0
0110110101011010_0
0110110101011010_0
0110110101011010_0
0110110101011010_0
0110110101011010_0
0110110101011010_0
0110110101011010_0
0110110101011010_0
0110110101011010_0
0110110101011010_0
1101101000010110_0
1110010011001011_0
1000001000001011_0
1010110101111100_0
0101110010001001_1
0010101011010101_0
0001101000011100_0
1011110101000000_1
1111100101000010_0
1100101101110111_0
0010111000001110_1
1010001100101110_0
0010110111111000_1
0101110110000110_1
0101000111000111_1
0111100001100010_0
0101100000100000_0
1000001100000000_1
0001111001011001_0
0001100000010101_1
1111011110000011_0
0011001110111101_0
1010001010100111_0
0110010111011100_1
1110000111101111_0
1111000100000010_1
1011111001001101_1
0011111110001111_1
0011111110001111_1
0011111110001111_1
0011111110001111_1
0011111110001111_1
0011111110001111_1
0011111110001111_1
0011111110001111_1
0011111110001111_1
0011111110001111_1
0011111110001111_1
0011111110001111_1
0011111110001111_1
0011111110001111_1
0011111110001111_1
0011111110001111_1
0011111110001111_1
0011111110001111_1
0011111110001111_1
0011111110001111_1
1111011001101110_0
1111011001101110_1
1111011001101110_0
1111011001101110_1
1111011001101110_0
1111011001101110_1
1111011001101110_0
1111011001101110_1
1111011001101110_0
1111011001101110_1
1111011001101110_0
1111011001101110_1
1111011001101110_0
1111011001101110_1
1111011001101110_0
1111011001101110_1
1111011001101110_0
1111011001101110_1
1111011001101110_0
1111011001101110_1
1111011001101110_0
1111011001101110_1
1111011001101110_0
1111011001101110_1
1111011001101110_0
1111011001101110_1
1111011001101110_0
1111011001101110_1
1111011001101110_0
1111011001101110_1
1111011001101110_0
1111011001101110_1
1111011001101110_0
1111011001101110_1
1111011001101110_0
1111011001101110_1
1111011001101110_0
1111011001101110_1
1111011001101110_0
1111011001101110_1
1111011001101110_0
1111011001101110_1
1111011001101110_0
1111011001101110_1
0111101000010111_1
0111101000010111_1
0111101000010111_1
0111101000010111_0
1110000111111101_1
0111101000010111_1
0111101000010111_1
0111101000010111_1
0111101000010111_0
1110000111111101_1
0111101000010111_1
0111101000010111_1
0111101000010111_1
0111101000010111_0
1110000111111101_1
0111101000010111_1
0111101000010111_1
0111101000010111_1
0111101000010111_0
1110000111111101_1
1110000111111101_0
0110001111100100_0
0110001111100100_0
0110001111100100_0
0110001111100100_0
0110001111100100_0
0110001111100100_0
0110001111100100_0
0110001111100100_0
0110001111100100_0
0110001111100100_0
0110001111100100_0
0110001111100100_0
0110001111100100_0
0110001111100100_0
0110001111100100_0
0110001111100100_0
0110001111100100_0
0110001111100100_0
0110001111100100_0
0110001111100100_0
0101000001011100_1
0101000001011100_1
0101000001011100_1
0101000001011100_1
0101000001011100_1
0101000001011100_1
0101000001011100_1
0101000001011100_1
0101000001011100_1
0101000001011100_1
0101000001011100_1
0101000001011100_1
0101000001011100_1
0101000001011100_1
0101000001011100_1
0101000001011100_1
0101000001011100_1
0101000001011100_1
0101000001011100_1
0101000001011100_0
1011111100000110_1
1011111100000110_0
1011111100000110_0
1011111100000110_1
1011111100000110_1
1011111100000110_1
1011111100000110_0
1011111100000110_1
1011111100000110_1
1011101101101000_0
1011101101101000_1
1011101101101000_0
1011101101101000_0
1011101101101000_0
1011101101101000_1
1011101101101000_0
1011101101101000_0
1011101101101000_1
1011101101101000_0
1011101101101000_0
1011101101101000_0
0011011111101110_1
1110100110010001_1
0011101001110100_0
0001110100011011_0
1111010001110101_1
0011110100000110_1
0110011100111010_1
1101110100110110_1
0111101000110011_0
0011000111110100_1
1001010000101111_1
0101001100001011_0
1001011001001000_0
0000100000110100_1
1010111010001011_0
1110001011010001_0
1001001010100010_0
1011100001011110_1
0001010011000010_1
0110111111000000_1
0101110010000010_0
0101110000111001_0
0101100111101011_0
0010100010010101_0
1111110110101111_1
0101100111000011_0
0100011000101010_0
1001110110110111_0
0000010100100011_0
1101000011110101_0
1011000111111110_1
1001000001000010_1
0010111000111111_0
1101000110101100_1
0100010000111101_1
0111111100100110_0
1011101111110100_0
0101001110110100_1
0000001001100000_1
1110010000111011_0
0011110111010101_1
1010010001010111_0
1100001101000101_0
1010010001010111_1
1100001101000101_1
1010010001010111_0
1100001101000101_0
1010010001010111_1
1100001101000101_1
1010010001010111_0
1100001101000101_0
1010010001010111_1
1100001101000101_1
1010010001010111_0
1100001101000101_0
1010010001010111_1
1100001101000101_1
1010010001010111_0
1100001101000101_0
1010010001010111_1
1100001101000101_1
1010010001010111_0
1100001101000101_0
1010010001010111_1
1100001101000101_1
1010010001010111_0
1100001101000101_0
1010010001010111_1
1100001101000101_1
1010010001010111_0
1100001101000101_0
1010010001010111_1
1100001101000101_1
1010010001010111_0
1100001101000101_0
1010010001010111_1
1100001101000101_1
1010010001010111_0
1100001101000101_0
1010010001010111_1
1100001101000101_1
1010010001010111_0
1100001101000101_0
1010010001010111_1
1100001101000101_1
1010010001010111_0
1100001101000101_0
1010010001010111_1
1100001101000101_1
1010010001010111_0
1100001101000101_0
1010010001010111_1
1100001101000101_1
1010010001010111_0
1100001101000101_0
1010010001010111_1
1100001101000101_1
1010010001010111_0
1100001101000101_0
1111110101010110_0
1111110101010110_0
1111110101010110_1
1111110101010110_0
1111110101010110_1
0011010010010001_1
0011010010010001_1
0011010010010001_1
0011010010010001_1
0011010010010001_1
0011010010010001_1
0011010010010001_1
0011010010010001_1
0011010010010001_1
0011010010010001_1
0011010010010001_1
0011010010010001_0
0101010111110100_1
0011010010010001_1
0011010010010001_1
0011010010010001_1
0011010010010001_1
0011010010010001_1
0011010010010001_1
0011010010010001_1
0011010010010001_1
0011010010010001_1
0011010010010001_1
0011010010010001_1
0011010010010001_0
0101010111110100_1
0011010010010001_1
0011010010010001_1
0011010010010001_1
0011010010010001_1
0011010010010001_1
0011010010010001_1
0011010010010001_1
0011010010010001_1
0011010010010001_1
0011010010010001_1
0011010010010001_1
0011010010010001_0
0101010111110100_1
0011010010010001_1
0011010010010001_1
0011010010010001_1
0011010010010001_1
0011010010010001_1
0011010010010001_1
0011010010010001_1
0011010010010001_1
0011010010010001_1
0011010010010001_1
0011010010010001_1
0011010010010001_0
0101010111110100_1
0011010010010001_1
0011010010010001_1
0011010010010001_1
0011010010010001_1
0011010010010001_1
0011010010010001_1
0011010010010001_1
0011010010010001_1
0011010010010001_1
0011010010010001_1
0011010010010001_1
0011010010010001_0
0101010111110100_1
0011010010010001_1
0011010010010001_1
0011010010010001_1
0011010010010001_1
0011010010010001_1
0011010010010001_1
0011010010010001_1
0011010010010001_1
0011010010010001_1
0011010010010001_1
0011010010010001_1
0011010010010001_0
0101010111110100_1
0101010111110100_0
0000100111110101_1
0000100111110101_1
0000100111110101_1
0000100111110101_1
0000100111110101_1
0000100111110101_1
0000100111110101_1
0000100111110101_1
0000100111110101_1
0000100111110101_1
0000100111110101_1
0000100111110101_0
1000010111011000_1
0000100100001110_1
1000010111011000_0
0000100100001110_0
1000010111011000_1
0000100100001110_1
1000010111011000_0
0000100100001110_0
1000010111011000_1
0000100100001110_1
1000010111011000_0
0000100100001110_0
1000010111011000_1
0000100100001110_1
1000010111011000_0
0000100100001110_0
1000010111011000_1
0000100100001110_1
1000010111011000_0
0000100100001110_0
1000010111011000_1
0000100100001110_1
1000010111011000_0
0000100100001110_0
1000010111011000_1
0000100100001110_1
1000010111011000_0
0000100100001110_0
1000010111011000_1
0000100100001110_1
1000010111011000_0
0000100100001110_0
1000010111011000_1
0000100100001110_1
1000010111011000_0
0000100100001110_0
1000010111011000_1
0000100100001110_1
1000010111011000_0
0000100100001110_0
1000010111011000_1
0000100100001110_1
1000010111011000_0
0000100100001110_0
1000010111011000_1
0000100100001110_1
1000010111011000_0
0000100100001110_0
1000010111011000_1
0000100100001110_1
1000010111011000_0
0000100100001110_0
1000010111011000_1
0000100100001110_1
1000010111011000_0
0000100100001110_0
1000010111011000_1
0000100100001110_1
1000010111011000_0
0000100100001110_0
1000010111011000_1
0000100100001110_1
1000010111011000_0
0000100100001110_0
1000010111011000_1
0000100100001110_1
1000010111011000_0
0000100100001110_0
1000010111011000_1
0000100100001110_1
1000010111011000_0
0000100100001110_0
1110001101101111_1
0011010010101010_1
1110001101101111_0
0011010010101010_0
1110001101101111_1
0011010010101010_1
1110001101101111_0
0011010010101010_0
1110001101101111_1
0011010010101010_1
1110001101101111_0
0011010010101010_0
1110001101101111_1
0011010010101010_1
1110001101101111_0
0011010010101010_0
1110001101101111_1
0011010010101010_1
1110001101101111_0
0011010010101010_0
1110001101101111_1
0011010010101010_1
1110001101101111_0
0011010010101010_0
1110001101101111_1
0011010010101010_1
1110001101101111_0
0011010010101010_0
1110001101101111_1
0011010010101010_1
1110001101101111_0
0011010010101010_0
1110001101101111_1
0011010010101010_1
1110001101101111_0
0011010010101010_0
1110001101101111_1
0011010010101010_1
1110001101101111_0
0011010010101010_0
1110001101101111_1
0011010010101010_1
1110001101101111_0
0011010010101010_0
1110001101101111_1
0011010010101010_1
1110001101101111_0
0011010010101010_0
1110001101101111_1
0011010010101010_1
1110001101101111_0
0011010010101010_0
1110001101101111_1
0011010010101010_1
1110001101101111_0
0011010010101010_0
1110001101101111_1
0011010010101010_1
1110001101101111_0
0011010010101010_0
1110001101101111_1
0011010010101010_1
1110001101101111_0
0011010010101010_0
1110001101101111_1
0011010010101010_1
1110001101101111_0
0011010010101010_0
1110001101101111_1
0011010010101010_1
1110001101101111_0
0011010010101010_0
1110001101101111_1
0011010010101010_1
1110001101101111_0
0011010010101010_0
1110001101101111_1
0011010010101010_1
1110001101101111_0
0011010010101010_0
1110001101101111_1
0011010010101010_1
1110001101101111_0
0011010010101010_0
1110001101101111_1
0011010010101010_1
1110001101101111_0
0011010010101010_0
1110001101101111_1
0011010010101010_1
1110001101101111_0
0011010010101010_0
1110001101101111_1
0011010010101010_1
0101101110100010_0
0101101110100010_0
0101101110100010_0
0101101110100010_1
0101101110100010_1
0101101110100010_0
0101101110100010_0
0101101110100010_0
0100101101100000_1
1110110010010010_1
0100101101100000_0
1110110010010010_0
0100101101100000_1
1110110010010010_1
0100101101100000_0
1110110010010010_0
0100101101100000_1
1110110010010010_1
0100101101100000_0
1110110010010010_0
0100101101100000_1
1110110010010010_1
0100101101100000_0
1110110010010010_0
0100101101100000_1
1110110010010010_1
0100101101100000_0
1110110010010010_0
0100101101100000_1
1110110010010010_1
0100101101100000_0
1110110010010010_0
0100101101100000_1
1110110010010010_1
0100101101100000_0
1110110010010010_0
0100101101100000_1
1110110010010010_1
0100101101100000_0
1110110010010010_0
0100101101100000_1
1110110010010010_1
0100101101100000_0
1110110010010010_0
0100101101100000_1
1110110010010010_1
0100101101100000_0
1110110010010010_0
0100101101100000_1
1110110010010010_1
0100101101100000_0
1110110010010010_0
0100101101100000_1
1110110010010010_1
0100101101100000_0
1110110010010010_0
0100101101100000_1
1110110010010010_1
1100011100001001_1
1100011100001001_1
1100011100001001_1
1100011100001001_1
1100011100001001_1
1100011100001001_1
1100011100001001_1
1100011100001001_1
1100011100001001_1
1100011100001001_1
1100011100001001_1
1100011100001001_1
1100011100001001_1
1100011100001001_1
1100011100001001_1
1100011100001001_1
1100011100001001_1
1100011100001001_1
1100011100001001_1
1100011100001001_1
1100011100001001_1
1100011100001001_1
1100011100001001_1
1100011100001001_1
1100011100001001_1
1100011100001001_1
1100011100001001_1
1100011100001001_1
1100011100001001_1
1100011100001001_1
1100011100001001_1
1100011100001001_0
1100101010010000_1
1100101010010000_1
1100101010010000_1
1100101010010000_1
1100101010010000_1
1100101010010000_1
1100101010010000_1
1100101010010000_1
1100101010010000_0
1010110101010110_0
1010110101010110_1
1010110101010110_0
1010110101010110_1
1010110101010110_0
1010110101010110_1
1010110101010110_0
1010110101010110_1
1010110101010110_0
1010110101010110_1
1010110101010110_0
1010110101010110_1
1010110101010110_0
1010110101010110_1
1010110101010110_0
1010110101010110_1
1010110101010110_0
1010110101010110_1
1010110101010110_0
1010110101010110_1
1010110101010110_0
1010110101010110_1
1010110101010110_0
1010110101010110_1
1010110101010110_0
1010110101010110_1
1010110101010110_0
1010110101010110_1
1010110101010110_0
1010110101010110_1
1010110101010110_0
1010110101010110_1
1010110101010110_0
1010110101010110_1
1010110101010110_0
1010110101010110_1
1010110101010110_0
1010110101010110_1
1010110101010110_0
1010110101010110_1
1010110101010110_0
1010110101010110_1
1010110101010110_0
1010110101010110_1
1010110101010110_0
1010101110001111_1
1101111100000100_1
1010101110001111_0
1101111100000100_0
1010101110001111_1
1101111100000100_1
1010101110001111_0
1101111100000100_0
1010101110001111_1
1101111100000100_1
1010101110001111_0
1101111100000100_0
1010101110001111_1
1101111100000100_1
1010101110001111_0
1101111100000100_0
1010101110001111_1
1101111100000100_1
1010101110001111_0
1101111100000100_0
1010101110001111_1
1101111100000100_1
1010101110001111_0
1101111100000100_0
1010101110001111_1
1101111100000100_1
1010101110001111_0
1101111100000100_0
1010101110001111_1
1101111100000100_1
1010101110001111_0
1101111100000100_0
1010101110001111_1
1101111100000100_1
1010101110001111_0
1101111100000100_0
1010101110001111_1
1101111100000100_1
1010101110001111_0
1101111100000100_0
1010101110001111_1
1101111100000100_1
1010101110001111_0
1101111100000100_0
1010101110001111_1
1101111100000100_1
1010101110001111_0
1101111100000100_0
1010101110001111_1
1101111100000100_1
1010101110001111_0
1101111100000100_0
1010101110001111_1
1101111100000100_1
1010101110001111_0
1101111100000100_0
1010101110001111_1
1101111100000100_1
1010101110001111_0
1101111100000100_0
1010101110001111_1
1101111100000100_1
1010101110001111_0
1101111100000100_0
1010101110001111_1
1101111100000100_1
1010101110001111_0
1101111100000100_0
1010101110001111_1
1101111100000100_1
1010101110001111_0
1101111100000100_0
1010101110001111_1
1101111100000100_1
1010101110001111_0
1101111100000100_0
1010101110001111_1
1101111100000100_1
1010101110001111_0
1101111100000100_0
1010101110001111_1
1101111100000100_1
1010101110001111_0
1101111100000100_0
1010101110001111_1
1101111100000100_1
1010101110001111_0
1101111100000100_0
1010101110001111_1
1101111100000100_1
1010101110001111_0
1101111100000100_0
0001101101101011_1
0001101101101011_1
0001101101101011_1
0001101101101011_1
0001101101101011_1
0001101101101011_1
0001101101101011_1
0001101101101011_1
0001101101101011_1
0001101101101011_1
0001101101101011_1
0001101101101011_1
0001101101101011_1
0001101101101011_1
0001101101101011_1
0001101101101011_1
0001101101101011_1
0001101101101011_1
0001101101101011_1
0001101101101011_1
0100101100010010_0
0100101100010010_1
0100101100010010_0
0100101100010010_1
0100101100010010_0
0100101100010010_1
0100101100010010_0
0100101100010010_1
0100101100010010_0
0100101100010010_1
0100101100010010_0
0100101100010010_1
0100101100010010_0
0100101100010010_1
0100101100010010_0
0100101100010010_1
0100101100010010_0
0100101100010010_1
0100101100010010_0
0100101100010010_1
0100101100010010_0
0100101100010010_1
0100101100010010_0
0100101100010010_1
0100101100010010_0
0100101100010010_1
0100101100010010_0
0100101100010010_1
0100101100010010_0
0100101100010010_1
0100101100010010_0
0100101100010010_1
0100101100010010_0
0100101100010010_1
0100101100010010_0
0100101100010010_1
0100101100010010_0
0100101100010010_1
0100101100010010_0
0100101100010010_1
0100101100010010_0
0100101100010010_1
1101100000100010_1
0000010111101010_1
1101100000100010_0
0000010111101010_0
1101100000100010_1
0000010111101010_1
1101100000100010_0
0000010111101010_0
1101100000100010_1
0000010111101010_1
1101100000100010_0
0000010111101010_0
1101100000100010_1
0000010111101010_1
1101100000100010_0
0000010111101010_0
1101100000100010_1
0000010111101010_1
1101100000100010_0
0000010111101010_0
1101100000100010_1
0000010111101010_1
1101100000100010_0
0000010111101010_0
1101100000100010_1
0000010111101010_1
1101100000100010_0
0000010111101010_0
1101100000100010_1
0000010111101010_1
1101100000100010_0
0000010111101010_0
1101100000100010_1
0000010111101010_1
1101100000100010_0
0000010111101010_0
1101100000100010_1
0000010111101010_1
1101100000100010_0
0000010111101010_0
1101100000100010_1
0000010111101010_1
1101100000100010_0
0000010111101010_0
1101100000100010_1
0000010111101010_1
1010011000010001_1
1010011000010001_1
1010011000010001_1
1010011000010001_1
1010011000010001_1
1010011000010001_1
1010011000010001_1
1010011000010001_1
1010011000010001_1
1010011000010001_0
0010001101110110_1
1010011000010001_1
1010011000010001_1
1010011000010001_1
1010011000010001_1
1010011000010001_1
1010011000010001_1
1010011000010001_1
1010011000010001_1
1010011000010001_1
1010011000010001_0
0010001101110110_1
1010011000010001_1
1010011000010001_1
1010011000010001_1
1010011000010001_1
1010011000010001_1
1010011000010001_1
1010011000010001_1
1010011000010001_1
1010011000010001_1
1010011000010001_0
0010001101110110_1
1010011000010001_1
1010011000010001_1
1010011000010001_1
1010011000010001_1
1010011000010001_1
1010011000010001_1
1010011000010001_1
1010011000010001_1
1010011000010001_1
1010011000010001_0
0010001101110110_1
1010011000010001_1
1010011000010001_1
1010011000010001_1
1010011000010001_1
1010011000010001_1
1010011000010001_1
1010011000010001_1
1010011000010001_1
1010011000010001_1
1010011000010001_0
0010001101110110_1
1010011000010001_1
1010011000010001_1
1010011000010001_1
1010011000010001_1
1010011000010001_1
1010011000010001_1
1010011000010001_1
1010011000010001_1
1010011000010001_1
1010011000010001_0
0010001101110110_1
1010011000010001_1
1010011000010001_1
1010011000010001_1
1010011000010001_1
1010011000010001_1
1010011000010001_1
1010011000010001_1
1010011000010001_1
1010011000010001_1
1010011000010001_0
0010001101110110_1
1010011000010001_1
1010011000010001_1
1010011000010001_1
1010011000010001_1
1010011000010001_1
1010011000010001_1
1010011000010001_1
1010011000010001_1
1010011000010001_1
1010011000010001_0
0010001101110110_1
0010001101110110_0
0111001101110001_1
0111001101110001_1
0111001101110001_1
0111001101110001_1
0111001101110001_1
0111001101110001_1
0111001101110001_1
0111001101110001_1
0111001101110001_1
0111001101110001_1
0111001101110001_1
0111001101110001_1
0111001101110001_1
0111001101110001_0
1100101101001010_1
1100101101001010_1
1100101101001010_1
1100101101001010_1
1100101101001010_1
1100101101001010_1
1100101101001010_1
1100101101001010_1
1100101101001010_1
1100101101001010_1
1100101101001010_1
1100101101001010_1
1100101101001010_1
1100101101001010_1
1100101101001010_1
1100101101001010_1
1100101101001010_1
1100101101001010_1
1100101101001010_1
1100101101001010_1
0001011111110001_0
0001011111110001_0
0001011111110001_0
0001011111110001_0
0001011111110001_0
0001011111110001_0
0001011111110001_0
0001011111110001_0
0001011111110001_0
0001011111110001_0
0001011111110001_0
0001011111110001_0
0001011111110001_0
0001011111110001_0
0001011111110001_0
0001011111110001_0
0001011111110001_0
0001011111110001_0
0001011111110001_0
0001011111110001_0
0001000110011001_1
0001000110011001_1
0001000110011001_1
0001000110011001_1
0001000110011001_1
0001000110011001_1
0001000110011001_1
0001000110011001_1
0001000110011001_1
0001000110011001_1
0001000110011001_1
0001000110011001_1
0001000110011001_1
0001000110011001_1
0001000110011001_1
0001000110011001_1
0001000110011001_1
0001000110011001_1
0001000110011001_1
0001000110011001_1
0001000110011001_1
0001000110011001_1
0001000110011001_0
0001001001010001_0
1000000001001100_0
0000011011111111_1
0111100100101010_0
1001001100110110_0
1001110001011110_1
0101010101111110_0
0001111011100100_1
0010101101000000_1
0100101111111100_1
0011111101110010_0
1001011001010010_1
1001001110011100_1
0111110010011111_0
1001001100000111_1
0111000101110111_1
0110011100000010_1
1110101111111000_1
1111010010101001_1
1001111011111010_0
0111110000001000_1
0111000101110011_0
1100010000101111_1
0000011000010100_1
0101001100011000_0
1010010111011101_1
1111101110011001_1
1001000111010011_0
1001011101001100_0
0000101100100111_0
0010001000110011_1
1110000101000101_0
1100011010011001_1
1011010101001110_0
0111001101001001_0
1101010101100000_1
1011010001110100_0
0110011110101101_1
0011000010101010_1
1000100110010000_0
1101001101111001_0
0000001000110110_1
0011110000100010_1
1100101110000100_0
1101010111111000_1
0011100011011000_1
1110011110010001_1
1001001101111100_1
1001010111111001_1
1100100000000111_1
0000001101110110_0
0000001101110110_1
0000001101110110_0
0000001101110110_1
0000001101110110_0
0000001101110110_1
0000001101110110_0
0000001101110110_1
0000001101110110_0
0000001101110110_1
0000001101110110_0
0000001101110110_1
0000001101110110_0
0000001101110110_1
0000001101110110_0
0000001101110110_1
0000001101110110_0
0000001101110110_1
0000001101110110_0
0000001101110110_1
0000001101110110_0
0000001101110110_1
0000001101110110_0
0000001101110110_1
0000001101110110_0
0000001101110110_1
0000001101110110_0
0000001101110110_1
0000001101110110_0
0000001101110110_1
0000001101110110_0
0000001101110110_1
0000001101110110_0
0000001101110110_1
0000001101110110_0
0000001101110110_1
0000001101110110_0
0000001101110110_1
0000001101110110_0
0000001101110110_1
0000001101110110_0
0000001101110110_1
0000001101110110_0
0000001101110110_1
0000001101110110_0
0000001101110110_1
0000001101110110_0
0000001101110110_1
0000001101110110_0
0000001101110110_1
0000001101110110_0
1110001101011000_1
1110001101011000_1
1110001101011000_1
1110001101011000_1
1110001101011000_1
1110001101011000_1
1110001101011000_1
1110001101011000_1
1110001101011000_1
1110001101011000_1
1110001101011000_1
1110001101011000_1
1110001101011000_1
1110001101011000_1
1110001101011000_1
1110001101011000_1
1110001101011000_1
1110001101011000_1
1110001101011000_1
1110001101011000_1
1001101110101010_0
1101111100001100_1
0111011011000000_0
1010100100000000_1
0111110000111100_1
0110100010011011_1
0000010101111001_0
0001100001001010_1
1111111010100011_1
1001111111110101_1
1101110000110000_1
1110110110110001_1
0001010011011000_1
1110011111111000_0
0010001011110100_0
0011001010101011_1
1011111110110011_1
0100111011110101_0
1101011110101010_1
1100110110100011_1
1010111111000010_0
1010001011011011_1
1010001011011011_1
1010001011011011_1
1010001011011011_1
1010001011011011_1
1010001011011011_0
1011100110110110_1
1010001011011011_1
1010001011011011_1
1010001011011011_1
1010001011011011_1
1010001011011011_1
1010001011011011_0
1011100110110110_1
1010001011011011_1
1010001011011011_1
1010001011011011_1
1010001011011011_1
1010001011011011_1
1010001011011011_0
1011100110110110_1
1010001011011011_1
1010001011011011_1
1010001011011011_1
1010001011011011_1
1010001011011011_1
1010001011011011_0
1011100110110110_1
1010001011011011_1
1010001011011011_1
1010001011011011_1
1010001011011011_1
1010001011011011_1
1010001011011011_0
1011100110110110_1
1010001011011011_1
1010001011011011_1
1010001011011011_1
1010001011011011_1
1010001011011011_1
1010001011011011_0
1011100110110110_1
1010001011011011_1
1010001011011011_1
1010001011011011_1
1010001011011011_1
1010001011011011_1
1010001011011011_0
1011100110110110_1
1011100110110110_0
0101100111100110_0
1001011011111111_1
1101011101111110_0
1001010001110001_0
0110000001001111_1
0101110101100100_0
0011011010010110_1
0001010110101010_1
0000010101111110_0
1001110100001101_0
1001101111100001_1
0011001001101110_0
0000111100011110_0
0101100110110011_1
1000100000110011_0
0110010110100111_1
0011111000110101_0
0101000001000100_0
0000111011011101_0
0010011011111010_0
1111101100011001_1
1101110001111010_0
0000011001100101_1
0100100110110000_0
1011010100101011_1
0101011010111101_0
1000100010000001_0
0010000001000100_1
0110001000100000_1
1100010101110100_0
0001101111111110_0
1100101010111111_0
1110000100011000_0
0111101000000001_0
0111001000011111_0
0101000110011101_0
1010000100101100_0
1110100100101111_1
1101011000110101_1
1111110110111000_0
0111110001100001_1
0111000101011011_1
1111100000000001_0
0111110010011101_0
0101100011010000_0
1011011101111111_1
0101111110000011_0
1001010011010110_1
1011100111010010_0
1010101110000111_1
1010101111111000_1
0010000110000010_0
1101100000110100_1
0111110101101000_1
0110000111100100_1
1001000100110010_1
0111100101101110_1
0001000111100000_1
0000110011110010_1
0100111111010001_0
0100001001111101_0
0110010010000000_1
0100000101101110_1
1110111100100001_0
0101000110000101_1
1011010010110001_0
1100111101110000_1
0110101010000110_1
1111001110110000_0
0111010001011101_1
0100001100001011_1
1110000101110101_1
0111111000010100_1
0110110011010010_0
0011111011011110_0
1000101001110011_1
0000111010110011_0
1100011110100101_0
0101101010100101_0
1010010001011110_0
0011011111001001_0
1011100100010100_1
0110001010111001_0
1001111101011111_0
0111001111101101_1
0100000010010100_1
1001000010010010_1
1110110111001110_1
1110110111001110_1
1110110111001110_1
1110110111001110_1
1110110111001110_1
1110110111001110_1
1110110111001110_1
1110110111001110_1
1110110111001110_1
1110110111001110_1
1110110111001110_1
1110110111001110_1
1110110111001110_1
1110110111001110_1
1110110111001110_1
1110110111001110_1
1110110111001110_1
1110110111001110_1
1110110111001110_1
1110110111001110_1
0101101001010000_1
0101101001010000_1
0101101001010000_1
0101101001010000_1
0101101001010000_1
0101101001010000_1
0101101001010000_1
0101101001010000_1
0101101001010000_1
0101101001010000_1
0101101001010000_1
0101101001010000_1
0101101001010000_1
0101101001010000_1
0101101001010000_0
1000110110010100_1
0101101001010000_1
0101101001010000_1
0101101001010000_1
0101101001010000_1
0101101001010000_1
0101101001010000_1
0101101001010000_1
0101101001010000_1
0101101001010000_1
0101101001010000_1
0101101001010000_1
0101101001010000_1
0101101001010000_1
0101101001010000_1
0101101001010000_0
1000110110010100_1
1000110110010100_0
1101001100111100_0
1101001100111100_1
1101001100111100_0
1101001100111100_1
1101001100111100_0
1101001100111100_1
1101001100111100_0
1101001100111100_1
1101001100111100_0
1101001100111100_1
1101001100111100_0
1101001100111100_1
1101001100111100_0
1101001100111100_1
1101001100111100_0
1101001100111100_1
1101001100111100_0
1101001100111100_1
1101001100111100_0
1101001100111100_1
1101001100111100_0
0111111100110001_0
0111111100110001_0
0111111100110001_0
0111111100110001_0
0111111100110001_0
0111111100110001_0
0111111100110001_0
0111111100110001_0
0111111100110001_0
0111111100110001_0
0111111100110001_0
0111111100110001_0
0111111100110001_0
0111111100110001_0
0111111100110001_0
0111111100110001_0
0111111100110001_0
0111111100110001_0
0111111100110001_0
0111111100110001_0
1011010001001000_1
1011010001001000_1
1011010001001000_1
1011010001001000_1
1011010001001000_1
1011010001001000_1
1011010001001000_1
1011010001001000_1
1011010001001000_1
1011010001001000_1
1011010001001000_1
1011010001001000_1
1011010001001000_1
1011010001001000_1
1011010001001000_1
1011010001001000_1
1011010001001000_1
1011010001001000_1
1011010001001000_1
1011010001001000_1
0101110100000010_0
0101110100000010_0
0101110100000010_0
0101110100000010_1
0101110100000010_1
0101110100000010_1
0101110100000010_1
0101110100000010_1
0101110100000010_0
0101110100000010_1
0101110100000010_1
0101110100000010_0
0101110100000010_1
1111111011101011_1
1000001001101001_1
1111111011101011_0
1000001001101001_0
1111111011101011_1
1000001001101001_1
1111111011101011_0
1000001001101001_0
1111111011101011_1
1000001001101001_1
1111111011101011_0
1000001001101001_0
1111111011101011_1
1000001001101001_1
1111111011101011_0
1000001001101001_0
1111111011101011_1
1000001001101001_1
1111111011101011_0
1000001001101001_0
1111111011101011_1
1000001001101001_1
1111111011101011_0
1000001001101001_0
1111111011101011_1
1000001001101001_1
1111111011101011_0
1000001001101001_0
1111111011101011_1
1000001001101001_1
1111111011101011_0
1000001001101001_0
1111111011101011_1
1000001001101001_1
1111111011101011_0
1000001001101001_0
1111111011101011_1
1000001001101001_1
1111111011101011_0
1000001001101001_0
1111111011101011_1
1000001001101001_1
1111111011101011_0
1000001001101001_0
1111111011101011_1
1000001001101001_1
1111111011101011_0
1000001001101001_0
1111111011101011_1
1000001001101001_1
1111111011101011_0
1000001001101001_0
1111111011101011_1
1000001001101001_1
1111111011101011_0
1000001001101001_0
1111111011101011_1
1000001001101001_1
1111111011101011_0
1000001001101001_0
1111111011101011_1
1000001001101001_1
1111111011101011_0
1000001001101001_0
1111111011101011_1
1000001001101001_1
1111111011101011_0
1000001001101001_0
1111111011101011_1
1000001001101001_1
1111111011101011_0
1000001001101001_0
1111111011101011_1
1000001001101001_1
1111111011101011_0
1000001001101001_0
1111111011101011_1
1000001001101001_1
1111111011101011_0
1000001001101001_0
1111111011101011_1
1000001001101001_1
0000000001111111_0
0000000001111111_1
0000000001111111_0
0000000001111111_1
0000000001111111_0
0000000001111111_1
0000000001111111_0
0000000001111111_1
0000000001111111_0
0000000001111111_1
0000000001111111_0
0000000001111111_1
0000000001111111_0
0000000001111111_1
0000000001111111_0
0000000001111111_1
0000000001111111_0
0000000001111111_1
0000000001111111_0
0000000001111111_1
0000000001111111_0
0000000001111111_1
0000000001111111_0
0000000001111111_1
0000000001111111_0
0000000001111111_1
0000000001111111_0
0001100000111101_0
0011100011101101_0
1010001100011001_0
1011000011111010_0
1101010110011111_1
0111000100001100_1
0010111000001011_1
1101100100010011_1
1010111000111011_1
0001101111001101_0
1101101101010000_0
1111101010100001_0
1000010110111011_1
1000010110111011_1
1000010110111011_1
1000010110111011_1
1000010110111011_1
1000010110111011_1
1000010110111011_1
1000010110111011_1
1000010110111011_1
1000010110111011_1
1000010110111011_1
1000010110111011_1
1000010110111011_1
1000010110111011_1
1000010110111011_1
1000010110111011_1
1000010110111011_0
1000010101000011_1
1000010101000011_1
1000010101000011_1
1000010101000011_1
1000010101000011_0
0111100011010101_1
1000010101000011_1
1000010101000011_1
1000010101000011_1
1000010101000011_1
1000010101000011_0
0111100011010101_1
1000010101000011_1
1000010101000011_1
1000010101000011_1
1000010101000011_1
1000010101000011_0
0111100011010101_1
1000010101000011_1
1000010101000011_1
1000010101000011_1
1000010101000011_1
1000010101000011_0
0111100011010101_1
1000010101000011_1
1000010101000011_1
1000010101000011_1
1000010101000011_1
1000010101000011_0
0111100011010101_1
0111100011010101_0
1011000111001000_1
1011000111001000_1
1011000111001000_1
1011000111001000_1
1011000111001000_1
1011000111001000_0
1011011100110100_1
1011000111001000_1
1011000111001000_1
1011000111001000_1
1011000111001000_1
1011000111001000_1
1011000111001000_0
1011011100110100_1
1011000111001000_1
1011000111001000_1
1011000111001000_1
1011000111001000_1
1011000111001000_1
1011000111001000_0
1011011100110100_1
1011000111001000_1
1011000111001000_1
1011000111001000_1
1011000111001000_1
1011000111001000_1
1011000111001000_0
1011011100110100_1
1011000111001000_1
1011000111001000_1
1011000111001000_1
1011000111001000_1
1011000111001000_1
1011000111001000_0
1011011100110100_1
1011000111001000_1
1011000111001000_1
1011000111001000_1
1011000111001000_1
1011000111001000_1
1011000111001000_0
1011011100110100_1
1011000111001000_1
1011000111001000_1
1011000111001000_1
1011000111001000_1
1011000111001000_1
1011000111001000_0
1011011100110100_1
1011000111001000_1
1011000111001000_1
1011000111001000_1
1011000111001000_1
1011000111001000_1
1011000111001000_0
1011011100110100_1
1011011100110100_0
1001111100000000_0
0100011000111101_0
1001111100000000_1
0100011000111101_1
1001111100000000_0
0100011000111101_0
1001111100000000_1
0100011000111101_1
1001111100000000_0
0100011000111101_0
1001111100000000_1
0100011000111101_1
1001111100000000_0
0100011000111101_0
1001111100000000_1
0100011000111101_1
1001111100000000_0
0100011000111101_0
1001111100000000_1
0100011000111101_1
1001111100000000_0
0100011000111101_0
1001111100000000_1
0100011000111101_1
1001111100000000_0
0100011000111101_0
1001111100000000_1
0100011000111101_1
1001111100000000_0
0100011000111101_0
1001111100000000_1
0100011000111101_1
1001111100000000_0
0100011000111101_0
1001111100000000_1
0100011000111101_1
1001111100000000_0
0100011000111101_0
1001111100000000_1
0100011000111101_1
1001111100000000_0
0100011000111101_0
1001111100000000_1
0100011000111101_1
1001111100000000_0
0100011000111101_0
1001111100000000_1
0100011000111101_1
1001111100000000_0
0100011000111101_0
1001111100000000_1
0100011000111101_1
1001111100000000_0
0100011000111101_0
1001111100000000_1
0100011000111101_1
1001111100000000_0
0100011000111101_0
1001111100000000_1
0100011000111101_1
1001111100000000_0
0100011000111101_0
1001111100000000_1
0100011000111101_1
1001111100000000_0
0100011000111101_0
1001111100000000_1
0100011000111101_1
1001111100000000_0
0100011000111101_0
1001111100000000_1
0100011000111101_1
1001111100000000_0
0100011000111101_0
1001111100000000_1
0100011000111101_1
1001111100000000_0
0100011000111101_0
1001111100000000_1
0100011000111101_1
1001111100000000_0
0100011000111101_0
1111011100101110_0
1111011100101110_0
1111011100101110_0
1111011100101110_0
1111011100101110_0
1111011100101110_0
1111011100101110_0
1111011100101110_0
1111011100101110_0
1111011100101110_0
1111011100101110_0
1111011100101110_0
1111011100101110_0
1111011100101110_0
1111011100101110_0
1111011100101110_0
1111011100101110_0
1111011100101110_0
1111011100101110_0
1111011100101110_0
0111101111000001_1
0000001100000010_1
0111101111000001_0
0000001100000010_0
0111101111000001_1
0000001100000010_1
0111101111000001_0
0000001100000010_0
0111101111000001_1
0000001100000010_1
0111101111000001_0
0000001100000010_0
0111101111000001_1
0000001100000010_1
0111101111000001_0
0000001100000010_0
0111101111000001_1
0000001100000010_1
0111101111000001_0
0000001100000010_0
0111101111000001_1
0000001100000010_1
0111101111000001_0
0000001100000010_0
0111101111000001_1
0000001100000010_1
0111101111000001_0
0000001100000010_0
0111101111000001_1
0000001100000010_1
0111101111000001_0
0000001100000010_0
0111101111000001_1
0000001100000010_1
0111101111000001_0
0000001100000010_0
0111101111000001_1
0000001100000010_1
0111101111000001_0
0000001100000010_0
0111101111000001_1
0000001100000010_1
0111101111000001_0
0000001100000010_0
0111101111000001_1
0000001100000010_1
0111101111000001_0
0000001100000010_0
1001100101000111_0
1001100101000111_1
1001100101000111_0
1001100101000111_1
1001100101000111_0
1001100101000111_1
1001100101000111_0
1001100101000111_1
1001100101000111_0
1001100101000111_1
1001100101000111_0
1001100101000111_1
1001100101000111_0
1001100101000111_1
1001100101000111_0
1001100101000111_1
1001100101000111_0
1001100101000111_1
1001100101000111_0
1001100101000111_1
1001100101000111_0
1001100101000111_1
1001100101000111_0
1001100101000111_1
1001100101000111_0
1001100101000111_1
1001100101000111_0
1001100101000111_1
1010101011001001_1
1010101011001001_1
1010101011001001_1
1010101011001001_1
1010101011001001_1
1010101011001001_1
1010101011001001_1
1010101011001001_1
1010101011001001_1
1010101011001001_1
1010101011001001_1
1010101011001001_1
1010101011001001_1
1010101011001001_1
1010101011001001_1
1010101011001001_1
1010101011001001_1
1010101011001001_1
1010101011001001_1
1010101011001001_1
1010101011001001_0
0111101101000110_1
1010101011001001_1
1010101011001001_1
1010101011001001_1
1010101011001001_1
1010101011001001_1
1010101011001001_1
1010101011001001_1
1010101011001001_1
1010101011001001_1
1010101011001001_1
1010101011001001_1
1010101011001001_1
1010101011001001_1
1010101011001001_1
1010101011001001_1
1010101011001001_1
1010101011001001_1
1010101011001001_1
1010101011001001_1
1010101011001001_1
1010101011001001_0
0111101101000110_1
1010101011001001_1
1010101011001001_1
1010101011001001_1
1010101011001001_1
1010101011001001_1
1010101011001001_1
1010101011001001_1
1010101011001001_1
1010101011001001_1
1010101011001001_1
1010101011001001_1
1010101011001001_1
1010101011001001_1
1010101011001001_1
1010101011001001_1
1010101011001001_1
1010101011001001_1
1010101011001001_1
1010101011001001_1
1010101011001001_1
1010101011001001_0
0111101101000110_1
0111101101000110_0
0101011010100010_1
0101011010100010_1
0101011010100010_1
0101011010100010_1
0101011010100010_1
0101011010100010_1
0101011010100010_1
0101011010100010_1
0101011010100010_1
0101011010100010_1
0101011010100010_1
0101011010100010_1
0101011010100010_1
0101011010100010_1
0101011010100010_1
0101011010100010_1
0101011010100010_1
0101011010100010_1
0101011010100010_1
0101011010100010_1
1100111111101100_1
1100111111101100_1
1100111111101100_1
1100111111101100_1
1100111111101100_1
1100111111101100_1
1100111111101100_0
1110110000011111_1
1100111111101100_1
1100111111101100_1
1100111111101100_1
1100111111101100_1
1100111111101100_1
1100111111101100_1
1100111111101100_0
1110110000011111_1
1100111111101100_1
1100111111101100_1
1100111111101100_1
1100111111101100_1
1100111111101100_1
1100111111101100_1
1100111111101100_0
1110110000011111_1
1100111111101100_1
1100111111101100_1
1100111111101100_1
1100111111101100_1
1100111111101100_1
1100111111101100_1
1100111111101100_0
1110110000011111_1
1100111111101100_1
1100111111101100_1
1100111111101100_1
1100111111101100_1
1100111111101100_1
1100111111101100_1
1100111111101100_0
1110110000011111_1
1110110000011111_0
1011100010010000_1
0110100110110001_0
0001111011100011_1
1001101110011001_0
0011100010011111_1
1110010101100010_0
0101001010011000_1
1110001111100000_1
1011100111010111_1
0101011000010000_0
0000010110001001_1
0000010110001001_1
0000010110001001_1
0000010110001001_1
0000010110001001_1
0000010110001001_1
0000010110001001_1
0000010110001001_1
0000010110001001_1
0000010110001001_1
0000010110001001_1
0000010110001001_1
0000010110001001_1
0000010110001001_1
0000010110001001_1
0000010110001001_1
0000010110001001_1
0000010110001001_1
0000010110001001_1
0000010110001001_1
0000010110001001_1
0000010110001001_1
0000010110001001_1
0000010110001001_1
0000010110001001_1
0000010110001001_1
0000010110001001_1
0000010110001001_1
0000010110001001_1
0000010110001001_1
0000010110001001_1
0000010110001001_1
0000010110001001_1
0000010110001001_1
0000010110001001_0
0010101011111110_0
0010101011111110_0
0010101011111110_0
0010101011111110_0
0010101011111110_0
0010101011111110_0
0010101011111110_0
0010101011111110_0
0010101011111110_0
0010101011111110_0
0010101011111110_0
0010101011111110_0
0010101011111110_0
0010101011111110_0
0010101011111110_0
0010101011111110_0
0010101011111110_0
0010101011111110_0
0010101011111110_0
0010101011111110_0
1000011101100011_0
1000011101100011_1
1000011101100011_0
1000011101100011_1
1000011101100011_0
1000011101100011_1
1000011101100011_0
1000011101100011_1
1000011101100011_0
1000011101100011_1
1000011101100011_0
1000011101100011_1
1000011101100011_0
1000011101100011_1
1000011101100011_0
1000011101100011_1
1000011101100011_0
1000011101100011_1
1000011101100011_0
1000011101100011_1
1000011101100011_0
1000011101100011_1
1000011101100011_0
1000011101100011_1
1000011101100011_0
1000011101100011_1
1101111001010100_0
1101111001010100_0
1101111001010100_0
1101111001010100_0
1101111001010100_0
1101111001010100_0
1101111001010100_0
1101111001010100_0
1101111001010100_0
1101111001010100_0
1101111001010100_0
1101111001010100_0
1101111001010100_0
1101111001010100_0
1101111001010100_0
1101111001010100_0
1101111001010100_0
1101111001010100_0
1101111001010100_0
1101111001010100_0
0110000100101110_0
0110000100101110_0
0110000100101110_0
0110000100101110_0
0110000100101110_0
0110000100101110_0
0110000100101110_0
0110000100101110_0
0110000100101110_0
0110000100101110_0
0110000100101110_0
0110000100101110_0
0110000100101110_0
0110000100101110_0
0110000100101110_0
0110000100101110_0
0110000100101110_0
0110000100101110_0
0110000100101110_0
0110000100101110_0
0000010001000000_0
0000010001000000_1
0000010001000000_0
0000010001000000_1
0000010001000000_0
0000010001000000_1
0000010001000000_0
0000010001000000_1
0000010001000000_0
0000010001000000_1
0000010001000000_0
0000010001000000_1
0000010001000000_0
0000010001000000_1
0000010001000000_0
0000010001000000_1
0000010001000000_0
0000010001000000_1
0000010001000000_0
0000010001000000_1
0000010001000000_0
0000010001000000_1
0000010001000000_0
0000010001000000_1
0000010001000000_0
0000010001000000_1
0000010001000000_0
0000010001000000_1
0000010001000000_0
0000010001000000_1
0000010001000000_0
0000010001000000_1
0000010001000000_0
0000010001000000_1
0000010001000000_0
0000010001000000_1
0000010001000000_0
0000010001000000_1
0000010001000000_0
0000010001000000_1
0000010001000000_0
0000010001000000_1
1001001001101011_0
1001001001101011_1
1001001001101011_0
1001001001101011_1
1001001001101011_1
1001001001101011_1
1001001001101011_1
1001001001101011_0
1001001001101011_1
1001001001101011_0
1001001001101011_0
1001001001101011_1
1001001001101011_0
1010011101000001_1
0101111001111100_1
1010001111101011_0
1011110010101111_0
1011110100010001_1
0111101010001111_0
0001010100011111_0
1100111001110011_0
0110111011010001_1
1101100010010000_1
0101000010100001_1
0010100100010100_0
0111010001111010_0
0100011011001111_1
1100110110000010_0
0001010001110011_1
1111010101110100_0
0110111111000001_1
0000000101101111_0
1101100111010011_0
1001000100000111_0
0001110001010000_1
1010110101100101_0
1110000010011100_0
0101101001000001_0
1100000111110101_1
0000001000100101_1
1011001000111010_0
1111000000001011_0
1010010110111011_1
1101101101010011_0
1100110101111111_0
0001111010111001_1
1001100000010101_1
1011110010111110_1
0100011000010001_1
1010111111010011_0
0110000010110000_0
1110010100001010_0
0100101100111000_1
1101010100101111_1
0111101100000000_1
1100101011101101_1
0011101001111111_0
0101110001101010_0
0011100101111011_0
1000000111001001_0
0110000000000101_1
1111101010000010_0
0111001111111110_0
0111001111111110_0
0111001111111110_0
0111001111111110_0
0111001111111110_0
0111001111111110_0
0111001111111110_0
0111001111111110_0
0111001111111110_0
0111001111111110_0
0111001111111110_0
0111001111111110_0
0111001111111110_0
0111001111111110_0
0111001111111110_0
0111001111111110_0
0111001111111110_0
0111001111111110_0
0111001111111110_0
0111001111111110_0
0010100100010011_0
0010100100010011_1
0010100100010011_1
0010100100010011_1
0010100100010011_0
0010100100010011_0
0010100100010011_1
1110101110000011_1
1110101110000011_0
1110101110000011_1
1110101110000011_1
1110101110000011_1
1110101110000011_1
1110101110000011_1
1110101110000011_1
1110101110000011_1
1110101110000011_1
1110101110000011_1
1110101110000011_0
1110101110000011_1
1110101110000011_1
1110101110000011_1
1110101110000011_0
1110101110000011_1
0011101010111011_0
1011010110010110_0
0011101010111011_1
1011010110010110_1
0011101010111011_0
1011010110010110_0
0011101010111011_1
1011010110010110_1
0011101010111011_0
1011010110010110_0
0011101010111011_1
1011010110010110_1
0011101010111011_0
1011010110010110_0
0011101010111011_1
1011010110010110_1
0011101010111011_0
1011010110010110_0
0011101010111011_1
1011010110010110_1
0011101010111011_0
1011010110010110_0
0011101010111011_1
1011010110010110_1
0011101010111011_0
1011010110010110_0
0011101010111011_1
1011010110010110_1
0011101010111011_0
1011010110010110_0
0011101010111011_1
1011010110010110_1
0011101010111011_0
1011010110010110_0
0011101010111011_1
1011010110010110_1
0011101010111011_0
1011010110010110_0
0011101010111011_1
1011010110010110_1
0011101010111011_0
1011010110010110_0
0011101010111011_1
1011010110010110_1
0011101010111011_0
1011010110010110_0
0011101010111011_1
1011010110010110_1
0011101010111011_0
1011010110010110_0
0011101010111011_1
1011010110010110_1
0011101010111011_0
1011010110010110_0
0011101010111011_1
1011010110010110_1
0011101010111011_0
1011010110010110_0
0011101010111011_1
1011010110010110_1
0011101010111011_0
1011010110010110_0
0000010111110110_0
0000010111110110_1
0000010111110110_0
0000010111110110_1
0000010111110110_0
0000010111110110_1
0000010111110110_0
0000010111110110_1
0000010111110110_0
0000010111110110_1
0000010111110110_0
0000010111110110_1
0000010111110110_0
0000010111110110_1
0000010111110110_0
0000010111110110_1
0000010111110110_0
0000010111110110_1
0000010111110110_0
0000010111110110_1
0000010111110110_0
0000010111110110_1
0000010111110110_0
0000010111110110_1
0000010111110110_0
0000010111110110_1
0000010111110110_0
0000010111110110_1
0000010111110110_0
0000010111110110_1
0000010111110110_0
0000010111110110_1
0000010111110110_0
0000010111110110_1
0000010111110110_0
0000010111110110_1
0111101010000101_0
0111101010000101_1
0111101010000101_0
0111101010000101_1
0111101010000101_0
0111101010000101_0
0111101010000101_1
0111101010000101_0
0111101010000101_0
0111101010000101_1
0111101010000101_1
0111101010000101_0
0111101010000101_0
0111101010000101_0
0111101010000101_1
0111101010000101_1
0010010111000011_1
0010010111000011_0
0010010111000011_0
0010010111000011_1
0010010111000011_0
0010010111000011_1
0010010111000011_1
0010010111000011_0
0010010111000011_0
0010010111000011_1
0000011100010000_0
0000011100010000_0
0000011100010000_0
0000011100010000_0
0000011100010000_0
0000011100010000_0
0000011100010000_0
0000011100010000_0
0000011100010000_0
0000011100010000_0
0000011100010000_0
0000011100010000_0
0000011100010000_0
0000011100010000_0
0000011100010000_0
0000011100010000_0
0000011100010000_0
0000011100010000_0
0000011100010000_0
0000011100010000_0
1010111101001010_1
1010111101001010_1
1010111101001010_1
1010111101001010_1
1010111101001010_1
1010111101001010_1
1010111101001010_1
1010111101001010_1
1010111101001010_1
1010111101001010_1
1010111101001010_1
1010111101001010_1
1010111101001010_1
1010111101001010_1
1010111101001010_0
1111011111001010_0
1111011111001010_0
1111011111001010_0
1111011111001010_0
1111011111001010_0
1111011111001010_0
1111011111001010_0
1111011111001010_0
1111011111001010_0
1111011111001010_0
1111011111001010_0
1111011111001010_0
1111011111001010_0
1111011111001010_0
1111011111001010_0
1111011111001010_0
1111011111001010_0
1111011111001010_0
1111011111001010_0
1111011111001010_0
0001001000100111_1
0001001000100111_1
0001001000100111_1
0001001000100111_1
0001001000100111_1
0001001000100111_1
0001001000100111_1
0001001000100111_1
0001001000100111_1
0001001000100111_0
1111001110010110_1
1111001110010110_1
1111001110010110_1
1111001110010110_1
1111001110010110_1
1111001110010110_1
1111001110010110_1
1111001110010110_1
1111001110010110_1
1111001110010110_1
1111001110010110_1
1111001110010110_1
1111001110010110_1
1111001110010110_1
1111001110010110_1
1111001110010110_1
1111001110010110_1
1111001110010110_0
1100100011111110_1
1111001110010110_1
1111001110010110_1
1111001110010110_1
1111001110010110_1
1111001110010110_1
1111001110010110_1
1111001110010110_1
1111001110010110_1
1111001110010110_1
1111001110010110_1
1111001110010110_1
1111001110010110_1
1111001110010110_1
1111001110010110_1
1111001110010110_1
1111001110010110_1
1111001110010110_1
1111001110010110_0
1100100011111110_1
1111001110010110_1
1111001110010110_1
1111001110010110_1
1111001110010110_1
1111001110010110_1
1111001110010110_1
1111001110010110_1
1111001110010110_1
1111001110010110_1
1111001110010110_1
1111001110010110_1
1111001110010110_1
1111001110010110_1
1111001110010110_1
1111001110010110_1
1111001110010110_1
1111001110010110_1
1111001110010110_0
1100100011111110_1
1111001110010110_1
1111001110010110_1
1111001110010110_1
1111001110010110_1
1111001110010110_1
1111001110010110_1
1111001110010110_1
1111001110010110_1
1111001110010110_1
1111001110010110_1
1111001110010110_1
1111001110010110_1
1111001110010110_1
1111001110010110_1
1111001110010110_1
1111001110010110_1
1111001110010110_1
1111001110010110_0
1100100011111110_1
1100100011111110_0
0111010101011010_1
0111010101011010_1
0111010101011010_1
0111010101011010_1
0111010101011010_1
0111010101011010_1
0111010101011010_1
0111010101011010_1
0111010101011010_1
0111010101011010_1
0111010101011010_1
0111010101011010_1
0111010101011010_1
0111010101011010_1
0111010101011010_1
0111010101011010_1
0111010101011010_1
0111010101011010_1
0111010101011010_1
0111010101011010_1
1011100011001100_1
1011100011001100_1
1011100011001100_0
1011100011001100_1
1011100011001100_0
1011100011001100_0
1011100011001100_1
1011100011001100_0
1011100011001100_0
1011100011001100_1
1011100011001100_1
1010101011100101_0
1010101011100101_0
1010101011100101_0
1010101011100101_0
1010101011100101_0
1010101011100101_0
1010101011100101_0
1010101011100101_0
1010101011100101_0
1010101011100101_0
1010101011100101_0
1010101011100101_0
1010101011100101_0
1010101011100101_0
1010101011100101_0
1010101011100101_0
1010101011100101_0
1010101011100101_0
1010101011100101_0
1010101011100101_0
0000101010000000_1
0111111101011010_1
0000101010000000_0
0111111101011010_0
0000101010000000_1
0111111101011010_1
0000101010000000_0
0111111101011010_0
0000101010000000_1
0111111101011010_1
0000101010000000_0
0111111101011010_0
0000101010000000_1
0111111101011010_1
0000101010000000_0
0111111101011010_0
0000101010000000_1
0111111101011010_1
0000101010000000_0
0111111101011010_0
0000101010000000_1
0111111101011010_1
0000101010000000_0
0111111101011010_0
0000101010000000_1
0111111101011010_1
0000101010000000_0
0111111101011010_0
0000101010000000_1
0111111101011010_1
0000101010000000_0
0111111101011010_0
0000101010000000_1
0111111101011010_1
0000101010000000_0
0111111101011010_0
0000101010000000_1
0111111101011010_1
0000101010000000_0
0111111101011010_0
0000101010000000_1
0111111101011010_1
0000101010000000_0
0111111101011010_0
0000101010000000_1
0111111101011010_1
0000101010000000_0
0111111101011010_0
0000101010000000_1
0111111101011010_1
0000101010000000_0
0111111101011010_0
0000101010000000_1
0111111101011010_1
0000101010000000_0
0111111101011010_0
0000101010000000_1
0111111101011010_1
0000101010000000_0
0111111101011010_0
0000101010000000_1
0111111101011010_1
0000101010000000_0
0111111101011010_0
0000101010000000_1
0111111101011010_1
0000101010000000_0
0111111101011010_0
0000101010000000_1
0111111101011010_1
0000101010000000_0
0111111101011010_0
0000101010000000_1
0111111101011010_1
0000101010000000_0
0111111101011010_0
0000101010000000_1
0111111101011010_1
0000101010000000_0
0111111101011010_0
0000101010000000_1
0111111101011010_1
0000101010000000_0
0111111101011010_0
0000101010000000_1
0111111101011010_1
0000101010000000_0
0111111101011010_0
0000101010000000_1
0111111101011010_1
0000101010000000_0
0111111101011010_0
0000101010000000_1
0111111101011010_1
0000101010000000_0
0111111101011010_0
0100101010101010_1
0100101010101010_1
0100101010101010_1
0100101010101010_1
0100101010101010_1
0100101010101010_1
0100101010101010_1
0100101010101010_1
0100101010101010_1
0100101010101010_1
0100101010101010_1
0100101010101010_1
0100101010101010_1
0100101010101010_1
0100101010101010_0
1000101111110010_0
1000011000101101_1
0100011100110111_0
0011000011000100_0
1101101000111101_0
1011100111001111_1
0111100111100000_0
0010010011100001_1
1010111011011001_1
0111110110001011_1
1100111111011010_1
0001111011110011_1
1010010101111010_1
1011110000001100_0
0111100000111001_1
0100110100110110_0
0110100100100101_0
1110100000000000_1
1110010000011010_1
1001101011010101_0
0010000111110101_0
1001101001011100_1
1000000100010101_1
0010010110100001_0
0010100011111001_0
1001101111000100_1
1110111110001100_1
1101101101000110_0
1111100000010010_1
0101100110111000_1
1000001111011100_0
0101010001000001_1
0111100101001011_0
0110111111000110_0
1110010101010101_1
1110010101010101_1
1110010101010101_1
1110010101010101_1
1110010101010101_1
1110010101010101_1
1110010101010101_1
1110010101010101_1
1110010101010101_1
1110010101010101_1
1110010101010101_1
1110010101010101_1
1110010101010101_1
1110010101010101_1
1110010101010101_1
1110010101010101_1
1110010101010101_1
1110010101010101_1
1110010101010101_1
1110010101010101_1
1001000010110101_0
0011001011111010_0
1001000010110101_1
0011001011111010_1
1001000010110101_0
0011001011111010_0
1001000010110101_1
0011001011111010_1
1001000010110101_0
0011001011111010_0
1001000010110101_1
0011001011111010_1
1001000010110101_0
0011001011111010_0
1001000010110101_1
0011001011111010_1
1001000010110101_0
0011001011111010_0
1001000010110101_1
0011001011111010_1
1001000010110101_0
0011001011111010_0
1001000010110101_1
0011001011111010_1
1001000010110101_0
0011001011111010_0
1001000010110101_1
0011001011111010_1
1001000010110101_0
0011001011111010_0
1001000010110101_1
0011001011111010_1
1001000010110101_0
0011001011111010_0
1001000010110101_1
0011001011111010_1
1001000010110101_0
0011001011111010_0
1001000010110101_1
0011001011111010_1
1001000010110101_0
0011001011111010_0
1001000010110101_1
0011001011111010_1
1001000010110101_0
0011001011111010_0
1001000010110101_1
0011001011111010_1
1001000010110101_0
0011001011111010_0
1001000010110101_1
0011001011111010_1
1001000010110101_0
0011001011111010_0
0100001000001110_1
0100001000001110_1
0100001000001110_1
0100001000001110_1
0100001000001110_1
0100001000001110_1
0100001000001110_1
0100001000001110_1
0100001000001110_0
0010010110011010_1
0010010110011010_1
0010010110011010_1
0010010110011010_1
0010010110011010_1
0010010110011010_1
0010010110011010_1
0010010110011010_1
0010010110011010_0
0010010110011010_1
0010010110011010_1
0010010110011010_1
0010010110011010_0
0010010110011010_1
0010010110011010_0
0010110010100101_1
0010110010100101_1
0010110010100101_1
0010110010100101_1
0010110010100101_1
0010110010100101_1
0010110010100101_1
0010110010100101_1
0010110010100101_1
0010110010100101_1
0010110010100101_1
0010110010100101_1
0010110010100101_1
0010110010100101_1
0010110010100101_1
0010110010100101_1
0010110010100101_1
0010110010100101_1
0010110010100101_1
0010110010100101_1
0010110010100101_1
0010110010100101_1
0010110010100101_1
0010110010100101_1
0010110010100101_1
0010110010100101_1
0010110010100101_0
1100110010010010_0
1100110010010010_0
1100110010010010_0
1100110010010010_0
1100110010010010_0
1100110010010010_0
1100110010010010_0
1100110010010010_0
1100110010010010_0
1100110010010010_0
1100110010010010_0
1100110010010010_0
1100110010010010_0
1100110010010010_0
1100110010010010_0
1100110010010010_0
1100110010010010_0
1100110010010010_0
1100110010010010_0
1100110010010010_0
0000011011110110_0
1010001000111111_1
0001110010101110_1
1010100010001000_0
0010111111011000_0
0100111111111000_0
0100100100001010_0
1011011100110111_1
1101100010110001_1
0100111010001011_1
0111010111000010_1
1111010010000010_0
1001111001010110_1
1000111001111000_1
1000110001000000_0
1000000101111110_0
1111001110010111_0
1011100110011001_0
0111010011010010_1
0010111000001000_0
0100010010101110_0
0001111011001110_0
0101110100010111_1
1011101100110001_0
0101101011011000_0
0000111011011110_1
0111110000110100_1
1111111101110100_0
1011000000111110_1
1110101110010010_0
1010010111001101_0
0011011100110010_0
0010000110000001_1
1011001110001100_0
0111010011001011_1
1101000111100010_1
0111001010111010_0
1000000011111100_0
1000011001001110_1
0111011001110111_0
1011010101100111_0
0111011001110111_1
1011010101100111_1
0111011001110111_0
1011010101100111_0
0111011001110111_1
1011010101100111_1
0111011001110111_0
1011010101100111_0
0111011001110111_1
1011010101100111_1
0111011001110111_0
1011010101100111_0
0111011001110111_1
1011010101100111_1
0111011001110111_0
1011010101100111_0
0111011001110111_1
1011010101100111_1
0111011001110111_0
1011010101100111_0
0111011001110111_1
1011010101100111_1
0111011001110111_0
1011010101100111_0
0111011001110111_1
1011010101100111_1
0111011001110111_0
1011010101100111_0
0111011001110111_1
1011010101100111_1
0111011001110111_0
1011010101100111_0
0111011001110111_1
1011010101100111_1
0111011001110111_0
1011010101100111_0
0111011001110111_1
1011010101100111_1
0111011001110111_0
1011010101100111_0
0111011001110111_1
1011010101100111_1
0111011001110111_0
1011010101100111_0
0111011001110111_1
1011010101100111_1
0111011001110111_0
1011010101100111_0
0111011001110111_1
1011010101100111_1
0111011001110111_0
1011010101100111_0
0111011001110111_1
1011010101100111_1
0111011001110111_0
1011010101100111_0
0111011001110111_1
1011010101100111_1
1000111010101111_1
1000111010101111_1
1000111010101111_1
1000111010101111_1
1000111010101111_1
1000111010101111_1
1000111010101111_1
1000111010101111_1
1000111010101111_1
1000111010101111_1
1000111010101111_1
1000111010101111_1
1000111010101111_1
1000111010101111_1
1000111010101111_1
1000111010101111_1
1000111010101111_1
1000111010101111_1
1000111010101111_1
1000111010101111_1
0110111011100111_0
1111010001101001_1
0100010111100110_1
1001000010101100_0
1010100110111110_0
1111100010011010_0
0101001010111100_1
1110011111110101_0
0001101010110000_0
1011100010000001_0
1110000011001110_0
1101111010011111_0
1001100001011111_0
0011100100011110_0
0000010011010011_0
1001101011111100_0
1011010000001110_0
0101011001100101_1
1100101101011010_0
1101010000010010_1
1100101100011001_1
0001000011011010_0
0110011100011011_0
0001001101100100_0
0111011010011000_1
0011010110110001_0
0001100010111101_1
0010000100001101_0
0011110110101101_1
0100010110001000_1
0000000101010000_0
0111001010100100_0
0011100110000111_1
1111111000010110_0
1011001011101010_0
0111001010101010_0
1000101111000011_0
0000011111001001_1
1000100110111010_0
0001011000011101_0
0001100010000000_1
1000100011001111_0
1000100011001111_1
1000100011001111_0
1000100011001111_1
1000100011001111_0
1000100011001111_1
1000100011001111_0
1000100011001111_1
1000100011001111_0
1000100011001111_1
1000100011001111_0
1000100011001111_1
1000100011001111_0
1000100011001111_1
1000100011001111_0
1000100011001111_1
1000100011001111_0
1000100011001111_1
1000100011001111_0
1000100011001111_1
0001010100110011_0
0001010100110011_1
0001010100110011_0
0001010100110011_1
0001010100110011_0
0001010100110011_1
0001010100110011_0
0001010100110011_1
0001010100110011_0
0001010100110011_1
0001010100110011_0
0001010100110011_1
0001010100110011_0
0001010100110011_1
0001010100110011_0
0001010100110011_1
0001010100110011_0
0001010100110011_1
0001010100110011_0
0001010100110011_1
0001010100110011_0
0001010100110011_1
0001010100110011_0
0001010100110011_1
0001010100110011_0
0001010100110011_1
0001010100110011_0
0001010100110011_1
0001010100110011_0
0001010100110011_1
0001010100110011_0
0001010100110011_1
0001010100110011_0
0001010100110011_1
0001010100110011_0
0001010100110011_1
0001010100110011_0
0001010100110011_1
0001010100110011_0
0001010100110011_1
0001010100110011_0
0001010100110011_1
0001010100110011_0
0001010100110011_1
0001010100110011_0
0001010100110011_1
0001010100110011_0
0001010100110011_1
0001010100110011_0
1010100101011000_1
1000100110000100_1
1101100000001011_1
1101011010011010_1
0100110101101110_1
1100010101010101_1
0100100100111110_0
0111101001101010_1
1100000100000001_0
0110010110010111_0
0010110001110010_0
0001100101011001_1
1010011000010100_1
1010000110011000_1
0000000001111010_1
1111000011110011_1
1100001010000001_0
1100000111110110_1
0010000011010100_1
1000100001100110_1
0010010011011100_0
1000011110100100_1
1111001001010001_1
1111010000000111_0
0100100010111111_0
1011101001101010_0
0101011010011000_1
0111101000101111_0
0100111000001110_1
0101101011111101_0
1010010011011000_1
1011100100111000_1
0011111011111110_1
0100111011000100_1
1100000000010011_0
1011101011000011_1
1001101011010100_1
0010110100001110_1
1100101010000101_1
1110010001110100_0
1110011000001100_1
0101100101011001_0
0000001100000111_0
1011101111011101_1
0111100110101010_1
1100001100100011_0
1100001100100011_1
1100001100100011_0
1100001100100011_1
1100001100100011_0
1100001100100011_1
1100001100100011_0
1100001100100011_1
1100001100100011_0
1100001100100011_1
1100001100100011_0
1100001100100011_1
1100001100100011_0
1100001100100011_1
1100001100100011_0
1100001100100011_1
1100001100100011_0
1100001100100011_1
1100001100100011_0
1100001100100011_1
1100001100100011_0
1100001100100011_1
1100001100100011_0
1100001100100011_1
1100001100100011_0
1100001100100011_1
1100001100100011_0
1100001100100011_1
1100001100100011_0
1100001100100011_1
1100001100100011_0
1100001100100011_1
1100001100100011_0
1100001100100011_1
1100001100100011_0
1100001100100011_1
0110011011010110_1
0110011011010110_1
0110011011010110_1
0110011011010110_1
0110011011010110_1
0110011011010110_0
0101101101011011_1
1000110010010111_1
1000001011100000_0
1000011111100011_1
0010111011000010_1
0010110101111011_0
0100000110110000_1
1001010010110110_1
0001011001111010_1
1100000001011111_1
0001010101100000_1
1101000011011011_1
1000001101111010_1
1100010101001101_0
0100001001001010_0
1100010101001101_1
0100001001001010_1
1100010101001101_0
0100001001001010_0
1100010101001101_1
0100001001001010_1
1100010101001101_0
0100001001001010_0
1100010101001101_1
0100001001001010_1
1100010101001101_0
0100001001001010_0
1100010101001101_1
0100001001001010_1
1100010101001101_0
0100001001001010_0
1100010101001101_1
0100001001001010_1
1100010101001101_0
0100001001001010_0
1100010101001101_1
0100001001001010_1
1100010101001101_0
0100001001001010_0
1100010101001101_1
0100001001001010_1
1100010101001101_0
0100001001001010_0
1100010101001101_1
0100001001001010_1
1100010101001101_0
0100001001001010_0
1100010101001101_1
0100001001001010_1
1100010101001101_0
0100001001001010_0
1100010101001101_1
0100001001001010_1
1100010101001101_0
0100001001001010_0
1100010101001101_1
0100001001001010_1
1100010101001101_0
0100001001001010_0
1100010101001101_1
0100001001001010_1
1100010101001101_0
0100001001001010_0
1100010101001101_1
0100001001001010_1
1100010101001101_0
0100001001001010_0
1100010101001101_1
0100001001001010_1
1100010101001101_0
0100001001001010_0
1100010101001101_1
0100001001001010_1
1100010101001101_0
0100001001001010_0
1100010101001101_1
0100001001001010_1
1100010101001101_0
0100001001001010_0
1100010101001101_1
0100001001001010_1
1100010101001101_0
0100001001001010_0
1100010101001101_1
0100001001001010_1
1100010101001101_0
0100001001001010_0
1100010101001101_1
0100001001001010_1
1100010101001101_0
0100001001001010_0
1100010101001101_1
0100001001001010_1
1100010101001101_0
0100001001001010_0
1100010101001101_1
0100001001001010_1
1100010101001101_0
0100001001001010_0
1100010101001101_1
0100001001001010_1
1100010101001101_0
0100001001001010_0
1100010101001101_1
0100001001001010_1
1100010101001101_0
0100001001001010_0
0010000001110000_0
0010000001110000_1
0010000001110000_0
0010000001110000_1
0010000001110000_0
0010000001110000_1
0010000001110000_0
0010000001110000_1
0010000001110000_0
0010000001110000_1
0010000001110000_0
0010000001110000_1
0010000001110000_0
0010000001110000_1
0010000001110000_0
0010000001110000_1
0010000001110000_0
0010000001110000_1
0010000001110000_0
0010000001110000_1
0010000001110000_0
0010000001110000_1
0010000001110000_0
0010000001110000_1
0010000001110000_0
0010000001110000_1
0010000001110000_0
0010000001110000_1
0010000001110000_0
0010000001110000_1
0010000001110000_0
0010000001110000_1
0010000001110000_0
0010010000111101_0
0010010000111101_1
0010010000111101_0
0010010000111101_1
0010010000111101_0
0010010000111101_1
0010010000111101_0
0010010000111101_1
0010010000111101_0
0010010000111101_1
0010010000111101_0
0010010000111101_1
0010010000111101_0
0010010000111101_1
0010010000111101_0
0010010000111101_1
0010010000111101_0
0010010000111101_1
0010010000111101_0
0010010000111101_1
0010010000111101_0
0010010000111101_1
0010010000111101_0
0010010000111101_1
0010010000111101_0
1100001001000001_0
1100001001000001_0
1100001001000001_0
1100001001000001_0
1100001001000001_0
1100001001000001_0
1100001001000001_0
1100001001000001_0
1100001001000001_0
1100001001000001_0
1100001001000001_0
1100001001000001_0
1100001001000001_0
1100001001000001_0
1100001001000001_0
1100001001000001_0
1100001001000001_0
1100001001000001_0
1100001001000001_0
1100001001000001_0
1101010001010101_1
1101010001010101_1
1101010001010101_1
1101010001010101_1
1101010001010101_1
1101010001010101_1
1101010001010101_1
1101010001010101_1
1101010001010101_1
1101010001010101_1
1101010001010101_1
1101010001010101_1
1101010001010101_1
1101010001010101_1
1101010001010101_1
1101010001010101_1
1101010001010101_1
1101010001010101_1
1101010001010101_1
1101010001010101_1
0000110100011010_0
0000110100011010_0
0000110100011010_0
0000110100011010_0
0000110100011010_0
0000110100011010_0
0000110100011010_0
0000110100011010_0
0000110100011010_0
0000110100011010_0
0000110100011010_0
0000110100011010_0
0000110100011010_0
0000110100011010_0
0000110100011010_0
0000110100011010_0
0000110100011010_0
0000110100011010_0
0000110100011010_0
0000110100011010_0
1110110011010010_1
1110110011010010_1
1110110011010010_0
1110110011010010_1
1110110011010010_1
1110110011010010_1
1110110011010010_1
1110110011010010_1
1110110011010010_1
1110110011010010_1
1110110011010010_1
1110110011010010_1
1110110011010010_1
1110110011010010_1
1110110011010010_1
1110110011010010_1
1110110011010010_1
1110110011010010_1
0011010000010010_1
0011010000010010_1
0011010000010010_1
0011010000010010_1
0011010000010010_1
0011010000010010_1
0011010000010010_1
0011010000010010_1
0011010000010010_1
0011010000010010_1
0011010000010010_1
0011010000010010_1
0011010000010010_1
0011010000010010_1
0011010000010010_1
0011010000010010_1
0011010000010010_1
0011010000010010_1
0011010000010010_1
0011010000010010_1
0011010000010010_1
0011010000010010_1
0011010000010010_1
0011010000010010_1
0011010000010010_1
0011010000010010_1
0011010000010010_1
0011010000010010_1
0011010000010010_1
0011010000010010_1
0011010000010010_1
0011010000010010_1
0011010000010010_1
0011010000010010_1
0011010000010010_1
0011010000010010_1
0011010000010010_0
0110111001100111_0
0110111001100111_1
0110111001100111_1
0110111001100111_0
0110111001100111_1
0110111001100111_0
0001100110100110_1
0001100110100110_1
0001100110100110_1
0001100110100110_1
0001100110100110_1
0001100110100110_1
0001100110100110_1
0001100110100110_1
0001100110100110_1
0001100110100110_1
0001100110100110_1
0001100110100110_1
0001100110100110_1
0001100110100110_0
1101000001011011_1
0001100110100110_1
0001100110100110_1
0001100110100110_1
0001100110100110_1
0001100110100110_1
0001100110100110_1
0001100110100110_1
0001100110100110_1
0001100110100110_1
0001100110100110_1
0001100110100110_1
0001100110100110_1
0001100110100110_1
0001100110100110_0
1101000001011011_1
0001100110100110_1
0001100110100110_1
0001100110100110_1
0001100110100110_1
0001100110100110_1
0001100110100110_1
0001100110100110_1
0001100110100110_1
0001100110100110_1
0001100110100110_1
0001100110100110_1
0001100110100110_1
0001100110100110_1
0001100110100110_0
1101000001011011_1
0001100110100110_1
0001100110100110_1
0001100110100110_1
0001100110100110_1
0001100110100110_1
0001100110100110_1
0001100110100110_1
0001100110100110_1
0001100110100110_1
0001100110100110_1
0001100110100110_1
0001100110100110_1
0001100110100110_1
0001100110100110_0
1101000001011011_1
1101000001011011_0
0110000101101000_0
0110000101101000_1
0110000101101000_0
0110000101101000_1
0110000101101000_0
0110000101101000_1
0110000101101000_0
0110000101101000_1
0110000101101000_0
0110000101101000_1
0110000101101000_0
0110000101101000_1
0110000101101000_0
0110000101101000_1
0110000101101000_0
0110000101101000_1
0110000101101000_0
0110000101101000_1
0110000101101000_0
0110000101101000_1
0110000101101000_0
0110000101101000_1
0110000101101000_0
0110000101101000_1
0110000101101000_0
0110000101101000_1
0110000101101000_0
0110000101101000_1
0110000101101000_0
0110000101101000_1
0110000101101000_0
0110000101101000_1
0110000101101000_0
0110000101101000_1
0110000101101000_0
0110000101101000_1
0110000101101000_0
0110000101101000_1
0110000101101000_0
0110000101101000_1
0110000101101000_0
0110000101101000_1
0110000101101000_0
0110000101101000_1
0110000101101000_0
0110000101101000_1
0110000101101000_0
0110000101101000_1
0110000101101000_0
0110000101101000_1
0110000101101000_0
0110000101101000_1
0110000101101000_0
0101111101001110_1
0101111101001110_1
0101111101001110_1
0101111101001110_1
0101111101001110_1
0101111101001110_1
0101111101001110_1
0101111101001110_1
0101111101001110_1
0101111101001110_1
0101111101001110_1
0101111101001110_1
0101111101001110_1
0101111101001110_1
0101111101001110_1
0101111101001110_1
0101111101001110_1
0101111101001110_1
0101111101001110_1
0101111101001110_1
0101111101001110_1
0101111101001110_1
0101111101001110_1
0101111101001110_1
0101111101001110_1
0101111101001110_1
0101111101001110_1
0101111101001110_1
0101111101001110_1
0101111101001110_1
0101111101001110_1
0101111101001110_1
0101111101001110_1
0101111101001110_1
0101111101001110_1
0101111101001110_1
0101111101001110_1
0101111101001110_1
0101111101001110_1
0101111101001110_0
1000011001010001_0
1010000001000110_1
1000001010010010_1
1100101000100000_1
0001101000110000_1
1001101111100110_0
1100001010101101_1
1000001110100000_1
0110011101101101_0
0001101010101101_0
1011111101100011_1
1111101001011100_0
1011101101000000_1
0110011010001001_1
0001101000110001_1
0000010001011011_0
1101000101011111_1
0001001000010100_1
0111000001111011_1
1001010101000011_0
0110101100110001_1
1100111111011111_1
0110100001100000_0
0001110110001101_0
1101111000010000_0
0001100100010001_0
0010010011010011_1
0101110000111110_0
0101010000001000_1
0111000100001101_1
0110110000001011_0
0100101010100011_0
0011001110100100_1
0011000011000010_0
0010111011011101_0
1101010001010010_0
1000001111100010_1
1101100101100010_0
0001110100000011_0
0001010101100001_0
1110010010000011_1
0111011100100000_1
0100111011010111_1
0110110111011101_0
0111011000101101_1
0001000011011101_1
1100001010001100_0
1001010100000101_0
0010111111101011_0
1110110111001100_0
0101111000101110_1
1010101010010110_1
0011101010001111_0
1011010000100001_0
0110101111000011_0
1001010011011110_1
1011001000100110_0
1111111000111011_0
0110011010101001_1
1000111101011100_1
0010110101000111_0
0100011110000111_1
1000101011010111_0
1001100110000111_0
0011001110001010_0
1011000001000111_0
0100110111101111_1
0001100110100000_0
1010101010010000_1
1110011000110101_1
0111111010101010_1
1011101001100100_0
0011100000100011_1
1110100011110011_0
1110100011110011_0
1110100011110011_0
1110100011110011_1
1110100011110011_0
1110100011110011_1
1110100011110011_0
1110100011110011_1
0010011100001000_0
0010011100001000_1
0010011100001000_0
0010011100001000_1
0010011100001000_0
0010011100001000_1
0010011100001000_0
0010011100001000_1
0010011100001000_0
0010011100001000_1
0010011100001000_0
0010011100001000_1
0010011100001000_0
0010011100001000_1
0010011100001000_0
0010011100001000_1
0010011100001000_0
0010011100001000_1
0010011100001000_0
0010011100001000_1
0010011100001000_0
0010011100001000_1
0010011100001000_0
0010011100001000_1
0010011100001000_0
0010011100001000_1
0010011100001000_0
0010011100001000_1
0010011100001000_0
0010011100001000_1
0010011100001000_0
0010011100001000_1
0010011100001000_0
0010011100001000_1
0010011100001000_0
0010011100001000_1
0010011100001000_0
0010011100001000_1
0010011100001000_0
0010011100001000_1
0010011100001000_0
0010011100001000_1
0010011100001000_0
0101011011100010_1
0101011011100010_1
0101011011100010_1
0101011011100010_1
0101011011100010_1
0101011011100010_1
0101011011100010_1
0101011011100010_1
0101011011100010_1
0101011011100010_1
0101011011100010_1
0101011011100010_1
0101011011100010_1
0101011011100010_0
1011100000001000_1
0101011011100010_1
0101011011100010_1
0101011011100010_1
0101011011100010_1
0101011011100010_1
0101011011100010_1
0101011011100010_1
0101011011100010_1
0101011011100010_1
0101011011100010_1
0101011011100010_1
0101011011100010_1
0101011011100010_1
0101011011100010_0
1011100000001000_1
0101011011100010_1
0101011011100010_1
0101011011100010_1
0101011011100010_1
0101011011100010_1
0101011011100010_1
0101011011100010_1
0101011011100010_1
0101011011100010_1
0101011011100010_1
0101011011100010_1
0101011011100010_1
0101011011100010_1
0101011011100010_0
1011100000001000_1
1011100000001000_0
1111010111100010_1
1111010111100010_1
1111010111100010_1
1111010111100010_1
1111010111100010_1
1111010111100010_1
1111010111100010_1
1111010111100010_1
1111010111100010_1
1111010111100010_1
1111010111100010_1
1111010111100010_1
1111010111100010_1
1111010111100010_1
1111010111100010_1
1111010111100010_1
1111010111100010_1
1111010111100010_1
1111010111100010_1
1111010111100010_1
1111010111100010_1
1111010111100010_1
1111010111100010_1
1111010111100010_1
1111010111100010_0
0011000000100010_1
0011000000100010_1
0011000000100010_1
0011000000100010_1
0011000000100010_1
0011000000100010_1
0011000000100010_1
0011000000100010_1
0011000000100010_1
0011000000100010_1
0011000000100010_0
1000010111000110_1
0011000000100010_1
0011000000100010_1
0011000000100010_1
0011000000100010_1
0011000000100010_1
0011000000100010_1
0011000000100010_1
0011000000100010_1
0011000000100010_1
0011000000100010_1
0011000000100010_0
1000010111000110_1
0011000000100010_1
0011000000100010_1
0011000000100010_1
0011000000100010_1
0011000000100010_1
0011000000100010_1
0011000000100010_1
0011000000100010_1
0011000000100010_1
0011000000100010_1
0011000000100010_0
1000010111000110_1
1000010111000110_0
0100111001011111_1
0100111001011111_1
0100111001011111_0
0100111001011111_1
0100111001011111_1
0100111001011111_0
0100111001011111_1
0100111001011111_0
0111101010110010_1
0111101010110010_1
0111101010110010_1
0111101010110010_0
0111101011010010_1
0111101010110010_1
0111101010110010_1
0111101010110010_1
0111101010110010_0
0111101011010010_1
0111101010110010_1
0111101010110010_1
0111101010110010_1
0111101010110010_0
0111101011010010_1
0111101011010010_0
0001101101111001_0
0001101101111001_1
0001101101111001_0
0001101101111001_1
0001101101111001_1
0001101101111001_1
0001101101111001_1
0001101101111001_0
0001101101111001_1
0001101101111001_0
0001101101111001_1
0111011111000100_0
0111110010110011_0
0111011111000100_1
0111110010110011_1
0111011111000100_0
0111110010110011_0
0111011111000100_1
0111110010110011_1
0111011111000100_0
0111110010110011_0
0111011111000100_1
0111110010110011_1
0111011111000100_0
0111110010110011_0
0111011111000100_1
0111110010110011_1
0111011111000100_0
0111110010110011_0
0111011111000100_1
0111110010110011_1
0111011111000100_0
0111110010110011_0
0111011111000100_1
0111110010110011_1
0111011111000100_0
0111110010110011_0
0111011111000100_1
0111110010110011_1
0111011111000100_0
0111110010110011_0
0111011111000100_1
0111110010110011_1
0111011111000100_0
0111110010110011_0
0111011111000100_1
0111110010110011_1
0111011111000100_0
0111110010110011_0
0111011111000100_1
0111110010110011_1
0111011111000100_0
0111110010110011_0
0111011111000100_1
0111110010110011_1
0111011111000100_0
0111110010110011_0
0111011111000100_1
0111110010110011_1
0111011111000100_0
0111110010110011_0
0111011111000100_1
0111110010110011_1
0111011111000100_0
0111110010110011_0
0111011111000100_1
0111110010110011_1
0111011111000100_0
0111110010110011_0
0111011111000100_1
0111110010110011_1
0111011111000100_0
0111110010110011_0
0111011111000100_1
0111110010110011_1
0111011111000100_0
0111110010110011_0
0111011111000100_1
0111110010110011_1
0111011111000100_0
0111110010110011_0
0111011111000100_1
0111110010110011_1
0111011111000100_0
0111110010110011_0
0111011111000100_1
0111110010110011_1
0111011111000100_0
0111110010110011_0
0111011111000100_1
0111110010110011_1
0111011111000100_0
0111110010110011_0
0111011111000100_1
0111110010110011_1
0111011111000100_0
0111110010110011_0
0111011111000100_1
0111110010110011_1
0111011111000100_0
0111110010110011_0
0111011111000100_1
0111110010110011_1
0010010101100111_0
1010110010110001_0
0010010101100111_1
1010110010110001_1
0010010101100111_0
1010110010110001_0
0010010101100111_1
1010110010110001_1
0010010101100111_0
1010110010110001_0
0010010101100111_1
1010110010110001_1
0010010101100111_0
1010110010110001_0
0010010101100111_1
1010110010110001_1
0010010101100111_0
1010110010110001_0
0010010101100111_1
1010110010110001_1
0010010101100111_0
1010110010110001_0
0010010101100111_1
1010110010110001_1
0010010101100111_0
1010110010110001_0
0010010101100111_1
1010110010110001_1
0010010101100111_0
1010110010110001_0
0010010101100111_1
1010110010110001_1
0010010101100111_0
1010110010110001_0
0010010101100111_1
1010110010110001_1
0010010101100111_0
1010110010110001_0
0010010101100111_1
1010110010110001_1
0010010101100111_0
1010110010110001_0
0101100101110010_1
1001101101110010_1
0101100101110010_0
1001101101110010_0
0101100101110010_1
1001101101110010_1
0101100101110010_0
1001101101110010_0
0101100101110010_1
1001101101110010_1
0101100101110010_0
1001101101110010_0
0101100101110010_1
1001101101110010_1
0101100101110010_0
1001101101110010_0
0101100101110010_1
1001101101110010_1
0101100101110010_0
1001101101110010_0
0101100101110010_1
1001101101110010_1
0101100101110010_0
1001101101110010_0
0101100101110010_1
1001101101110010_1
0101100101110010_0
1001101101110010_0
0101100101110010_1
1001101101110010_1
0101100101110010_0
1001101101110010_0
0101100101110010_1
1001101101110010_1
0101100101110010_0
1001101101110010_0
0101100101110010_1
1001101101110010_1
0101100101110010_0
1001101101110010_0
0101100101110010_1
1001101101110010_1
0101100101110010_0
1001101101110010_0
0101110110011000_0
0101110110011000_0
0101110110011000_0
0101110110011000_0
0101110110011000_0
0101110110011000_0
0101110110011000_0
0101110110011000_0
0101110110011000_0
0101110110011000_0
0101110110011000_0
0101110110011000_0
0101110110011000_0
0101110110011000_0
0101110110011000_0
0101110110011000_0
0101110110011000_0
0101110110011000_0
0101110110011000_0
0101110110011000_0
1010001010001100_1
1010001010001100_1
1010001010001100_1
1010001010001100_1
1010001010001100_1
1010001010001100_1
1010001010001100_1
1010001010001100_1
1010001010001100_1
1010001010001100_1
1010001010001100_1
1010001010001100_1
1010001010001100_1
1010001010001100_1
1010001010001100_1
1010001010001100_1
1010001010001100_1
1010001010001100_1
1010001010001100_1
1010001010001100_1
1010001010001100_1
1010001010001100_1
1010001010001100_1
1010001010001100_1
1010001010001100_1
1010001010001100_1
1010001010001100_1
1010001010001100_1
1010001010001100_1
1010001010001100_1
1010001010001100_1
1010001010001100_0
0001000010000001_1
0001000010000001_1
0001000010000001_1
0001000010000001_1
0001000010000001_1
0001000010000001_1
0001000010000001_1
0001000010000001_1
0001000010000001_1
0001000010000001_1
0001000010000001_1
0001000010000001_1
0001000010000001_1
0001000010000001_1
0001000010000001_1
0001000010000001_1
0001000010000001_1
0001000010000001_1
0001000010000001_1
0001000010000001_1
0111110101011011_1
0111110101011011_0
0111110101011011_1
0111110101011011_1
0111110101011011_0
0111110101011011_0
0111110101011011_0
0111110101011011_0
0111110101011011_0
0111110101011011_0
1010100011110101_0
1010100011110101_0
1010100011110101_0
1010100011110101_0
1010100011110101_0
1010100011110101_0
1010100011110101_0
1010100011110101_0
1010100011110101_0
1010100011110101_0
1010100011110101_0
1010100011110101_0
1010100011110101_0
1010100011110101_0
1010100011110101_0
1010100011110101_0
1010100011110101_0
1010100011110101_0
1010100011110101_0
1010100011110101_0
0010000000010010_0
0010000000010010_0
0010000000010010_1
0010000000010010_0
0010000000010010_0
0010000000010010_1
1111111000010001_0
1111111000010001_0
1111111000010001_0
1111111000010001_0
1111111000010001_0
1111111000010001_0
1111111000010001_0
1111111000010001_0
1111111000010001_0
1111111000010001_0
1111111000010001_0
1111111000010001_0
1111111000010001_0
1111111000010001_0
1111111000010001_0
1111111000010001_0
1111111000010001_0
1111111000010001_0
1111111000010001_0
1111111000010001_0
1001101100011110_1
1001101100011110_1
1001101100011110_1
1001101100011110_1
1001101100011110_1
1001101100011110_1
1001101100011110_1
1001101100011110_1
1001101100011110_1
1001101100011110_1
1001101100011110_1
1001101100011110_1
1001101100011110_1
1001101100011110_1
1001101100011110_1
1001101100011110_1
1001101100011110_1
1001101100011110_0
1000010011000011_1
1001101100011110_1
1001101100011110_1
1001101100011110_1
1001101100011110_1
1001101100011110_1
1001101100011110_1
1001101100011110_1
1001101100011110_1
1001101100011110_1
1001101100011110_1
1001101100011110_1
1001101100011110_1
1001101100011110_1
1001101100011110_1
1001101100011110_1
1001101100011110_1
1001101100011110_1
1001101100011110_0
1000010011000011_1
1000010011000011_0
1100010110001010_1
1100010110001010_1
1100010110001010_1
1100010110001010_1
1100010110001010_1
1100010110001010_1
1100010110001010_1
1100010110001010_1
1100010110001010_1
1100010110001010_1
1100010110001010_1
1100010110001010_1
1100010110001010_0
1101111011100010_1
1100010110001010_1
1100010110001010_1
1100010110001010_1
1100010110001010_1
1100010110001010_1
1100010110001010_1
1100010110001010_1
1100010110001010_1
1100010110001010_1
1100010110001010_1
1100010110001010_1
1100010110001010_1
1100010110001010_0
1101111011100010_1
1100010110001010_1
1100010110001010_1
1100010110001010_1
1100010110001010_1
1100010110001010_1
1100010110001010_1
1100010110001010_1
1100010110001010_1
1100010110001010_1
1100010110001010_1
1100010110001010_1
1100010110001010_1
1100010110001010_0
1101111011100010_1
1100010110001010_1
1100010110001010_1
1100010110001010_1
1100010110001010_1
1100010110001010_1
1100010110001010_1
1100010110001010_1
1100010110001010_1
1100010110001010_1
1100010110001010_1
1100010110001010_1
1100010110001010_1
1100010110001010_0
1101111011100010_1
1100010110001010_1
1100010110001010_1
1100010110001010_1
1100010110001010_1
1100010110001010_1
1100010110001010_1
1100010110001010_1
1100010110001010_1
1100010110001010_1
1100010110001010_1
1100010110001010_1
1100010110001010_1
1100010110001010_0
1101111011100010_1
1100010110001010_1
1100010110001010_1
1100010110001010_1
1100010110001010_1
1100010110001010_1
1100010110001010_1
1100010110001010_1
1100010110001010_1
1100010110001010_1
1100010110001010_1
1100010110001010_1
1100010110001010_1
1100010110001010_0
1101111011100010_1
1100010110001010_1
1100010110001010_1
1100010110001010_1
1100010110001010_1
1100010110001010_1
1100010110001010_1
1100010110001010_1
1100010110001010_1
1100010110001010_1
1100010110001010_1
1100010110001010_1
1100010110001010_1
1100010110001010_0
1101111011100010_1
1100010110001010_1
1100010110001010_1
1100010110001010_1
1100010110001010_1
1100010110001010_1
1100010110001010_1
1100010110001010_1
1100010110001010_1
1100010110001010_1
1100010110001010_1
1100010110001010_1
1100010110001010_1
1100010110001010_0
1101111011100010_1
1100010110001010_1
1100010110001010_1
1100010110001010_1
1100010110001010_1
1100010110001010_1
1100010110001010_1
1100010110001010_1
1100010110001010_1
1100010110001010_1
1100010110001010_1
1100010110001010_1
1100010110001010_1
1100010110001010_0
1101111011100010_1
1100010110001010_1
1100010110001010_1
1100010110001010_1
1100010110001010_1
1100010110001010_1
1100010110001010_1
1100010110001010_1
1100010110001010_1
1100010110001010_1
1100010110001010_1
1100010110001010_1
1100010110001010_1
1100010110001010_0
1101111011100010_1
1101111011100010_0
0010001011010101_1
0010001011010101_1
0010001011010101_1
0010001011010101_1
0010001011010101_1
0010001011010101_0
0010001011010101_1
0010001011010101_0
0010001011010101_0
0010001011010101_1
0010001011010101_1
0010001011010101_1
0010001011010101_1
1100001000001110_0
1100001000001110_1
1100001000001110_0
1100001000001110_1
1100001000001110_0
1100001000001110_1
1100001000001110_0
1100001000001110_1
1100001000001110_0
1100001000001110_1
1100001000001110_0
1100001000001110_1
1100001000001110_0
1100001000001110_1
1100001000001110_0
1100001000001110_1
1100001000001110_0
1100001000001110_1
1100001000001110_0
1100001000001110_1
1100001000001110_0
1100001000001110_1
1100001000001110_0
1100001000001110_1
1100001000001110_0
1100001000001110_1
1100001000001110_0
1100001000001110_1
1100001000001110_0
1100001000001110_1
1100001000001110_0
1100001000001110_1
1100001000001110_0
1100001000001110_1
1100001000001110_0
1100001000001110_1
1100001000001110_0
1100001000001110_1
1100001000001110_0
1100001000001110_1
1100001000001110_0
1100001000001110_1
1100001000001110_0
1100001000001110_1
1100001000001110_0
0111010011101001_0
0111010011101001_0
0111010011101001_1
0111010011101001_1
0111010011101001_1
0111010011101001_1
0111010011101001_0
0111010011101001_0
0111010011101001_1
0111010011101001_1
0111010011101001_1
0111010011101001_1
0111010011101001_1
0111010011101001_1
0111010011101001_1
0001000010101100_0
0001000010101100_0
0001000010101100_0
0001000010101100_0
0001000010101100_0
0001000010101100_0
0001000010101100_0
0001000010101100_0
0001000010101100_0
0001000010101100_0
0001000010101100_0
0001000010101100_0
0001000010101100_0
0001000010101100_0
0001000010101100_0
0001000010101100_0
0001000010101100_0
0001000010101100_0
0001000010101100_0
0001000010101100_0
0010110100001011_1
0101111111100100_1
1101000010011100_0
0011110111001101_0
0001010101000010_1
0101111001000011_1
1000101011111111_1
0100110101000011_1
0101010110110111_0
1011001111111110_1
1001110111111100_1
1010001100010001_0
0101001100001101_1
0000010010100011_0
0101100111000111_0
0111110111100011_1
1000000001101010_1
0011001110101010_1
0100010100100011_1
1101010100000001_0
1010100110001010_1
1000100001011110_1
1011100101000000_1
1100000001110001_0
1111111100001001_1
1011101000111001_0
0001110100101100_0
1100000100011100_1
1001111101001110_0
1110101011110001_0
1010011010000000_1
1000101011111100_1
1000101011111100_1
1000101011111100_1
1000101011111100_1
1000101011111100_1
1000101011111100_1
1000101011111100_1
1000101011111100_1
1000101011111100_1
1000101011111100_0
0000001110011110_1
1000101011111100_1
1000101011111100_1
1000101011111100_1
1000101011111100_1
1000101011111100_1
1000101011111100_1
1000101011111100_1
1000101011111100_1
1000101011111100_1
1000101011111100_0
0000001110011110_1
1000101011111100_1
1000101011111100_1
1000101011111100_1
1000101011111100_1
1000101011111100_1
1000101011111100_1
1000101011111100_1
1000101011111100_1
1000101011111100_1
1000101011111100_0
0000001110011110_1
1000101011111100_1
1000101011111100_1
1000101011111100_1
1000101011111100_1
1000101011111100_1
1000101011111100_1
1000101011111100_1
1000101011111100_1
1000101011111100_1
1000101011111100_0
0000001110011110_1
0000001110011110_0
1100100011010000_1
1100100011010000_1
1100100011010000_1
1100100011010000_1
1100100011010000_1
1100100011010000_1
1100100011010000_1
1100100011010000_1
1100100011010000_1
1100100011010000_1
1100100011010000_1
1100100011010000_1
1100100011010000_1
1100100011010000_1
1100100011010000_1
1100100011010000_1
1100100011010000_0
0111101111000101_1
0000110100110110_1
1101000010101100_0
1100001011001111_1
1011100001110001_1
1010010111111101_0
1111110111010100_0
1011000111001010_0
0110011011001101_0
0101001100000101_1
0101011101100011_1
0001101101100011_1
1100010000010100_1
0101111111010001_1
1001111001101010_1
0110010100001011_1
1110000001101000_1
0011011110000011_1
1011100100111100_1
1010001110100110_1
1111000111110010_1
0011100110010101_0
1110011010000101_1
0101000111010111_1
0001011010000000_0
1000111011001100_1
1101001011001101_0
1000110011111111_1
1011100110111001_1
1001001110100101_0
1000010011111010_1
0000011000000011_0
1001110001110101_1
1011100000111000_1
0111110010011011_0
0011000101011011_1
0011100011111000_1
0101010011110011_0
0011110001010100_1
1100100111111011_1
1100110011001001_1
1111111111100111_1
1011001100001110_0
0100100101101110_1
1001001111010110_0
0110110100010101_1
0010000111000100_1
0010001000110010_0
0111100010011001_1
1100111010101111_0
0100110101100100_0
0111101000111000_0
1001000010110001_0
1100001100001011_1
0100001100110110_1
1000110011010110_0
1000101111001010_0
0111001010011110_1
0011000000001011_1
0010100001000111_1
0000101111110000_0
0011111001100001_1
0110111111010001_0
1110101001011100_0
1110010011001100_1
0001111001000010_1
0001000010000101_0
1110111101100111_0
0111001011101101_0
0111001011101101_0
0111001011101101_0
0111001011101101_0
0111001011101101_0
0111001011101101_0
0111001011101101_0
0111001011101101_0
0111001011101101_0
0111001011101101_0
0111001011101101_0
0111001011101101_0
0111001011101101_0
0111001011101101_0
0111001011101101_0
0111001011101101_0
0111001011101101_0
0111001011101101_0
0111001011101101_0
0111001011101101_0
1010111000100001_1
0111010111101000_0
0110101011111111_1
0000111110011100_0
0101100010011000_0
1000100100111110_1
1011111110110010_0
1000110000100110_0
0011100110001001_1
1100011111010110_1
0111001111011011_0
1011111000100001_1
1000000011100101_0
1111010010101100_0
1101110011010111_1
1110100011001000_0
1010111011110000_0
0011100101001000_1
0101010011000101_1
0110001101101111_0
0000100001110110_1
0110010100111001_0
1000011111111101_0
1001011110101011_0
0000100000010011_0
1011010100110011_0
1101010111111000_0
1000011100001111_1
0101001111001001_1
1011010110001001_1
0011010111100100_0
0101100110110000_1
1101011110001111_0
1110100011111101_0
1010111110010101_0
0100111011001000_1
1111000101001001_1
0010101001011101_1
1010001100010101_1
0100000110110010_0
1000000010100010_1
0110101100100111_1
1000000011111110_0
0110001011011100_1
1101111110011101_1
0101001001101000_1
0100010010000101_0
0000011010010111_0
0110110110010101_1
0000111000100010_0
1110110101101011_0
1110110101101011_1
1110110101101011_1
1110110101101011_1
1110110101101011_1
1110110101101011_0
1110110101101011_1
1110110101101011_1
1110110101101011_1
1110110101101011_1
1110110101101011_0
0011010101000001_1
0011010101000001_1
0011010101000001_1
0011010101000001_1
0011010101000001_1
0011010101000001_1
0011010101000001_1
0011010101000001_1
0011010101000001_1
0011010101000001_1
0011010101000001_1
0011010101000001_1
0011010101000001_1
0011010101000001_1
0011010101000001_1
0011010101000001_1
0011010101000001_1
0011010101000001_1
0011010101000001_1
0011010101000001_1
0100000010100010_1
0100000010100010_1
0100000010100010_1
0100000010100010_1
0100000010100010_1
0100000010100010_1
0100000010100010_1
0100000010100010_1
0100000010100010_1
0100000010100010_1
0100000010100010_1
0100000010100010_1
0100000010100010_1
0100000010100010_1
0100000010100010_1
0100000010100010_1
0100000010100010_1
0100000010100010_0
0100000010100010_1
0111101000101001_1
0111101000101001_1
0111101000101001_0
0111101000101001_1
0111101000101001_1
0111101000101001_1
0111101000101001_1
0111101000101001_0
0111101000101001_1
0111101000101001_1
0111101000101001_1
0111101000101001_1
0001011010100100_1
1101001111010101_1
0001011010100100_0
1101001111010101_0
0001011010100100_1
1101001111010101_1
0001011010100100_0
1101001111010101_0
0001011010100100_1
1101001111010101_1
0001011010100100_0
1101001111010101_0
0001011010100100_1
1101001111010101_1
0001011010100100_0
1101001111010101_0
0001011010100100_1
1101001111010101_1
0001011010100100_0
1101001111010101_0
0001011010100100_1
1101001111010101_1
0001011010100100_0
1101001111010101_0
0001011010100100_1
1101001111010101_1
0001011010100100_0
1101001111010101_0
0001011010100100_1
1101001111010101_1
0001011010100100_0
1101001111010101_0
0001011010100100_1
1101001111010101_1
0001011010100100_0
1101001111010101_0
0001011010100100_1
1101001111010101_1
0001011010100100_0
1101001111010101_0
0001011010100100_1
1101001111010101_1
0000100101010100_1
0000100101010100_1
0000100101010100_1
0000100101010100_1
0000100101010100_1
0000100101010100_1
0000100101010100_0
1110111110010010_1
0000100101010100_1
0000100101010100_1
0000100101010100_1
0000100101010100_1
0000100101010100_1
0000100101010100_1
0000100101010100_0
1110111110010010_1
0000100101010100_1
0000100101010100_1
0000100101010100_1
0000100101010100_1
0000100101010100_1
0000100101010100_1
0000100101010100_0
1110111110010010_1
0000100101010100_1
0000100101010100_1
0000100101010100_1
0000100101010100_1
0000100101010100_1
0000100101010100_1
0000100101010100_0
1110111110010010_1
0000100101010100_1
0000100101010100_1
0000100101010100_1
0000100101010100_1
0000100101010100_1
0000100101010100_1
0000100101010100_0
1110111110010010_1
0000100101010100_1
0000100101010100_1
0000100101010100_1
0000100101010100_1
0000100101010100_1
0000100101010100_1
0000100101010100_0
1110111110010010_1
0000100101010100_1
0000100101010100_1
0000100101010100_1
0000100101010100_1
0000100101010100_1
0000100101010100_1
0000100101010100_0
1110111110010010_1
0000100101010100_1
0000100101010100_1
0000100101010100_1
0000100101010100_1
0000100101010100_1
0000100101010100_1
0000100101010100_0
1110111110010010_1
0000100101010100_1
0000100101010100_1
0000100101010100_1
0000100101010100_1
0000100101010100_1
0000100101010100_1
0000100101010100_0
1110111110010010_1
1110111110010010_0
0101111110110110_0
0101111110110110_0
0101111110110110_0
0101111110110110_0
0101111110110110_0
0101111110110110_0
0101111110110110_1
0101111110110110_1
0101111110110110_0
0101111110110110_1
0001101111000101_1
0001101111000101_0
0001101111000101_1
0001101111000101_1
0001101111000101_1
0001101111000101_1
0001101111000101_0
0001101111000101_1
0001101111000101_0
0001101111000101_0
0001101111000101_0
0001101111000101_0
0001101111000101_1
0001101111000101_1
0011000000100100_0
0011000000100100_1
0011000000100100_0
0011000000100100_1
0011000000100100_0
0011000000100100_1
0011000000100100_0
0011000000100100_1
0011000000100100_0
0011000000100100_1
0011000000100100_0
0011000000100100_1
0011000000100100_0
0011000000100100_1
0011000000100100_0
0011000000100100_1
0011000000100100_0
0011000000100100_1
0011000000100100_0
0011000000100100_1
0011000000100100_0
0011000000100100_1
0011000000100100_0
0011000000100100_1
0011000000100100_0
0011001111101100_1
0010110111111000_1
0011001111101100_0
0010110111111000_0
0011001111101100_1
0010110111111000_1
0011001111101100_0
0010110111111000_0
0011001111101100_1
0010110111111000_1
0011001111101100_0
0010110111111000_0
0011001111101100_1
0010110111111000_1
0011001111101100_0
0010110111111000_0
0011001111101100_1
0010110111111000_1
0011001111101100_0
0010110111111000_0
0011001111101100_1
0010110111111000_1
0011001111101100_0
0010110111111000_0
0011001111101100_1
0010110111111000_1
0011001111101100_0
0010110111111000_0
0011001111101100_1
0010110111111000_1
0011001111101100_0
0010110111111000_0
0011001111101100_1
0010110111111000_1
0011001111101100_0
0010110111111000_0
0011001111101100_1
0010110111111000_1
0011001111101100_0
0010110111111000_0
0011001111101100_1
0010110111111000_1
0011001111101100_0
0010110111111000_0
0011001111101100_1
0010110111111000_1
0011001111101100_0
0010110111111000_0
0011001111101100_1
0010110111111000_1
0011001111101100_0
0010110111111000_0
0011001111101100_1
0010110111111000_1
0011001111101100_0
0010110111111000_0
1001011101101000_0
1111110011111111_1
0110001001010001_0
0010100001011111_0
0001011001001100_0
0110110110000001_1
1110100101000111_1
0110101111110001_0
0000101100001010_0
0000111110101101_0
1101110010001110_0
0101110000010000_1
1110001000101011_1
0100010010101101_1
1001100111011111_1
0000111010000100_1
1100001110111011_0
0101001100000011_1
0101001101101100_1
1010011011100100_1
0111111111011110_0
1101001100101000_0
1010111001110001_0
1011011010101101_1
0000000011100010_0
1010111101101100_0
0101001010010110_0
0001001000011101_1
1101100110011001_1
0010000011100110_0
0010000011100110_1
0010000011100110_0
0010000011100110_1
0010000011100110_0
0010000011100110_1
0010000011100110_0
0010000011100110_1
0010000011100110_0
0010000011100110_1
0010000011100110_0
0010000011100110_1
0010000011100110_0
0010000011100110_1
0010000011100110_0
0010000011100110_1
0010000011100110_0
0010000011100110_1
0010000011100110_0
0010000011100110_1
0010000011100110_0
0010000011100110_1
0010000011100110_0
0010000011100110_1
0010000011100110_0
0010000011100110_1
0010000011100110_0
0010000011100110_1
0010000011100110_0
0010000011100110_1
0010000011100110_0
0010000011100110_1
0010000011100110_0
0010000011100110_1
0010000011100110_0
0010000011100110_1
0010000011100110_0
0010000011100110_1
0010000011100110_0
0010000011100110_1
0010000011100110_0
0010000011100110_1
0010000011100110_0
0010000011100110_1
0010000011100110_0
0010000011100110_1
0010000011100110_0
0010000011100110_1
0010000011100110_0
0010000011100110_1
0010000011100110_0
0010000011100110_1
0010000011100110_0
0010000011100110_1
1110101010000011_0
1110101010000011_0
1110101010000011_0
1110101010000011_0
1110101010000011_0
1110101010000011_0
0110110010111100_0
0110110010111100_0
0110110010111100_1
0110110010111100_0
0110110010111100_0
1100100000100110_1
1100100000100110_1
1100100000100110_1
1100100000100110_1
1100100000100110_1
1100100000100110_1
1100100000100110_1
1100100000100110_1
1100100000100110_1
1100100000100110_1
1100100000100110_1
1100100000100110_1
1100100000100110_1
1100100000100110_0
1001000110010000_1
1100100000100110_1
1100100000100110_1
1100100000100110_1
1100100000100110_1
1100100000100110_1
1100100000100110_1
1100100000100110_1
1100100000100110_1
1100100000100110_1
1100100000100110_1
1100100000100110_1
1100100000100110_1
1100100000100110_1
1100100000100110_0
1001000110010000_1
1100100000100110_1
1100100000100110_1
1100100000100110_1
1100100000100110_1
1100100000100110_1
1100100000100110_1
1100100000100110_1
1100100000100110_1
1100100000100110_1
1100100000100110_1
1100100000100110_1
1100100000100110_1
1100100000100110_1
1100100000100110_0
1001000110010000_1
1100100000100110_1
1100100000100110_1
1100100000100110_1
1100100000100110_1
1100100000100110_1
1100100000100110_1
1100100000100110_1
1100100000100110_1
1100100000100110_1
1100100000100110_1
1100100000100110_1
1100100000100110_1
1100100000100110_1
1100100000100110_0
1001000110010000_1
1100100000100110_1
1100100000100110_1
1100100000100110_1
1100100000100110_1
1100100000100110_1
1100100000100110_1
1100100000100110_1
1100100000100110_1
1100100000100110_1
1100100000100110_1
1100100000100110_1
1100100000100110_1
1100100000100110_1
1100100000100110_0
1001000110010000_1
1001000110010000_0
0010111011111011_0
1000010011011111_0
0010001110001001_0
1100100001000010_1
0010011111100111_0
0010001001000010_0
0010010110011011_1
0010011000100010_0
0011100111001001_1
1000110000000010_1
0101101100010100_0
1100101000100000_1
0101100010110000_1
0011000010001111_1
1010111101000111_1
0110100101111111_0
1100011010100101_0
0011011010010001_0
1011001110010101_1
1000111000101000_0
0110000101000000_0
0010110111010001_0
1001111110111010_1
0101110001111000_0
0100100110001101_1
0011000110110111_0
1100010000011010_1
0010110110001010_0
0001111111000101_0
1001011101111110_0
1000100101100010_0
1011010111110011_1
0101101001000111_0
1011110100011111_1
1011110110101111_1
0101010100011100_0
0111111100100000_0
1001001000010000_1
0000111101100111_0
0110001101001010_0
1011101100001111_1
1011101100001111_1
1011101100001111_1
1011101100001111_1
1011101100001111_1
1011101100001111_1
1011101100001111_1
1011101100001111_1
1011101100001111_1
1011101100001111_1
1011101100001111_1
1011101100001111_1
1011101100001111_1
1011101100001111_1
1011101100001111_1
1011101100001111_1
1011101100001111_1
1011101100001111_1
1011101100001111_1
1011101100001111_1
1111000110001110_0
1000011010011101_0
1111000110001110_1
1000011010011101_1
1111000110001110_0
1000011010011101_0
1111000110001110_1
1000011010011101_1
1111000110001110_0
1000011010011101_0
1111000110001110_1
1000011010011101_1
1111000110001110_0
1000011010011101_0
1111000110001110_1
1000011010011101_1
1111000110001110_0
1000011010011101_0
1111000110001110_1
1000011010011101_1
1111000110001110_0
1000011010011101_0
1111000110001110_1
1000011010011101_1
1111000110001110_0
1000011010011101_0
1111000110001110_1
1000011010011101_1
1111000110001110_0
1000011010011101_0
1111000110001110_1
1000011010011101_1
1111000110001110_0
1000011010011101_0
1111000110001110_1
1000011010011101_1
1111000110001110_0
1000011010011101_0
1111000110001110_1
1000011010011101_1
1111000110001110_0
1000011010011101_0
1100000100111100_1
1100000100111100_1
1100000100111100_1
1100000100111100_1
1100000100111100_1
1100000100111100_1
1100000100111100_1
1100000100111100_1
1100000100111100_0
1100000100111100_0
1100000100111100_1
1100000100111100_1
0010001011000100_1
1000100000111100_1
0010001011000100_0
1000100000111100_0
0010001011000100_1
1000100000111100_1
0010001011000100_0
1000100000111100_0
0010001011000100_1
1000100000111100_1
0010001011000100_0
1000100000111100_0
0010001011000100_1
1000100000111100_1
0010001011000100_0
1000100000111100_0
0010001011000100_1
1000100000111100_1
0010001011000100_0
1000100000111100_0
0010001011000100_1
1000100000111100_1
0010001011000100_0
1000100000111100_0
0010001011000100_1
1000100000111100_1
0010001011000100_0
1000100000111100_0
0010001011000100_1
1000100000111100_1
0010001011000100_0
1000100000111100_0
0010001011000100_1
1000100000111100_1
0010001011000100_0
1000100000111100_0
0010001011000100_1
1000100000111100_1
0010001011000100_0
1000100000111100_0
0010001011000100_1
1000100000111100_1
0010001011000100_0
1000100000111100_0
0010001011000100_1
1000100000111100_1
0010001011000100_0
1000100000111100_0
0010001011000100_1
1000100000111100_1
0010001011000100_0
1000100000111100_0
0010001011000100_1
1000100000111100_1
0010001011000100_0
1000100000111100_0
0010001011000100_1
1000100000111100_1
0010001011000100_0
1000100000111100_0
0010001011000100_1
1000100000111100_1
0010001011000100_0
1000100000111100_0
0010001011000100_1
1000100000111100_1
0010001011000100_0
1000100000111100_0
0111101001101000_0
0111101001101000_0
0111101001101000_0
0111101001101000_0
0111101001101000_0
0111101001101000_0
0111101001101000_0
0111101001101000_0
0111101001101000_0
0111101001101000_0
0111101001101000_0
0111101001101000_0
0111101001101000_0
0111101001101000_0
0111101001101000_0
0111101001101000_0
0111101001101000_0
0111101001101000_0
0111101001101000_0
0111101001101000_0
0001110101010101_0
0001110101010101_1
0001110101010101_0
0001110101010101_1
0001110101010101_0
0001110101010101_1
0001110101010101_0
0001110101010101_1
0001110101010101_0
0001110101010101_1
0001110101010101_0
0001110101010101_1
0001110101010101_0
0001110101010101_1
0001110101010101_0
0001110101010101_1
0001110101010101_0
0001110101010101_1
0001110101010101_0
0001110101010101_1
0001110101010101_0
0001110101010101_1
0001110101010101_0
0001110101010101_1
1111011111001010_1
0110111010000110_1
1111011111001010_0
0110111010000110_0
1111011111001010_1
0110111010000110_1
1111011111001010_0
0110111010000110_0
1111011111001010_1
0110111010000110_1
1111011111001010_0
0110111010000110_0
1111011111001010_1
0110111010000110_1
1111011111001010_0
0110111010000110_0
1111011111001010_1
0110111010000110_1
1111011111001010_0
0110111010000110_0
1111011111001010_1
0110111010000110_1
1111011111001010_0
0110111010000110_0
1111011111001010_1
0110111010000110_1
1111011111001010_0
0110111010000110_0
1111011111001010_1
0110111010000110_1
1111011111001010_0
0110111010000110_0
1111011111001010_1
0110111010000110_1
1111011111001010_0
0110111010000110_0
1111011111001010_1
0110111010000110_1
1111011111001010_0
0110111010000110_0
1111011111001010_1
0110111010000110_1
1111011111001010_0
0110111010000110_0
1111011111001010_1
0110111010000110_1
1101110100011100_1
1101110100011100_1
1101110100011100_1
1101110100011100_1
1101110100011100_1
1101110100011100_1
1101110100011100_1
1101110100011100_1
1101110100011100_1
1101110100011100_1
1101110100011100_1
1101110100011100_1
1101110100011100_1
1101110100011100_1
1101110100011100_1
1101110100011100_1
1101110100011100_1
1101110100011100_1
1101110100011100_1
1101110100011100_1
1101110100011100_1
1101110100011100_1
1101110100011100_1
1101110100011100_1
1101110100011100_1
1101110100011100_1
1101110100011100_1
1101110100011100_1
1101110100011100_1
1101110100011100_1
1101110100011100_1
1101110100011100_1
1101110100011100_1
1101110100011100_1
1101110100011100_1
1101110100011100_1
1101110100011100_1
1101110100011100_1
1101110100011100_0
0111101010111110_1
0111101010111110_1
0111101010111110_1
0111101010111110_1
0111101010111110_1
0111101010111110_1
0111101010111110_1
0111101010111110_1
0111101010111110_1
0111101010111110_1
0111101010111110_1
0111101010111110_1
0111101010111110_1
0111101010111110_1
0111101010111110_1
0111101010111110_1
0111101010111110_1
0111101010111110_1
0111101010111110_1
0111101010111110_1
0111101010111110_1
0111101010111110_1
0111101010111110_1
0111101010111110_1
0111101010111110_1
0111101010111110_1
0111101010111110_1
0111101010111110_1
0111101010111110_1
0111101010111110_1
0111101010111110_1
0111101010111110_1
0111101010111110_1
0111101010111110_1
0111101010111110_1
0111101010111110_1
0111101010111110_1
0111101010111110_1
0111101010111110_0
0110110010111101_1
0110110010111101_1
0110110010111101_1
0110110010111101_1
0110110010111101_1
0110110010111101_0
1010000111101110_1
0110110010111101_1
0110110010111101_1
0110110010111101_1
0110110010111101_1
0110110010111101_1
0110110010111101_0
1010000111101110_1
0110110010111101_1
0110110010111101_1
0110110010111101_1
0110110010111101_1
0110110010111101_1
0110110010111101_0
1010000111101110_1
1010000111101110_0
1000011111010101_0
1000011111010101_0
1000011111010101_0
1000011111010101_0
1000011111010101_0
1000011111010101_0
1000011111010101_0
1000011111010101_0
1000011111010101_0
1000011111010101_0
1000011111010101_0
1000011111010101_0
1000011111010101_0
1000011111010101_0
1000011111010101_0
1000011111010101_0
1000011111010101_0
1000011111010101_0
1000011111010101_0
1000011111010101_0
1110101111111111_0
1110101111111111_0
1110101111111111_0
1110101111111111_0
1110101111111111_0
1110101111111111_0
1110101111111111_0
1110101111111111_0
1110101111111111_0
1110101111111111_0
1110101111111111_0
1110101111111111_0
1110101111111111_0
1110101111111111_0
1110101111111111_0
1110101111111111_0
1110101111111111_0
1110101111111111_0
1110101111111111_0
1110101111111111_0
1110011111110001_1
1110011111110001_1
1110011111110001_1
1110011111110001_1
1110011111110001_1
1110011111110001_1
1110011111110001_0
0010011000011100_1
1110011111110001_1
1110011111110001_1
1110011111110001_1
1110011111110001_1
1110011111110001_1
1110011111110001_1
1110011111110001_0
0010011000011100_1
1110011111110001_1
1110011111110001_1
1110011111110001_1
1110011111110001_1
1110011111110001_1
1110011111110001_1
1110011111110001_0
0010011000011100_1
1110011111110001_1
1110011111110001_1
1110011111110001_1
1110011111110001_1
1110011111110001_1
1110011111110001_1
1110011111110001_0
0010011000011100_1
1110011111110001_1
1110011111110001_1
1110011111110001_1
1110011111110001_1
1110011111110001_1
1110011111110001_1
1110011111110001_0
0010011000011100_1
1110011111110001_1
1110011111110001_1
1110011111110001_1
1110011111110001_1
1110011111110001_1
1110011111110001_1
1110011111110001_0
0010011000011100_1
1110011111110001_1
1110011111110001_1
1110011111110001_1
1110011111110001_1
1110011111110001_1
1110011111110001_1
1110011111110001_0
0010011000011100_1
0010011000011100_0
1000111110101110_0
1011100011110011_0
1000111110101110_1
1011100011110011_1
1000111110101110_0
1011100011110011_0
1000111110101110_1
1011100011110011_1
1000111110101110_0
1011100011110011_0
1000111110101110_1
1011100011110011_1
1000111110101110_0
1011100011110011_0
1000111110101110_1
1011100011110011_1
1000111110101110_0
1011100011110011_0
1000111110101110_1
1011100011110011_1
1000111110101110_0
1011100011110011_0
1000111110101110_1
1011100011110011_1
1000111110101110_0
1011100011110011_0
1000111110101110_1
1011100011110011_1
1000111110101110_0
1011100011110011_0
1000111110101110_1
1011100011110011_1
1000111110101110_0
1011100011110011_0
1000111110101110_1
1011100011110011_1
1000111110101110_0
1011100011110011_0
1000111110101110_1
1011100011110011_1
1000111110101110_0
1011100011110011_0
1000111110101110_1
1011100011110011_1
1000111110101110_0
1011100011110011_0
1111011010010001_0
1111011010010001_0
1111011010010001_0
1111011010010001_0
1111011010010001_0
1111011010010001_0
1111011010010001_0
1111011010010001_0
1111011010010001_0
1111011010010001_0
1111011010010001_0
1111011010010001_0
1111011010010001_0
1111011010010001_0
1111011010010001_0
1111011010010001_0
1111011010010001_0
1111011010010001_0
1111011010010001_0
1111011010010001_0
0000010110010010_0
1111000011001011_0
0111011111011010_1
0100011101010010_1
0100101001000010_1
1010010011011110_0
1011110001000110_0
0111010000101010_0
1110101010111110_0
1110011000010101_0
0001001001100010_1
1110000011000110_0
0110001000010000_1
1010000011000111_0
0010000111101001_1
0000110011010000_0
0000011001110100_1
1111011111101010_0
0010000110110011_1
1011111101010111_1
0110110010101110_0
1111000011011101_1
0110011101100000_1
1111000011011101_0
0110011101100000_0
1111000011011101_1
0110011101100000_1
1111000011011101_0
0110011101100000_0
1111000011011101_1
0110011101100000_1
1111000011011101_0
0110011101100000_0
1111000011011101_1
0110011101100000_1
1111000011011101_0
0110011101100000_0
1111000011011101_1
0110011101100000_1
1111000011011101_0
0110011101100000_0
1111000011011101_1
0110011101100000_1
1111000011011101_0
0110011101100000_0
1111000011011101_1
0110011101100000_1
1111000011011101_0
0110011101100000_0
1111000011011101_1
0110011101100000_1
1111000011011101_0
0110011101100000_0
1111000011011101_1
0110011101100000_1
1111000011011101_0
0110011101100000_0
1111000011011101_1
0110011101100000_1
1111000011011101_0
0110011101100000_0
1111000011011101_1
0110011101100000_1
1111000011011101_0
0110011101100000_0
1111000011011101_1
0110011101100000_1
1111000011011101_0
0110011101100000_0
1111000011011101_1
0110011101100000_1
1111000011011101_0
0110011101100000_0
1111000011011101_1
0110011101100000_1
1111000011011101_0
0110011101100000_0
1111000011011101_1
0110011101100000_1
1111000011011101_0
0110011101100000_0
1111000011011101_1
0110011101100000_1
1111000011011101_0
0110011101100000_0
1111000011011101_1
0110011101100000_1
1111000011011101_0
0110011101100000_0
1111000011011101_1
0110011101100000_1
1111000011011101_0
0110011101100000_0
1111000011011101_1
0110011101100000_1
1111000011011101_0
0110011101100000_0
1111000011011101_1
0110011101100000_1
1111000011011101_0
0110011101100000_0
1111000011011101_1
0110011101100000_1
1111000011011101_0
0110011101100000_0
1111000011011101_1
0110011101100000_1
1111000011011101_0
0110011101100000_0
1111000011011101_1
0110011101100000_1
1000101010111101_0
1000101010111101_0
1000101010111101_0
1000101010111101_0
1000101010111101_0
1000101010111101_0
1000101010111101_0
1000101010111101_0
1000101010111101_0
1000101010111101_0
1000101010111101_0
1000101010111101_0
1000101010111101_0
1000101010111101_0
1000101010111101_0
1000101010111101_0
1000101010111101_0
1000101010111101_0
1000101010111101_0
1000101010111101_0
1010010011000000_1
0001000001000011_1
1010010011000000_0
0001000001000011_0
1010010011000000_1
0001000001000011_1
1010010011000000_0
0001000001000011_0
1010010011000000_1
0001000001000011_1
1010010011000000_0
0001000001000011_0
1010010011000000_1
0001000001000011_1
1010010011000000_0
0001000001000011_0
1010010011000000_1
0001000001000011_1
1010010011000000_0
0001000001000011_0
1010010011000000_1
0001000001000011_1
1010010011000000_0
0001000001000011_0
1010010011000000_1
0001000001000011_1
1010010011000000_0
0001000001000011_0
1010010011000000_1
0001000001000011_1
1010010011000000_0
0001000001000011_0
1010010011000000_1
0001000001000011_1
1010010011000000_0
0001000001000011_0
1010010011000000_1
0001000001000011_1
1010010011000000_0
0001000001000011_0
1010010011000000_1
0001000001000011_1
1010010011000000_0
0001000001000011_0
1010010011000000_1
0001000001000011_1
1010010011000000_0
0001000001000011_0
1010010011000000_1
0001000001000011_1
1101001101111100_0
1101001101111100_1
1101001101111100_0
1101001101111100_1
1101001101111100_0
1101001101111100_1
1101001101111100_0
1101001101111100_1
1101001101111100_0
1101001101111100_1
1101001101111100_0
1101001101111100_1
1101001101111100_0
1101001101111100_1
1101001101111100_0
1101001101111100_1
1101001101111100_0
1101001101111100_1
1101001101111100_0
1101001101111100_1
1101001101111100_0
0101001011111011_0
0101001011111011_1
0101001011111011_0
0101001011111011_1
0101001011111011_0
0101001011111011_1
0101001011111011_0
0101001011111011_1
0101001011111011_0
0101001011111011_1
0101001011111011_0
0101001011111011_1
0101001011111011_0
0101001011111011_1
0101001011111011_0
0101001011111011_1
0101001011111011_0
0101001011111011_1
0101001011111011_0
0101001011111011_1
0101001011111011_0
0101001011111011_1
0101001011111011_0
0101001011111011_1
0101001011111011_0
0101001011111011_1
0101001011111011_0
0101001011111011_1
0101001011111011_0
0101001011111011_1
0101001011111011_0
0101001011111011_1
0101001011111011_0
0101001011111011_1
0101001011111011_0
0100111101000011_1
0100111101000011_1
0100111101000011_1
0100111101000011_1
0100111101000011_1
0100111101000011_1
0100111101000011_1
0100111101000011_1
0100111101000011_1
0100111101000011_1
0100111101000011_1
0100111101000011_1
0100111101000011_1
0100111101000011_1
0100111101000011_1
0100111101000011_1
0100111101000011_1
0100111101000011_1
0100111101000011_1
0100111101000011_1
0100111101000011_1
0100111101000011_0
1111001100111011_0
1111001100111011_0
1111001100111011_0
1111001100111011_0
1111001100111011_0
1111001100111011_0
1111001100111011_0
1111001100111011_0
1111001100111011_0
1111001100111011_0
1111001100111011_0
1111001100111011_0
1111001100111011_0
1111001100111011_0
1111001100111011_0
1111001100111011_0
1111001100111011_0
1111001100111011_0
1111001100111011_0
1111001100111011_0
0100011001111111_1
0100011001111111_1
0100011001111111_1
0100011001111111_1
0100011001111111_1
0100011001111111_1
0100011001111111_1
0100011001111111_1
0100011001111111_1
0100011001111111_1
0100011001111111_1
0100011001111111_1
0100011001111111_1
0100011001111111_1
0100011001111111_1
0100011001111111_1
0100011001111111_1
0100011001111111_1
0100011001111111_1
0100011001111111_1
0011110110110110_1
1101010100000001_0
0100011000101111_0
1010010001110110_0
0101010111100011_0
1101100001111111_0
0010100100010011_1
1101000101011111_1
0111001000101000_0
1000100110110001_1
0011000010001111_0
1101111100000100_0
0000100011110110_1
0010010000011101_1
0101100110110000_0
1101011100010101_0
1100000011110010_1
0011101110110010_1
0111110011001100_1
1011110100110111_0
1101111100111010_0
1000000110110110_1
0101110011110000_1
0111100100011101_1
1011101110000111_1
0001110100111001_1
0001110100111001_1
0001110100111001_0
0001110100111001_1
0001110100111001_1
0001110100111001_0
0001110100111001_0
0001110100111001_0
0001110100111001_1
0001110100111001_1
0001110100111001_0
0001110100111001_0
0001110100111001_1
0001110100111001_0
0001110100111001_1
0001110100111001_1
0001110100111001_1
0001110100111001_0
0001110100111001_1
0001110100111001_0
1111110100011010_1
1111110100011010_1
1111110100011010_1
1111110100011010_1
1111110100011010_1
1111110100011010_1
1111110100011010_1
1111110100011010_1
1111110100011010_1
1111110100011010_1
1111110100011010_1
1111110100011010_1
1111110100011010_1
1111110100011010_1
1111110100011010_1
1111110100011010_1
1111110100011010_1
1111110100011010_1
1111110100011010_1
1111110100011010_1
0100000101010000_0
0100000101010000_1
0100000101010000_0
0100000101010000_1
0100000101010000_0
0100000101010000_1
0100000101010000_0
0100000101010000_1
0100000101010000_0
0100000101010000_1
0100000101010000_0
0100000101010000_1
0100000101010000_0
0100000101010000_1
0100000101010000_0
0100000101010000_1
0100000101010000_0
0100000101010000_1
0100000101010000_0
0100000101010000_1
0100000101010000_0
0100000101010000_1
0100000101010000_0
0100000101010000_1
0100000101010000_0
0100000101010000_1
0100000101010000_0
0100000101010000_1
0100000101010000_0
0100000101010000_1
0100000101010000_0
0100000101010000_1
0100000101010000_0
0100000101010000_1
1000100000110100_0
0011100111100111_0
1000100000110100_1
0011100111100111_1
1000100000110100_0
0011100111100111_0
1000100000110100_1
0011100111100111_1
1000100000110100_0
0011100111100111_0
1000100000110100_1
0011100111100111_1
1000100000110100_0
0011100111100111_0
1000100000110100_1
0011100111100111_1
1000100000110100_0
0011100111100111_0
1000100000110100_1
0011100111100111_1
1000100000110100_0
0011100111100111_0
1000100000110100_1
0011100111100111_1
1000100000110100_0
0011100111100111_0
1000100000110100_1
0011100111100111_1
1000100000110100_0
0011100111100111_0
1000100000110100_1
0011100111100111_1
1000100000110100_0
0011100111100111_0
1000100000110100_1
0011100111100111_1
1000100000110100_0
0011100111100111_0
1000100000110100_1
0011100111100111_1
1000100000110100_0
0011100111100111_0
1000100000110100_1
0011100111100111_1
1000100000110100_0
0011100111100111_0
1000100000110100_1
0011100111100111_1
1000100000110100_0
0011100111100111_0
1000100000110100_1
0011100111100111_1
1000100000110100_0
0011100111100111_0
1000100000110100_1
0011100111100111_1
1000100000110100_0
0011100111100111_0
1000100000110100_1
0011100111100111_1
1000100000110100_0
0011100111100111_0
1000100000110100_1
0011100111100111_1
1000100000110100_0
0011100111100111_0
1000100000110100_1
0011100111100111_1
1000100000110100_0
0011100111100111_0
1000100000110100_1
0011100111100111_1
1101011101110001_1
1101011101110001_1
1101011101110001_1
1101011101110001_1
1101011101110001_1
1101011101110001_1
1101011101110001_1
1101011101110001_1
1101011101110001_1
1101011101110001_1
1101011101110001_1
1101011101110001_1
1101011101110001_1
1101011101110001_1
1101011101110001_1
1101011101110001_1
1101011101110001_1
1101011101110001_1
1101011101110001_0
1100111111110001_1
1101011101110001_1
1101011101110001_1
1101011101110001_1
1101011101110001_1
1101011101110001_1
1101011101110001_1
1101011101110001_1
1101011101110001_1
1101011101110001_1
1101011101110001_1
1101011101110001_1
1101011101110001_1
1101011101110001_1
1101011101110001_1
1101011101110001_1
1101011101110001_1
1101011101110001_1
1101011101110001_1
1101011101110001_0
1100111111110001_1
1101011101110001_1
1101011101110001_1
1101011101110001_1
1101011101110001_1
1101011101110001_1
1101011101110001_1
1101011101110001_1
1101011101110001_1
1101011101110001_1
1101011101110001_1
1101011101110001_1
1101011101110001_1
1101011101110001_1
1101011101110001_1
1101011101110001_1
1101011101110001_1
1101011101110001_1
1101011101110001_1
1101011101110001_0
1100111111110001_1
1100111111110001_0
1010101000000000_0
1010101000000000_0
1010101000000000_0
1010101000000000_0
1010101000000000_0
1010101000000000_0
1010101000000000_0
1010101000000000_0
1010101000000000_0
1010101000000000_0
1010101000000000_0
1010101000000000_0
1010101000000000_0
1010101000000000_0
1010101000000000_0
1010101000000000_0
1010101000000000_0
1010101000000000_0
1010101000000000_0
1010101000000000_0
1011000010110001_0
1011000010110001_1
1011000010110001_0
1011000010110001_1
1011000010110001_0
1011000010110001_1
1011000010110001_0
1011000010110001_1
1011000010110001_0
1011000010110001_1
1011000010110001_0
1011000010110001_1
1011000010110001_0
1011000010110001_1
1011000010110001_0
1011000010110001_1
1011000010110001_0
1011000010110001_1
1011000010110001_0
1011000010110001_1
1011000010110001_0
1011000010110001_1
1011000010110001_0
1011000010110001_1
1011000010110001_0
1011000010110001_1
1011000010110001_0
1011000010110001_1
1011000010110001_0
1011000010110001_1
1011000010110001_0
1011000010110001_1
1011000010110001_0
1011000010110001_1
1011000010110001_0
1011000010110001_1
1011000010110001_0
1011000010110001_1
1011000010110001_0
1011000010110001_1
1011000010110001_0
1011000010110001_1
1011000010110001_0
1011000010110001_1
1011000010110001_0
1011000010110001_1
1011000010110001_0
0101100111010000_0
0101100111010000_1
0101100111010000_0
0101100111010000_1
0101100111010000_0
0101100111010000_1
0101100111010000_0
0101100111010000_1
0101100111010000_0
0101100111010000_1
0101100111010000_0
0101100111010000_1
0101100111010000_0
0101100111010000_1
0101100111010000_0
0101100111010000_1
0101100111010000_0
0101100111010000_1
0101100111010000_0
0101100111010000_1
0101100111010000_0
0101100111010000_1
0101100111010000_0
0101100111010000_1
0101100111010000_0
0101100111010000_1
0101100111010000_0
0101100111010000_1
0101100111010000_0
0101100111010000_1
0101100111010000_0
0101100111010000_1
0101100111010000_0
0101100111010000_1
0101100111010000_0
0101100111010000_1
0101100111010000_0
0101100111010000_1
0101100111010000_0
0101100111010000_1
0101100111010000_0
0101100111010000_1
0101100111010000_0
0101100111010000_1
0101100111010000_0
0101100111010000_1
0101100111010000_0
0101100111010000_1
0101100111010000_0
0101100111010000_1
0101001001100110_1
0101001001100110_1
0101001001100110_1
0101001001100110_1
0101001001100110_1
0101001001100110_1
0101001001100110_1
0101001001100110_1
0101001001100110_1
0101001001100110_1
0101001001100110_1
0101001001100110_1
0101001001100110_1
0101001001100110_1
0101001001100110_1
0101001001100110_1
0101001001100110_1
0101001001100110_1
0101001001100110_1
0101001001100110_1
0101001001100110_1
0101001001100110_1
0101001001100110_1
0101001001100110_1
0101001001100110_1
0101001001100110_1
0101001001100110_1
0101001001100110_1
0101001001100110_1
0101001001100110_1
0101001001100110_0
0011101111111010_0
0011101111111010_1
0011101111111010_0
0011101111111010_1
0011101111111010_0
0011101111111010_1
0011101111111010_0
0011101111111010_1
0011101111111010_0
0011101111111010_1
0011101111111010_0
0011101111111010_1
0011101111111010_0
0011101111111010_1
0011101111111010_0
0011101111111010_1
0011101111111010_0
0011101111111010_1
0011101111111010_0
0011101111111010_1
0011101111111010_0
0011101111111010_1
0011101111111010_0
0011101111111010_1
0011101111111010_0
0011101111111010_1
0011101111111010_0
0011101111111010_1
0011101111111010_0
0011101111111010_1
0011101111111010_0
0011101111111010_1
0011101111111010_0
0011101111111010_1
0011101111111010_0
0011101111111010_1
0011101111111010_0
0011101111111010_1
0011101111111010_0
0011101111111010_1
0011101111111010_0
0011101111111010_1
0011101111111010_0
0011101111111010_1
0011101111111010_0
0011101111111010_1
0011101111111010_0
0011101111111010_1
0011101111111010_0
0011101111111010_1
0011101111111010_0
0011101111111010_1
0011101111111010_0
0011101111111010_1
0011101111111010_0
0011101111111010_1
0011101111111010_0
0011101111111010_1
0011101111111010_0
0011101111111010_1
0110100001110101_0
0110010010000001_1
1001101000001000_1
0101001110101010_0
1110100011101011_0
0110010110001001_0
1101001100010011_1
0000111011100000_0
0000001001101110_0
0010101111101011_0
0000001000000011_0
0111010110111110_0
1000011110111111_0
0000100111100011_0
0011101001111100_0
0010110101001110_0
0100110000010111_1
1010101110110011_0
1011001010100111_1
1001010101100010_1
1111010100101010_1
1010101010000000_0
0010101011111000_1
0101001100101101_1
0010111011001011_0
0001101011001010_1
0100001101110110_1
1010111011110011_1
0100100000111001_0
0001101000111101_0
1101100001111011_1
1001011100011101_0
0111010101110101_1
0010010011110001_1
0011000000111100_0
0100110111110011_0
1110011110000001_1
0111011001100101_0
1111000110011011_1
0100011011000011_0
0110001010101100_0
0011011100111110_1
0111101101011010_1
1101100011010001_1
0001110100111001_0
0000110000001001_1
0111000100100100_1
0000110000001001_0
0111000100100100_0
0000110000001001_1
0111000100100100_1
0000110000001001_0
0111000100100100_0
0000110000001001_1
0111000100100100_1
0000110000001001_0
0111000100100100_0
0000110000001001_1
0111000100100100_1
0000110000001001_0
0111000100100100_0
0000110000001001_1
0111000100100100_1
0000110000001001_0
0111000100100100_0
0000110000001001_1
0111000100100100_1
0000110000001001_0
0111000100100100_0
0000110000001001_1
0111000100100100_1
0000110000001001_0
0111000100100100_0
0000110000001001_1
0111000100100100_1
0000110000001001_0
0111000100100100_0
0000110000001001_1
0111000100100100_1
0000110000001001_0
0111000100100100_0
0000110000001001_1
0111000100100100_1
0000110000001001_0
0111000100100100_0
0000110000001001_1
0111000100100100_1
0000110000001001_0
0111000100100100_0
0000110000001001_1
0111000100100100_1
0000110000001001_0
0111000100100100_0
0000110000001001_1
0111000100100100_1
0000110000001001_0
0111000100100100_0
0110001001111001_0
0110001001111001_0
0110001001111001_0
0110001001111001_0
0110001001111001_0
0110001001111001_0
0110001001111001_0
0110001001111001_0
0110001001111001_0
0110001001111001_0
0110001001111001_0
0110001001111001_0
0110001001111001_0
0110001001111001_0
0110001001111001_0
0110001001111001_0
0110001001111001_0
0110001001111001_0
0110001001111001_0
0110001001111001_0
1001111101001101_1
1001111101001101_1
1001111101001101_1
1001111101001101_1
1001111101001101_1
1001111101001101_1
1001111101001101_1
1001111101001101_0
0110100011000110_1
1001111101001101_1
1001111101001101_1
1001111101001101_1
1001111101001101_1
1001111101001101_1
1001111101001101_1
1001111101001101_1
1001111101001101_0
0110100011000110_1
1001111101001101_1
1001111101001101_1
1001111101001101_1
1001111101001101_1
1001111101001101_1
1001111101001101_1
1001111101001101_1
1001111101001101_0
0110100011000110_1
1001111101001101_1
1001111101001101_1
1001111101001101_1
1001111101001101_1
1001111101001101_1
1001111101001101_1
1001111101001101_1
1001111101001101_0
0110100011000110_1
1001111101001101_1
1001111101001101_1
1001111101001101_1
1001111101001101_1
1001111101001101_1
1001111101001101_1
1001111101001101_1
1001111101001101_0
0110100011000110_1
1001111101001101_1
1001111101001101_1
1001111101001101_1
1001111101001101_1
1001111101001101_1
1001111101001101_1
1001111101001101_1
1001111101001101_0
0110100011000110_1
0110100011000110_0
0111001111011111_1
0111001111011111_1
0111001111011111_1
0111001111011111_1
0111001111011111_1
0111001111011111_1
0111001111011111_1
0111001111011111_1
0111001111011111_1
0111001111011111_1
0111001111011111_1
0111001111011111_1
0111001111011111_1
0111001111011111_0
0001111111000001_1
0111001111011111_1
0111001111011111_1
0111001111011111_1
0111001111011111_1
0111001111011111_1
0111001111011111_1
0111001111011111_1
0111001111011111_1
0111001111011111_1
0111001111011111_1
0111001111011111_1
0111001111011111_1
0111001111011111_1
0111001111011111_0
0001111111000001_1
0111001111011111_1
0111001111011111_1
0111001111011111_1
0111001111011111_1
0111001111011111_1
0111001111011111_1
0111001111011111_1
0111001111011111_1
0111001111011111_1
0111001111011111_1
0111001111011111_1
0111001111011111_1
0111001111011111_1
0111001111011111_0
0001111111000001_1
0111001111011111_1
0111001111011111_1
0111001111011111_1
0111001111011111_1
0111001111011111_1
0111001111011111_1
0111001111011111_1
0111001111011111_1
0111001111011111_1
0111001111011111_1
0111001111011111_1
0111001111011111_1
0111001111011111_1
0111001111011111_0
0001111111000001_1
0111001111011111_1
0111001111011111_1
0111001111011111_1
0111001111011111_1
0111001111011111_1
0111001111011111_1
0111001111011111_1
0111001111011111_1
0111001111011111_1
0111001111011111_1
0111001111011111_1
0111001111011111_1
0111001111011111_1
0111001111011111_0
0001111111000001_1
0111001111011111_1
0111001111011111_1
0111001111011111_1
0111001111011111_1
0111001111011111_1
0111001111011111_1
0111001111011111_1
0111001111011111_1
0111001111011111_1
0111001111011111_1
0111001111011111_1
0111001111011111_1
0111001111011111_1
0111001111011111_0
0001111111000001_1
0111001111011111_1
0111001111011111_1
0111001111011111_1
0111001111011111_1
0111001111011111_1
0111001111011111_1
0111001111011111_1
0111001111011111_1
0111001111011111_1
0111001111011111_1
0111001111011111_1
0111001111011111_1
0111001111011111_1
0111001111011111_0
0001111111000001_1
0111001111011111_1
0111001111011111_1
0111001111011111_1
0111001111011111_1
0111001111011111_1
0111001111011111_1
0111001111011111_1
0111001111011111_1
0111001111011111_1
0111001111011111_1
0111001111011111_1
0111001111011111_1
0111001111011111_1
0111001111011111_0
0001111111000001_1
0111001111011111_1
0111001111011111_1
0111001111011111_1
0111001111011111_1
0111001111011111_1
0111001111011111_1
0111001111011111_1
0111001111011111_1
0111001111011111_1
0111001111011111_1
0111001111011111_1
0111001111011111_1
0111001111011111_1
0111001111011111_0
0001111111000001_1
0001111111000001_0
1010000110000011_1
0001110001111111_1
0010110110100011_1
0001100100100000_1
0111100100000010_0
0101100110111110_0
1110110001101011_0
0110010100111001_1
0011110100111010_1
1111001111110010_1
0010011001011110_0
0010001111011110_1
1101111111100101_1
0010001000100111_1
0111000110011010_1
1010001011110000_1
1101011000111000_1
1110010011001000_1
0001101000100011_0
1110100101010101_0
1000111010100011_0
0001001100100011_0
0010000001011011_1
0001000111111011_1
0010001100010111_1
1101111111101100_0
0100101000100110_1
0011000000100110_0
0001000001010011_1
0100010100100100_0
0010010000101010_1
0101001111110101_1
0101011010010101_0
0101100011101101_1
1101101000000000_1
0011111100011101_0
0011111100011101_1
0011111100011101_0
0011111100011101_1
0011111100011101_0
0011111100011101_1
0011111100011101_0
0011111100011101_1
0011111100011101_0
0011111100011101_1
0011111100011101_0
0011111100011101_1
0011111100011101_0
0011111100011101_1
0011111100011101_0
0011111100011101_1
0011111100011101_0
0011111100011101_1
0011111100011101_0
0011111100011101_1
0011111100011101_0
0011111100011101_1
0011111100011101_0
0011111100011101_1
0011111100011101_0
0011111100011101_1
0011111100011101_0
0011111100011101_1
0011111100011101_0
0011111100011101_1
0011111100011101_0
0011111100011101_1
0011111100011101_0
0011111100011101_1
0011111100011101_0
0011101111100100_0
0011101111100100_0
0011101111100100_0
0011101111100100_0
0011101111100100_0
0011101111100100_0
0011101111100100_0
0011101111100100_0
0011101111100100_0
0011101111100100_0
0011101111100100_0
0011101111100100_0
0011101111100100_0
0011101111100100_0
0011101111100100_0
0011101111100100_0
0011101111100100_0
0011101111100100_0
0011101111100100_0
0011101111100100_0
1000010011100110_1
1000010011100110_0
1000010011100110_1
1000010011100110_1
1000010011100110_1
1000010011100110_1
1000010011100110_1
1000010011100110_1
1000010011100110_1
1000010011100110_0
1000010011100110_1
1000010011100110_1
1000010011100110_1
1000010011100110_1
1000010011100110_1
1000010011100110_1
1000010011100110_0
1010000001111011_1
1010000001111011_1
1010000001111011_1
1010000001111011_1
1010000001111011_1
1010000001111011_1
1010000001111011_1
1010000001111011_1
1010000001111011_1
1010000001111011_1
1010000001111011_1
1010000001111011_1
1010000001111011_1
1010000001111011_0
1010010001111001_1
1010000001111011_1
1010000001111011_1
1010000001111011_1
1010000001111011_1
1010000001111011_1
1010000001111011_1
1010000001111011_1
1010000001111011_1
1010000001111011_1
1010000001111011_1
1010000001111011_1
1010000001111011_1
1010000001111011_1
1010000001111011_0
1010010001111001_1
1010000001111011_1
1010000001111011_1
1010000001111011_1
1010000001111011_1
1010000001111011_1
1010000001111011_1
1010000001111011_1
1010000001111011_1
1010000001111011_1
1010000001111011_1
1010000001111011_1
1010000001111011_1
1010000001111011_1
1010000001111011_0
1010010001111001_1
1010000001111011_1
1010000001111011_1
1010000001111011_1
1010000001111011_1
1010000001111011_1
1010000001111011_1
1010000001111011_1
1010000001111011_1
1010000001111011_1
1010000001111011_1
1010000001111011_1
1010000001111011_1
1010000001111011_1
1010000001111011_0
1010010001111001_1
1010010001111001_0
1101011000111011_0
0001110011011110_0
1101011000111011_1
0001110011011110_1
1101011000111011_0
0001110011011110_0
1101011000111011_1
0001110011011110_1
1101011000111011_0
0001110011011110_0
1101011000111011_1
0001110011011110_1
1101011000111011_0
0001110011011110_0
1101011000111011_1
0001110011011110_1
1101011000111011_0
0001110011011110_0
1101011000111011_1
0001110011011110_1
1101011000111011_0
0001110011011110_0
1101011000111011_1
0001110011011110_1
1101011000111011_0
0001110011011110_0
1101011000111011_1
0001110011011110_1
1101011000111011_0
0001110011011110_0
1101011000111011_1
0001110011011110_1
1101011000111011_0
0001110011011110_0
1101011000111011_1
0001110011011110_1
1101011000111011_0
0001110011011110_0
1101011000111011_1
0001110011011110_1
1101011000111011_0
0001110011011110_0
1101011000111011_1
0001110011011110_1
1101011000111011_0
0001110011011110_0
1101011000111011_1
0001110011011110_1
1101011000111011_0
0001110011011110_0
1101011000111011_1
0001110011011110_1
1101011000111011_0
0001110011011110_0
1101011000111011_1
0001110011011110_1
1101011000111011_0
0001110011011110_0
1101011000111011_1
0001110011011110_1
1101011000111011_0
0001110011011110_0
1101011000111011_1
0001110011011110_1
1101011000111011_0
0001110011011110_0
1101011000111011_1
0001110011011110_1
1101011000111011_0
0001110011011110_0
1101011000111011_1
0001110011011110_1
1101011000111011_0
0001110011011110_0
1101011000111011_1
0001110011011110_1
1101011000111011_0
0001110011011110_0
1101011000111011_1
0001110011011110_1
1101011000111011_0
0001110011011110_0
1101011000111011_1
0001110011011110_1
1101011000111011_0
0001110011011110_0
1101011000111011_1
0001110011011110_1
1101011000111011_0
0001110011011110_0
1101011000111011_1
0001110011011110_1
1101011000111011_0
0001110011011110_0
1011000000000111_1
0000010101010101_1
1011000000000111_0
0000010101010101_0
1011000000000111_1
0000010101010101_1
1011000000000111_0
0000010101010101_0
1011000000000111_1
0000010101010101_1
1011000000000111_0
0000010101010101_0
1011000000000111_1
0000010101010101_1
1011000000000111_0
0000010101010101_0
1011000000000111_1
0000010101010101_1
1011000000000111_0
0000010101010101_0
1011000000000111_1
0000010101010101_1
1011000000000111_0
0000010101010101_0
1011000000000111_1
0000010101010101_1
1011000000000111_0
0000010101010101_0
1011000000000111_1
0000010101010101_1
1011000000000111_0
0000010101010101_0
1011000000000111_1
0000010101010101_1
1011000000000111_0
0000010101010101_0
1011000000000111_1
0000010101010101_1
1011000000000111_0
0000010101010101_0
1011000000000111_1
0000010101010101_1
1011000000000111_0
0000010101010101_0
1011000000000111_1
0000010101010101_1
1011000000000111_0
0000010101010101_0
1011000000000111_1
0000010101010101_1
1011000000000111_0
0000010101010101_0
1011000000000111_1
0000010101010101_1
1011000000000111_0
0000010101010101_0
1011000000000111_1
0000010101010101_1
1011000000000111_0
0000010101010101_0
1011000000000111_1
0000010101010101_1
1011000000000111_0
0000010101010101_0
1011000000000111_1
0000010101010101_1
1011000000000111_0
0000010101010101_0
1011000000000111_1
0000010101010101_1
1011000000000111_0
0000010101010101_0
1011000000000111_1
0000010101010101_1
1011000000000111_0
0000010101010101_0
1011000000000111_1
0000010101010101_1
0001001100110110_1
0001001100110110_1
0001001100110110_1
0001001100110110_1
0001001100110110_1
0001001100110110_1
0001001100110110_1
0001001100110110_1
0001001100110110_1
0001001100110110_1
0001001100110110_1
0001001100110110_1
0001001100110110_1
0001001100110110_1
0001001100110110_1
0001001100110110_1
0001001100110110_1
0001001100110110_1
0001001100110110_1
0001001100110110_1
0001001100110110_1
0001001100110110_1
0001001100110110_1
0001001100110110_1
0001001100110110_1
0001001100110110_0
1010001010110101_1
1000100000101110_1
1010001010110101_0
1000100000101110_0
1010001010110101_1
1000100000101110_1
1010001010110101_0
1000100000101110_0
1010001010110101_1
1000100000101110_1
1010001010110101_0
1000100000101110_0
1010001010110101_1
1000100000101110_1
1010001010110101_0
1000100000101110_0
1010001010110101_1
1000100000101110_1
1010001010110101_0
1000100000101110_0
1010001010110101_1
1000100000101110_1
1010001010110101_0
1000100000101110_0
1010001010110101_1
1000100000101110_1
1010001010110101_0
1000100000101110_0
1010001010110101_1
1000100000101110_1
1010001010110101_0
1000100000101110_0
1010001010110101_1
1000100000101110_1
1010001010110101_0
1000100000101110_0
1010001010110101_1
1000100000101110_1
1010001010110101_0
1000100000101110_0
1010001010110101_1
1000100000101110_1
1010001010110101_0
1000100000101110_0
1010001010110101_1
1000100000101110_1
1010001010110101_0
1000100000101110_0
1010001010110101_1
1000100000101110_1
1010001010110101_0
1000100000101110_0
1010001010110101_1
1000100000101110_1
1010001010110101_0
1000100000101110_0
1010001010110101_1
1000100000101110_1
1011010010101100_0
1011010010101100_1
1011010010101100_0
1011010010101100_1
1011010010101100_0
1011010010101100_1
1011010010101100_0
1011010010101100_1
1011010010101100_0
1011010010101100_1
1011010010101100_0
1011010010101100_1
1011010010101100_0
1011010010101100_1
1011010010101100_0
1011010010101100_1
1011010010101100_0
1011010010101100_1
1011010010101100_0
1011010010101100_1
1011010010101100_0
1011010010101100_1
1011010010101100_0
1011010010101100_1
1011010010101100_0
1011010010101100_1
1011010010101100_0
1011010010101100_1
1011010010101100_0
1011010010101100_1
1011010010101100_0
1011010010101100_1
1011010010101100_0
1011010010101100_1
1011010010101100_0
1011010010101100_1
1011010010101100_0
1011010010101100_1
1011010010101100_0
1011010010101100_1
1011010010101100_0
1011010010101100_1
1011010010101100_0
1011010010101100_1
1011010010101100_0
1001000101100011_1
1001000101100011_1
1001000101100011_1
1001000101100011_1
1001000101100011_1
1001000101100011_1
1001000101100011_1
1001000101100011_1
1001000101100011_1
1001000101100011_1
1001000101100011_1
1001000101100011_1
1001000101100011_1
1001000101100011_1
1001000101100011_1
1001000101100011_1
1001000101100011_1
1001000101100011_1
1001000101100011_1
1001000101100011_1
0111010001001100_0
0111010001001100_0
0111010001001100_0
0111010001001100_0
0111010001001100_0
0111010001001100_0
0111010001001100_1
0111010001001100_0
0111010001001100_0
0111010001001100_0
0111010001001100_0
0111010001001100_0
0111010001001100_0
0111010001001100_0
0111010001001100_0
0111010001001100_0
0111010001001100_0
0111010001001100_0
1011000011001000_1
1011000011001000_1
1011000011001000_1
1011000011001000_1
1011000011001000_1
1011000011001000_1
1011000011001000_1
1011000011001000_1
1011000011001000_1
1011000011001000_1
1011000011001000_1
1011000011001000_1
1011000011001000_1
1011000011001000_1
1011000011001000_1
1011000011001000_1
1011000011001000_0
0100011100110110_0
0100011100110110_1
0100011100110110_0
0100011100110110_1
0100011100110110_0
0100011100110110_1
0100011100110110_0
0100011100110110_1
0100011100110110_0
0100011100110110_1
0100011100110110_0
0100011100110110_1
0100011100110110_0
0100011100110110_1
0100011100110110_0
0100011100110110_1
0100011100110110_0
0100011100110110_1
0100011100110110_0
0100011100110110_1
0100011100110110_0
0100011100110110_1
0100011100110110_0
0100011100110110_1
0100011100110110_0
0100011100110110_1
0100011100110110_0
0100011100110110_1
0100011100110110_0
0100011100110110_1
0100011100110110_0
0100011100110110_1
0100011100110110_0
0100011100110110_1
0100011100110110_0
0100011100110110_1
0100011100110110_0
0100011100110110_1
0100011100110110_0
0100011100110110_1
0100011100110110_0
0100011100110110_1
0100011100110110_0
0100011100110110_1
0100011100110110_0
0100011100110110_1
0100011100110110_0
0100011100110110_1
0100011100110110_0
0100011100110110_1
0100011100110110_0
0100011100110110_1
0100011100110110_0
0100011100110110_1
1110100101010001_1
1110100101010001_1
1110100101010001_1
1110100101010001_1
1110100101010001_1
1110100101010001_1
1110100101010001_1
1110100101010001_1
1110100101010001_1
1110100101010001_1
1110100101010001_1
1110100101010001_1
1110100101010001_1
1110100101010001_1
1110100101010001_1
1110100101010001_1
1110100101010001_1
1110100101010001_1
1110100101010001_1
1110100101010001_1
1110100101010001_1
1110100101010001_1
1110100101010001_1
1110100101010001_1
1110100101010001_1
1110100101010001_1
1110100101010001_0
1110110001101111_0
1110110001101111_0
1110110001101111_0
1110110001101111_0
1110110001101111_0
1110110001101111_0
1110110001101111_0
1110110001101111_0
1110110001101111_0
1110110001101111_0
1110110001101111_0
1110110001101111_0
1110110001101111_0
1110110001101111_0
1110110001101111_0
1110110001101111_0
1110110001101111_0
1110110001101111_0
1110110001101111_0
1110110001101111_0
1010111001001110_0
1011100011001000_0
1010111001001110_1
1011100011001000_1
1010111001001110_0
1011100011001000_0
1010111001001110_1
1011100011001000_1
1010111001001110_0
1011100011001000_0
1010111001001110_1
1011100011001000_1
1010111001001110_0
1011100011001000_0
1010111001001110_1
1011100011001000_1
1010111001001110_0
1011100011001000_0
1010111001001110_1
1011100011001000_1
1010111001001110_0
1011100011001000_0
1010111001001110_1
1011100011001000_1
1010111001001110_0
1011100011001000_0
1010111001001110_1
1011100011001000_1
1010111001001110_0
1011100011001000_0
1010111001001110_1
1011100011001000_1
1010111001001110_0
1011100011001000_0
1010111001001110_1
1011100011001000_1
1010111001001110_0
1011100011001000_0
1010111001001110_1
1011100011001000_1
1010111001001110_0
1011100011001000_0
1010111001001110_1
1011100011001000_1
0011110010011000_0
0011110010011000_1
0011110010011000_0
0011110010011000_0
0011110010011000_0
0110010110011001_1
0110010110011001_1
0110010110011001_1
0110010110011001_1
0110010110011001_1
0110010110011001_1
0110010110011001_1
0110010110011001_1
0110010110011001_1
0110010110011001_1
0110010110011001_1
0110010110011001_1
0110010110011001_1
0110010110011001_1
0110010110011001_1
0110010110011001_1
0110010110011001_1
0110010110011001_1
0110010110011001_1
0110010110011001_1
0110010110011001_1
0110010110011001_1
0110010110011001_1
0110010110011001_1
0110010110011001_1
0110010110011001_1
0110010110011001_1
0110010110011001_1
0110010110011001_1
0110010110011001_1
0110010110011001_1
0110010110011001_1
0110010110011001_1
0110010110011001_1
0110010110011001_0
1001111101001101_1
1001111101001101_1
1001111101001101_1
1001111101001101_1
1001111101001101_1
1001111101001101_1
1001111101001101_1
1001111101001101_1
1001111101001101_1
1001111101001101_1
1001111101001101_1
1001111101001101_1
1001111101001101_1
1001111101001101_1
1001111101001101_1
1001111101001101_1
1001111101001101_1
1001111101001101_1
1001111101001101_1
1001111101001101_1
1100000110010111_0
1100000110010111_0
1100000110010111_0
1100000110010111_0
1100000110010111_0
1100000110010111_0
1100000110010111_0
1100000110010111_0
1100000110010111_0
1100000110010111_0
1100000110010111_0
1100000110010111_0
1100000110010111_0
1100000110010111_0
1100000110010111_0
1100000110010111_0
1100000110010111_0
1100000110010111_0
1100000110010111_0
1100000110010111_0
1111000011100001_1
1011000010011110_1
1011010001011100_0
0010001100001010_1
1110010001101011_1
0000011000001011_0
0110101001110110_0
1011100110000111_1
0011111111101101_0
1110110001001101_1
0000110000011001_0
1101101111001111_0
0101111000011100_1
1011011010010110_0
0111000111010100_0
0111000000100001_1
1101110111101111_0
1100001011011100_0
1101010101101000_0
1010011110001110_1
1010100001110111_0
1111101110001000_0
0100100101011000_1
0101010000000000_0
0000100011111100_0
1011100100110010_0
0001110001100000_0
0000101111111110_0
1110110011000000_0
0110110101000000_0
0100111001110001_1
0000111110010010_1
0100010111000010_1
1000110101010001_0
1101011100101101_0
1110111111000011_0
0010111101001001_0
1010111000101111_0
0111100101011111_1
0111011011010011_0
0111011011011101_0
0110011101101100_0
1110110010111001_0
1000101110001010_1
0001101011101000_1
0000000011100011_1
0010110000110100_0
1101010010000000_0
1010001111001110_1
0101011111011011_0
1101000100000110_0
1101000100000110_1
1101000100000110_0
1101000100000110_1
1101000100000110_0
1101000100000110_1
1101000100000110_0
1101000100000110_1
1101000100000110_0
1101000100000110_1
1101000100000110_0
1101000100000110_1
1101000100000110_0
1101000100000110_1
1101000100000110_0
1101000100000110_1
1101000100000110_0
1101000100000110_1
1101000100000110_0
1101000100000110_1
1101000100000110_0
1101000100000110_1
1101000100000110_0
1101000100000110_1
1101000100000110_0
1101000100000110_1
1101000100000110_0
1101000100000110_1
1101000100000110_0
1101000100000110_1
1101000100000110_0
1101000100000110_1
1101000100000110_0
1101000100000110_1
1101000100000110_0
0111010010010010_1
0101001010001100_1
0111010010010010_0
0101001010001100_0
0111010010010010_1
0101001010001100_1
0111010010010010_0
0101001010001100_0
0111010010010010_1
0101001010001100_1
0111010010010010_0
0101001010001100_0
0111010010010010_1
0101001010001100_1
0111010010010010_0
0101001010001100_0
0111010010010010_1
0101001010001100_1
0111010010010010_0
0101001010001100_0
0111010010010010_1
0101001010001100_1
0111010010010010_0
0101001010001100_0
0111010010010010_1
0101001010001100_1
0111010010010010_0
0101001010001100_0
0111010010010010_1
0101001010001100_1
0111010010010010_0
0101001010001100_0
0111010010010010_1
0101001010001100_1
0111010010010010_0
0101001010001100_0
0111010010010010_1
0101001010001100_1
0111010010010010_0
0101001010001100_0
0111010010010010_1
0101001010001100_1
0111010010010010_0
0101001010001100_0
0111010010010010_1
0101001010001100_1
0111010010010010_0
0101001010001100_0
0111010010010010_1
0101001010001100_1
0111010010010010_0
0101001010001100_0
0111010010010010_1
0101001010001100_1
0111010010010010_0
0101001010001100_0
0111010010010010_1
0101001010001100_1
0111010010010010_0
0101001010001100_0
0111010010010010_1
0101001010001100_1
1001101100111011_1
1001101100111011_1
1001101100111011_1
1001101100111011_1
1001101100111011_1
1001101100111011_1
1001101100111011_1
1001101100111011_1
1001101100111011_1
1001101100111011_1
1001101100111011_1
1001101100111011_1
1001101100111011_1
1001101100111011_1
1001101100111011_1
1001101100111011_1
1001101100111011_1
1001101100111011_1
1001101100111011_1
1001101100111011_1
0110111111100000_1
0010101110000011_0
0110001011100000_1
0011111110111001_1
0101111000000000_1
1111010110011100_1
1111100011110101_1
1000110111011110_1
0110010101011010_1
0100101000001111_0
0111011101000000_0
1011010000011100_1
0010001110100101_1
0011001101101100_1
1101100110101111_1
1011010000111000_1
0100110111111101_1
0000001101001000_0
1111010000011111_1
1100110110100100_1
0000001000000001_0
1011101101010000_1
1010011100111010_0
1010111000011100_0
1100111000010111_0
1001001001000001_0
0100010110011111_0
1010010101111100_1
1110000110110010_1
1000110010100010_1
0000101000100111_1
1010011001110011_1
0011101110000101_1
1000001001010100_1
1000010101101101_0
1011110110110000_1
0010001001100111_1
0000011000100100_1
1010101000101100_1
1111110101110101_0
0000101100100011_1
0000101100100011_1
0000101100100011_1
0000101100100011_1
0000101100100011_1
0000101100100011_1
0000101100100011_1
0000101100100011_1
0000101100100011_1
0000101100100011_1
0000101100100011_1
0000101100100011_1
0000101100100011_1
0000101100100011_1
0000101100100011_1
0000101100100011_1
0000101100100011_1
0000101100100011_1
0000101100100011_1
0000101100100011_1
0110001011100100_1
0110001011100100_1
0110001011100100_1
0110001011100100_1
0110001011100100_0
0110001011100100_0
0110001011100100_0
0110001011100100_0
0110001011100100_0
0100110000010000_1
0100110000010000_0
0100110000010000_0
0100110000010000_1
0100110000010000_0
0100110000010000_0
0100110000010000_1
0100110000010000_1
0100110000010000_1
0100110000010000_1
0100110000010000_1
0000101100101000_1
0000101100101000_1
0000101100101000_1
0000101100101000_1
0000101100101000_1
0000101100101000_1
0000101100101000_1
0000101100101000_1
0000101100101000_1
0000101100101000_1
0000101100101000_1
0000101100101000_1
0000101100101000_1
0000101100101000_1
0000101100101000_1
0000101100101000_1
0000101100101000_1
0000101100101000_1
0000101100101000_1
0000101100101000_1
0000101100101000_1
0000101100101000_1
0000101100101000_1
0000101100101000_1
0000101100101000_1
0000101100101000_0
1110110100111110_1
1110110100111110_1
1110110100111110_1
1110110100111110_1
1110110100111110_1
1110110100111110_1
1110110100111110_0
0011100110000100_1
1110110100111110_1
1110110100111110_1
1110110100111110_1
1110110100111110_1
1110110100111110_1
1110110100111110_1
1110110100111110_0
0011100110000100_1
1110110100111110_1
1110110100111110_1
1110110100111110_1
1110110100111110_1
1110110100111110_1
1110110100111110_1
1110110100111110_0
0011100110000100_1
1110110100111110_1
1110110100111110_1
1110110100111110_1
1110110100111110_1
1110110100111110_1
1110110100111110_1
1110110100111110_0
0011100110000100_1
0011100110000100_0
1011011101000001_1
1011011101000001_1
1011011101000001_1
1011011101000001_1
1011011101000001_1
1011011101000001_1
1011011101000001_1
1011011101000001_1
1011011101000001_1
1011011101000001_1
1011011101000001_1
1011011101000001_1
1011011101000001_1
1011011101000001_1
1011011101000001_0
0110010100011000_1
1011011101000001_1
1011011101000001_1
1011011101000001_1
1011011101000001_1
1011011101000001_1
1011011101000001_1
1011011101000001_1
1011011101000001_1
1011011101000001_1
1011011101000001_1
1011011101000001_1
1011011101000001_1
1011011101000001_1
1011011101000001_1
1011011101000001_0
0110010100011000_1
1011011101000001_1
1011011101000001_1
1011011101000001_1
1011011101000001_1
1011011101000001_1
1011011101000001_1
1011011101000001_1
1011011101000001_1
1011011101000001_1
1011011101000001_1
1011011101000001_1
1011011101000001_1
1011011101000001_1
1011011101000001_1
1011011101000001_0
0110010100011000_1
1011011101000001_1
1011011101000001_1
1011011101000001_1
1011011101000001_1
1011011101000001_1
1011011101000001_1
1011011101000001_1
1011011101000001_1
1011011101000001_1
1011011101000001_1
1011011101000001_1
1011011101000001_1
1011011101000001_1
1011011101000001_1
1011011101000001_0
0110010100011000_1
1011011101000001_1
1011011101000001_1
1011011101000001_1
1011011101000001_1
1011011101000001_1
1011011101000001_1
1011011101000001_1
1011011101000001_1
1011011101000001_1
1011011101000001_1
1011011101000001_1
1011011101000001_1
1011011101000001_1
1011011101000001_1
1011011101000001_0
0110010100011000_1
0110010100011000_0
1101111001110001_1
1101111001110001_1
1101111001110001_0
1101111001110001_0
1101111001110001_0
1101111001110001_1
1101111001110001_1
1101111001110001_1
1101111001110001_1
1101111001110001_0
1101111001110001_1
1101111001110001_0
1101111001110001_0
1101111001110001_1
1101111001110001_0
1101111001110001_0
1101111001110001_0
1101111001110001_0
1010110010001000_1
1010110010001000_1
1010110010001000_1
1010110010001000_1
1010110010001000_1
1010110010001000_1
1010110010001000_1
1010110010001000_1
1010110010001000_1
1010110010001000_1
1010110010001000_1
1010110010001000_1
1010110010001000_1
1010110010001000_1
1010110010001000_1
1010110010001000_1
1010110010001000_1
1010110010001000_1
1010110010001000_1
1010110010001000_1
1010110010001000_1
1010110010001000_1
1010110010001000_1
1010110010001000_1
1010110010001000_1
1010110010001000_1
1010110010001000_1
1010110010001000_1
1010110010001000_1
1010110010001000_1
1010110010001000_0
0100100011110001_1
0100100011110001_1
0100100011110001_1
0100100011110001_1
0100100011110001_1
0100100011110001_1
0100100011110001_1
0100100011110001_1
0100100011110001_0
0001100010100010_1
0100100011110001_1
0100100011110001_1
0100100011110001_1
0100100011110001_1
0100100011110001_1
0100100011110001_1
0100100011110001_1
0100100011110001_1
0100100011110001_0
0001100010100010_1
0100100011110001_1
0100100011110001_1
0100100011110001_1
0100100011110001_1
0100100011110001_1
0100100011110001_1
0100100011110001_1
0100100011110001_1
0100100011110001_0
0001100010100010_1
0100100011110001_1
0100100011110001_1
0100100011110001_1
0100100011110001_1
0100100011110001_1
0100100011110001_1
0100100011110001_1
0100100011110001_1
0100100011110001_0
0001100010100010_1
0100100011110001_1
0100100011110001_1
0100100011110001_1
0100100011110001_1
0100100011110001_1
0100100011110001_1
0100100011110001_1
0100100011110001_1
0100100011110001_0
0001100010100010_1
0100100011110001_1
0100100011110001_1
0100100011110001_1
0100100011110001_1
0100100011110001_1
0100100011110001_1
0100100011110001_1
0100100011110001_1
0100100011110001_0
0001100010100010_1
0100100011110001_1
0100100011110001_1
0100100011110001_1
0100100011110001_1
0100100011110001_1
0100100011110001_1
0100100011110001_1
0100100011110001_1
0100100011110001_0
0001100010100010_1
0100100011110001_1
0100100011110001_1
0100100011110001_1
0100100011110001_1
0100100011110001_1
0100100011110001_1
0100100011110001_1
0100100011110001_1
0100100011110001_0
0001100010100010_1
0100100011110001_1
0100100011110001_1
0100100011110001_1
0100100011110001_1
0100100011110001_1
0100100011110001_1
0100100011110001_1
0100100011110001_1
0100100011110001_0
0001100010100010_1
0001100010100010_0
0101000000110001_1
0101000000110001_1
0101000000110001_1
0101000000110001_1
0101000000110001_1
0101000000110001_1
0101000000110001_1
0101000000110001_1
0101000000110001_1
0101000000110001_1
0101000000110001_1
0101000000110001_1
0101000000110001_1
0101000000110001_1
0101000000110001_1
0101000000110001_1
0101000000110001_1
0101000000110001_1
0101000000110001_1
0101000000110001_1
0000001011011111_1
0000001011011111_1
0000001011011111_1
0000001011011111_1
0000001011011111_1
0000001011011111_1
0000001011011111_1
0000001011011111_1
0000001011011111_1
0000001011011111_1
0000001011011111_1
0000001011011111_1
0000001011011111_1
0000001011011111_1
0000001011011111_1
0000001011011111_1
0000001011011111_1
0000001011011111_1
0000001011011111_1
0000001011011111_1
0000001011011111_1
0000001011011111_1
0000001011011111_1
0000001011011111_1
0000001011011111_1
0000001011011111_1
0000001011011111_1
0000001011011111_1
0000001011011111_0
0110000011001011_1
0110000011001011_1
0110000011001011_1
0110000011001011_1
0110000011001011_1
0110000011001011_1
0110000011001011_1
0110000011001011_1
0110000011001011_1
0110000011001011_1
0110000011001011_1
0110000011001011_1
0110000011001011_1
0110000011001011_1
0110000011001011_1
0110000011001011_1
0110000011001011_1
0110000011001011_1
0110000011001011_1
0110000011001011_1
1101000101001100_1
1101000101001100_1
1101000101001100_1
1101000101001100_1
1101000101001100_1
1101000101001100_1
1101000101001100_1
1101000101001100_1
1101000101001100_1
1101000101001100_1
1101000101001100_1
1101000101001100_1
1101000101001100_1
1101000101001100_1
1101000101001100_1
1101000101001100_1
1101000101001100_1
1101000101001100_1
1101000101001100_1
1101000101001100_1
1111010110001000_0
1111010110001000_1
1111010110001000_0
1111010110001000_1
1111010110001000_0
1111010110001000_1
1111010110001000_0
1111010110001000_1
1111010110001000_0
1111010110001000_1
1111010110001000_0
1111010110001000_1
1111010110001000_0
1111010110001000_1
1111010110001000_0
1111010110001000_1
1111010110001000_0
1111010110001000_1
1111010110001000_0
1111010110001000_1
1111010110001000_0
1111010110001000_1
1111010110001000_0
1111010110001000_1
1111010110001000_0
1111010110001000_1
1111010110001000_0
1111010110001000_1
1111010110001000_0
1111010110001000_1
1111010110001000_0
1111010110001000_1
1111010110001000_0
1111010110001000_1
1111010110001000_0
1111010110001000_1
1111010110001000_0
1111010110001000_1
1111010110001000_0
1111010110001000_1
1111010110001000_0
1111010110001000_1
1111010110001000_0
1111010110001000_1
1111010110001000_0
1111010110001000_1
1111010110001000_0
1111010110001000_1
1111010110001000_0
1111010110001000_1
1111010110001000_0
1111010110001000_1
1111010110001000_0
1111010110001000_1
1111010110001000_0
1111010110001000_1
1111010110001000_0
1100000011010001_1
1100000011010001_1
1100000011010001_1
1100000011010001_1
1100000011010001_1
1100000011010001_1
1100000011010001_1
1100000011010001_1
1100000011010001_1
1100000011010001_1
1100000011010001_1
1100000011010001_0
1010000111111000_1
1100000011010001_1
1100000011010001_1
1100000011010001_1
1100000011010001_1
1100000011010001_1
1100000011010001_1
1100000011010001_1
1100000011010001_1
1100000011010001_1
1100000011010001_1
1100000011010001_1
1100000011010001_0
1010000111111000_1
1100000011010001_1
1100000011010001_1
1100000011010001_1
1100000011010001_1
1100000011010001_1
1100000011010001_1
1100000011010001_1
1100000011010001_1
1100000011010001_1
1100000011010001_1
1100000011010001_1
1100000011010001_0
1010000111111000_1
1100000011010001_1
1100000011010001_1
1100000011010001_1
1100000011010001_1
1100000011010001_1
1100000011010001_1
1100000011010001_1
1100000011010001_1
1100000011010001_1
1100000011010001_1
1100000011010001_1
1100000011010001_0
1010000111111000_1
1100000011010001_1
1100000011010001_1
1100000011010001_1
1100000011010001_1
1100000011010001_1
1100000011010001_1
1100000011010001_1
1100000011010001_1
1100000011010001_1
1100000011010001_1
1100000011010001_1
1100000011010001_0
1010000111111000_1
1010000111111000_0
0000001000110001_1
1010011100010001_1
0000001000110001_0
1010011100010001_0
0000001000110001_1
1010011100010001_1
0000001000110001_0
1010011100010001_0
0000001000110001_1
1010011100010001_1
0000001000110001_0
1010011100010001_0
0000001000110001_1
1010011100010001_1
0000001000110001_0
1010011100010001_0
0000001000110001_1
1010011100010001_1
0000001000110001_0
1010011100010001_0
0000001000110001_1
1010011100010001_1
0000001000110001_0
1010011100010001_0
0000001000110001_1
1010011100010001_1
0000001000110001_0
1010011100010001_0
0000001000110001_1
1010011100010001_1
0000001000110001_0
1010011100010001_0
0000001000110001_1
1010011100010001_1
0000001000110001_0
1010011100010001_0
0000001000110001_1
1010011100010001_1
0000001000110001_0
1010011100010001_0
0000001000110001_1
1010011100010001_1
0000001000110001_0
1010011100010001_0
0000001000110001_1
1010011100010001_1
0000001000110001_0
1010011100010001_0
0000001000110001_1
1010011100010001_1
0000001000110001_0
1010011100010001_0
0000001000110001_1
1010011100010001_1
0000001000110001_0
1010011100010001_0
0000001000110001_1
1010011100010001_1
0000001000110001_0
1010011100010001_0
0000001000110001_1
1010011100010001_1
0000001000110001_0
1010011100010001_0
0000001000110001_1
1010011100010001_1
0000001000110001_0
1010011100010001_0
0000001000110001_1
1010011100010001_1
0000001000110001_0
1010011100010001_0
0000001000110001_1
1010011100010001_1
0000001000110001_0
1010011100010001_0
0000001000110001_1
1010011100010001_1
0000001000110001_0
1010011100010001_0
1010110001110011_0
1111101000111100_1
0010101001111011_1
0001011111000101_0
1101101100101110_0
1101010000100100_1
1101101011000100_0
0010110010101110_0
0011010010101111_1
1000110110100011_0
1101111011101000_1
1000001101100001_0
1110010111010111_1
0011000111110101_0
1111110011011010_1
0110110111010011_0
1000010000101011_1
1011110110110011_0
1101101001111111_1
1110100110010101_1
1100110101110001_1
0011110010111001_0
0100101000101111_1
0001101101100111_0
1011010000000111_1
0111111110001010_1
0001000100000111_1
1111010010110000_0
0010110001111100_0
0001000110011110_0
1110110111011010_1
0010100100110111_1
1010111110111011_0
0100010111110011_0
0101111100110010_1
1010110000110101_0
0101001111011100_0
1111001010100010_0
1000000000011000_1
0001111100110010_0
0101001001111000_1
0010000001001100_1
1110001100011000_0
0011001001011000_1
1111000001110110_1
0001111011110011_1
0111011011001101_1
1111011000110100_0
1000010010000001_0
1010001011110010_0
1010001011110010_0
1010001011110010_0
1010001011110010_0
1010001011110010_0
1010001011110010_1
1010001011110010_0
1010001011110010_0
1010001011110010_1
1010001011110010_1
1011110001000000_0
1011110001000000_1
1011110001000000_0
1011110001000000_0
1011110001000000_1
1011110001000000_0
1011110001000000_1
1011110001000000_1
1110101010100110_1
0011111101111100_1
1110101010100110_0
0011111101111100_0
1110101010100110_1
0011111101111100_1
1110101010100110_0
0011111101111100_0
1110101010100110_1
0011111101111100_1
1110101010100110_0
0011111101111100_0
1110101010100110_1
0011111101111100_1
1110101010100110_0
0011111101111100_0
1110101010100110_1
0011111101111100_1
1110101010100110_0
0011111101111100_0
1110101010100110_1
0011111101111100_1
1110101010100110_0
0011111101111100_0
1110101010100110_1
0011111101111100_1
1110101010100110_0
0011111101111100_0
1110101010100110_1
0011111101111100_1
1110101010100110_0
0011111101111100_0
1110101010100110_1
0011111101111100_1
1110101010100110_0
0011111101111100_0
1110101010100110_1
0011111101111100_1
1110101010100110_0
0011111101111100_0
1110101010100110_1
0011111101111100_1
1110101010100110_0
0011111101111100_0
1110101010100110_1
0011111101111100_1
1110101010100110_0
0011111101111100_0
1110101010100110_1
0011111101111100_1
1110101010100110_0
0011111101111100_0
1110101010100110_1
0011111101111100_1
1110101010100110_0
0011111101111100_0
1110101010100110_1
0011111101111100_1
1110101010100110_0
0011111101111100_0
1110101010100110_1
0011111101111100_1
1110101010100110_0
0011111101111100_0
1110101010100110_1
0011111101111100_1
1110101010100110_0
0011111101111100_0
1011100110000010_0
1011100110000010_1
1011100110000010_0
1011100110000010_1
1011100110000010_0
1011100110000010_1
1011100110000010_0
1011100110000010_1
1011100110000010_0
1011100110000010_1
1011100110000010_0
1011100110000010_1
1011100110000010_0
1011100110000010_1
1011100110000010_0
1011100110000010_1
1011100110000010_0
1011100110000010_1
1011100110000010_0
1011100110000010_1
1011100110000010_0
1011100110000010_1
1011100110000010_0
1011100110000010_1
1011100110000010_0
1011100110000010_1
1011100110000010_0
1011100110000010_1
1011100110000010_0
1011100110000010_1
1011100110000010_0
1011100110000010_1
1011100110000010_0
1011100110000010_1
1011100110000010_0
1011100110000010_1
1011100110000010_0
1011100110000010_1
1011100110000010_0
1011100110000010_1
1011100110000010_0
1011100110000010_1
1011100110000010_0
1011100110000010_1
1011100110000010_0
1011100110000010_1
1011100110000010_0
1011100110000010_1
1011100110000010_0
1011100110000010_1
0101100110001010_0
1011100001111111_0
0101100110001010_1
1011100001111111_1
0101100110001010_0
1011100001111111_0
0101100110001010_1
1011100001111111_1
0101100110001010_0
1011100001111111_0
0101100110001010_1
1011100001111111_1
0101100110001010_0
1011100001111111_0
0101100110001010_1
1011100001111111_1
0101100110001010_0
1011100001111111_0
0101100110001010_1
1011100001111111_1
0101100110001010_0
1011100001111111_0
0101100110001010_1
1011100001111111_1
0101100110001010_0
1011100001111111_0
0101100110001010_1
1011100001111111_1
0101100110001010_0
1011100001111111_0
0101100110001010_1
1011100001111111_1
0101100110001010_0
1011100001111111_0
0101100110001010_1
1011100001111111_1
0101100110001010_0
1011100001111111_0
0101100110001010_1
1011100001111111_1
0101100110001010_0
1011100001111111_0
0101100110001010_1
1011100001111111_1
0101100110001010_0
1011100001111111_0
0101100110001010_1
1011100001111111_1
0101100110001010_0
1011100001111111_0
0101100110001010_1
1011100001111111_1
0101100110001010_0
1011100001111111_0
0101100110001010_1
1011100001111111_1
0101100110001010_0
1011100001111111_0
0101100110001010_1
1011100001111111_1
0101100110001010_0
1011100001111111_0
0101100110001010_1
1011100001111111_1
0101100110001010_0
1011100001111111_0
0101100110001010_1
1011100001111111_1
0101100110001010_0
1011100001111111_0
0101100110001010_1
1011100001111111_1
0101100110001010_0
1011100001111111_0
0101100110001010_1
1011100001111111_1
0101100110001010_0
1011100001111111_0
1001100110111110_0
1001011000001101_0
1001100110111110_1
1001011000001101_1
1001100110111110_0
1001011000001101_0
1001100110111110_1
1001011000001101_1
1001100110111110_0
1001011000001101_0
1001100110111110_1
1001011000001101_1
1001100110111110_0
1001011000001101_0
1001100110111110_1
1001011000001101_1
1001100110111110_0
1001011000001101_0
1001100110111110_1
1001011000001101_1
1001100110111110_0
1001011000001101_0
1001100110111110_1
1001011000001101_1
1001100110111110_0
1001011000001101_0
1001100110111110_1
1001011000001101_1
1001100110111110_0
1001011000001101_0
1001100110111110_1
1001011000001101_1
1001100110111110_0
1001011000001101_0
1001100110111110_1
1001011000001101_1
1001100110111110_0
1001011000001101_0
1001100110111110_1
1001011000001101_1
1001100110111110_0
1001011000001101_0
1001100110111110_1
1001011000001101_1
1001100110111110_0
1001011000001101_0
1001100110111110_1
1001011000001101_1
1001100110111110_0
1001011000001101_0
1001100110111110_1
1001011000001101_1
1001100110111110_0
1001011000001101_0
1001100110111110_1
1001011000001101_1
1001100110111110_0
1001011000001101_0
1001100110111110_1
1001011000001101_1
1001100110111110_0
1001011000001101_0
1001100110111110_1
1001011000001101_1
1001100110111110_0
1001011000001101_0
1001100110111110_1
1001011000001101_1
1001100110111110_0
1001011000001101_0
1001100110111110_1
1001011000001101_1
1001100110111110_0
1001011000001101_0
1001100110111110_1
1001011000001101_1
1001100110111110_0
1001011000001101_0
1001100110111110_1
1001011000001101_1
1001100110111110_0
1001011000001101_0
1001100110111110_1
1001011000001101_1
1101011101001010_0
1101011101001010_0
1101011101001010_0
1101011101001010_0
1101011101001010_0
1101011101001010_0
1101011101001010_0
0000000011101000_0
1000100001111011_0
0000000011101000_1
1000100001111011_1
0000000011101000_0
1000100001111011_0
0000000011101000_1
1000100001111011_1
0000000011101000_0
1000100001111011_0
0000000011101000_1
1000100001111011_1
0000000011101000_0
1000100001111011_0
0000000011101000_1
1000100001111011_1
0000000011101000_0
1000100001111011_0
0000000011101000_1
1000100001111011_1
0000000011101000_0
1000100001111011_0
0000000011101000_1
1000100001111011_1
0000000011101000_0
1000100001111011_0
0000000011101000_1
1000100001111011_1
0000000011101000_0
1000100001111011_0
0000000011101000_1
1000100001111011_1
0000000011101000_0
1000100001111011_0
0000000011101000_1
1000100001111011_1
0000000011101000_0
1000100001111011_0
0000000011101000_1
1000100001111011_1
0000000011101000_0
1000100001111011_0
0000000011101000_1
1000100001111011_1
0000000011101000_0
1000100001111011_0
0000000011101000_1
1000100001111011_1
0000000011101000_0
1000100001111011_0
0000000011101000_1
1000100001111011_1
0000000011101000_0
1000100001111011_0
0000000011101000_1
1000100001111011_1
0000000011101000_0
1000100001111011_0
0000000011101000_1
1000100001111011_1
0000000011101000_0
1000100001111011_0
0000000011101000_1
1000100001111011_1
0000000011101000_0
1000100001111011_0
1000111110011100_0
1000111110011100_1
1000111110011100_0
1000111110011100_0
1000111110011100_1
0101101111000101_0
0111001011000100_0
0101101111000101_1
0111001011000100_1
0101101111000101_0
0111001011000100_0
0101101111000101_1
0111001011000100_1
0101101111000101_0
0111001011000100_0
0101101111000101_1
0111001011000100_1
0101101111000101_0
0111001011000100_0
0101101111000101_1
0111001011000100_1
0101101111000101_0
0111001011000100_0
0101101111000101_1
0111001011000100_1
0101101111000101_0
0111001011000100_0
0101101111000101_1
0111001011000100_1
0101101111000101_0
0111001011000100_0
0101101111000101_1
0111001011000100_1
0101101111000101_0
0111001011000100_0
0101101111000101_1
0111001011000100_1
0101101111000101_0
0111001011000100_0
0101101111000101_1
0111001011000100_1
0101101111000101_0
0111001011000100_0
0101101111000101_1
0111001011000100_1
0101101111000101_0
0111001011000100_0
0101101111000101_1
0111001011000100_1
0101101111000101_0
0111001011000100_0
0101101111000101_1
0111001011000100_1
0101101111000101_0
0111001011000100_0
0101101111000101_1
0111001011000100_1
1000100011101111_0
1000100011101111_1
1000100011101111_0
1000100011101111_1
1000100011101111_0
1000100011101111_0
1000100011101111_1
1000100011101111_0
1000100011101111_0
1000100011101111_1
1000100011101111_1
1000100011101111_0
1000100011101111_1
1000100011101111_1
1000100011101111_1
1100010100111001_1
1100010100111001_1
1100010100111001_1
1100010100111001_1
1100010100111001_1
1100010100111001_1
1100010100111001_1
1100010100111001_1
1100010100111001_1
1100010100111001_1
1100010100111001_1
1100010100111001_1
1100010100111001_1
1100010100111001_1
1100010100111001_1
1100010100111001_1
1100010100111001_1
1100010100111001_1
1100010100111001_1
1100010100111001_1
1011101100011111_1
1011101100011111_1
1011101100011111_1
1011101100011111_1
1011101100011111_1
1011101100011111_1
1011101100011111_1
1011101100011111_0
1011111001011100_1
1011101100011111_1
1011101100011111_1
1011101100011111_1
1011101100011111_1
1011101100011111_1
1011101100011111_1
1011101100011111_1
1011101100011111_0
1011111001011100_1
1011101100011111_1
1011101100011111_1
1011101100011111_1
1011101100011111_1
1011101100011111_1
1011101100011111_1
1011101100011111_1
1011101100011111_0
1011111001011100_1
1011101100011111_1
1011101100011111_1
1011101100011111_1
1011101100011111_1
1011101100011111_1
1011101100011111_1
1011101100011111_1
1011101100011111_0
1011111001011100_1
1011101100011111_1
1011101100011111_1
1011101100011111_1
1011101100011111_1
1011101100011111_1
1011101100011111_1
1011101100011111_1
1011101100011111_0
1011111001011100_1
1011101100011111_1
1011101100011111_1
1011101100011111_1
1011101100011111_1
1011101100011111_1
1011101100011111_1
1011101100011111_1
1011101100011111_0
1011111001011100_1
1011101100011111_1
1011101100011111_1
1011101100011111_1
1011101100011111_1
1011101100011111_1
1011101100011111_1
1011101100011111_1
1011101100011111_0
1011111001011100_1
1011101100011111_1
1011101100011111_1
1011101100011111_1
1011101100011111_1
1011101100011111_1
1011101100011111_1
1011101100011111_1
1011101100011111_0
1011111001011100_1
1011101100011111_1
1011101100011111_1
1011101100011111_1
1011101100011111_1
1011101100011111_1
1011101100011111_1
1011101100011111_1
1011101100011111_0
1011111001011100_1
1011101100011111_1
1011101100011111_1
1011101100011111_1
1011101100011111_1
1011101100011111_1
1011101100011111_1
1011101100011111_1
1011101100011111_0
1011111001011100_1
1011111001011100_0
1011110101111001_0
1011110101111001_1
1011110101111001_0
1011110101111001_1
1011110101111001_0
1011110101111001_1
1011110101111001_0
1011110101111001_1
1011110101111001_0
1011110101111001_1
1011110101111001_0
1011110101111001_1
1011110101111001_0
1011110101111001_1
1011110101111001_0
1011110101111001_1
1011110101111001_0
1011110101111001_1
1011110101111001_0
1011110101111001_1
1011110101111001_0
1011110101111001_1
1011110101111001_0
1011110101111001_1
1011110101111001_0
1011110101111001_1
1011110101111001_0
1011110101111001_1
1011110101111001_0
1011110101111001_1
1011110101111001_0
1011110101111001_1
1011110101111001_0
1011110101111001_1
1011110101111001_0
1011110101111001_1
0101000011111011_1
0101000011111011_1
0101000011111011_1
0101000011111011_1
0101000011111011_1
0101000011111011_1
0101000011111011_1
0101000011111011_0
0101001100111100_1
0101000011111011_1
0101000011111011_1
0101000011111011_1
0101000011111011_1
0101000011111011_1
0101000011111011_1
0101000011111011_1
0101000011111011_0
0101001100111100_1
0101000011111011_1
0101000011111011_1
0101000011111011_1
0101000011111011_1
0101000011111011_1
0101000011111011_1
0101000011111011_1
0101000011111011_0
0101001100111100_1
0101000011111011_1
0101000011111011_1
0101000011111011_1
0101000011111011_1
0101000011111011_1
0101000011111011_1
0101000011111011_1
0101000011111011_0
0101001100111100_1
0101001100111100_0
0011111111100100_0
0011111111100100_0
0011111111100100_0
0011111111100100_1
0011111111100100_1
0011111111100100_0
0011111111100100_0
0011111111100100_0
1011011011111110_0
0111101110100010_0
1011011011111110_1
0111101110100010_1
1011011011111110_0
0111101110100010_0
1011011011111110_1
0111101110100010_1
1011011011111110_0
0111101110100010_0
1011011011111110_1
0111101110100010_1
1011011011111110_0
0111101110100010_0
1011011011111110_1
0111101110100010_1
1011011011111110_0
0111101110100010_0
1011011011111110_1
0111101110100010_1
1011011011111110_0
0111101110100010_0
1011011011111110_1
0111101110100010_1
1011011011111110_0
0111101110100010_0
1011011011111110_1
0111101110100010_1
1011011011111110_0
0111101110100010_0
1011011011111110_1
0111101110100010_1
1011011011111110_0
0111101110100010_0
1011011011111110_1
0111101110100010_1
1011011011111110_0
0111101110100010_0
1011011011111110_1
0111101110100010_1
1011011011111110_0
0111101110100010_0
1011011011111110_1
0111101110100010_1
1011011011111110_0
0111101110100010_0
1011011011111110_1
0111101110100010_1
1011011011111110_0
0111101110100010_0
1011011011111110_1
0111101110100010_1
1011011011111110_0
0111101110100010_0
1011011011111110_1
0111101110100010_1
1011011011111110_0
0111101110100010_0
1011011011111110_1
0111101110100010_1
1011011011111110_0
0111101110100010_0
1011011011111110_1
0111101110100010_1
1011011011111110_0
0111101110100010_0
1011011011111110_1
0111101110100010_1
1011011011111110_0
0111101110100010_0
1011011011111110_1
0111101110100010_1
1011011011111110_0
0111101110100010_0
1011011011111110_1
0111101110100010_1
1011011011111110_0
0111101110100010_0
1011011011111110_1
0111101110100010_1
1011011011111110_0
0111101110100010_0
1011011011111110_1
0111101110100010_1
1011011011111110_0
0111101110100010_0
1011011011111110_1
0111101110100010_1
1011011011111110_0
0111101110100010_0
1011011011111110_1
0111101110100010_1
1100011001101001_0
1100011001101001_0
1100011001101001_0
1100011001101001_0
1100011001101001_0
1100011001101001_0
1100011001101001_0
1100011001101001_0
1100011001101001_0
1100011001101001_0
1100011001101001_0
1100011001101001_0
1100011001101001_0
1100011001101001_0
1100011001101001_0
1100011001101001_0
1100011001101001_0
1100011001101001_0
1100011001101001_0
1100011001101001_0
1010101111001001_1
1010101111001001_1
1010101111001001_1
1010101111001001_1
1010101111001001_1
1010101111001001_1
1010101111001001_1
1010101111001001_1
1010101111001001_1
1010101111001001_1
1010101111001001_1
1010101111001001_1
1010101111001001_1
1010101111001001_1
1010101111001001_1
1010101111001001_1
1010101111001001_1
1010101111001001_1
1010101111001001_1
1010101111001001_1
0001010101001000_0
0001010101001000_0
0001010101001000_0
0001010101001000_0
0001010101001000_0
0001010101001000_0
0001010101001000_0
0001010101001000_0
0001010101001000_0
0001010101001000_0
0001010101001000_0
0001010101001000_0
0001010101001000_0
0001010101001000_0
0001010101001000_0
0001010101001000_0
0001010101001000_0
0001010101001000_0
0001010101001000_0
0001010101001000_0
0001100100001111_0
1110011110111110_0
0001100100001111_1
1110011110111110_1
0001100100001111_0
1110011110111110_0
0001100100001111_1
1110011110111110_1
0001100100001111_0
1110011110111110_0
0001100100001111_1
1110011110111110_1
0001100100001111_0
1110011110111110_0
0001100100001111_1
1110011110111110_1
0001100100001111_0
1110011110111110_0
0001100100001111_1
1110011110111110_1
0001100100001111_0
1110011110111110_0
0001100100001111_1
1110011110111110_1
0001100100001111_0
1110011110111110_0
0001100100001111_1
1110011110111110_1
0001100100001111_0
1110011110111110_0
0001100100001111_1
1110011110111110_1
0001100100001111_0
1110011110111110_0
0001100100001111_1
1110011110111110_1
0001100100001111_0
1110011110111110_0
0001100100001111_1
1110011110111110_1
0001100100001111_0
1110011110111110_0
0001100100001111_1
1110011110111110_1
0001100100001111_0
1110011110111110_0
0001100100001111_1
1110011110111110_1
0001100100001111_0
1110011110111110_0
0001100100001111_1
1110011110111110_1
0001100100001111_0
1110011110111110_0
0001100100001111_1
1110011110111110_1
0001100100001111_0
1110011110111110_0
0001100100001111_1
1110011110111110_1
0001100100001111_0
1110011110111110_0
0001100100001111_1
1110011110111110_1
0001100100001111_0
1110011110111110_0
0001100100001111_1
1110011110111110_1
0001100100001111_0
1110011110111110_0
0001100100001111_1
1110011110111110_1
0001100100001111_0
1110011110111110_0
0001100100001111_1
1110011110111110_1
0001100100001111_0
1110011110111110_0
0001100100001111_1
1110011110111110_1
0001100100001111_0
1110011110111110_0
0001100100001111_1
1110011110111110_1
0001100100001111_0
1110011110111110_0
0001100100001111_1
1110011110111110_1
0001100100001111_0
1110011110111110_0
0001100100001111_1
1110011110111110_1
0001100100001111_0
1110011110111110_0
0001100100001111_1
1110011110111110_1
0001100100001111_0
1110011110111110_0
0101110010100000_1
0101110010100000_1
0101110010100000_1
0101110010100000_1
0101110010100000_1
0101110010100000_1
0101110010100000_1
0101110010100000_1
0101110010100000_1
0101110010100000_1
0101110010100000_1
0101110010100000_1
0101110010100000_1
0101110010100000_1
0101110010100000_1
0101110010100000_1
0101110010100000_1
0101110010100000_0
1000010100000100_0
1000010100000100_0
1000010100000100_1
1000010100000100_0
1000010100000100_1
1000010100000100_0
1000010100000100_0
1000010100000100_0
1000010100000100_0
1000010100000100_0
1000010100000100_0
1000010100000100_1
1000010100000100_0
1000010100000100_0
1000010100000100_0
0011111010101110_0
0011111010101110_0
0011111010101110_0
0011111010101110_0
0011111010101110_0
0011111010101110_0
0011111010101110_0
0011111010101110_0
0011111010101110_0
0011111010101110_0
0011111010101110_0
0011111010101110_0
0011111010101110_0
0011111010101110_0
0011111010101110_0
0011111010101110_0
0011111010101110_0
0011111010101110_0
0011111010101110_0
0011111010101110_0
1001000111011111_1
1001000111011111_1
1001000111011111_1
1001000111011111_1
1001000111011111_0
0001110111100100_1
1001000111011111_1
1001000111011111_1
1001000111011111_1
1001000111011111_1
1001000111011111_0
0001110111100100_1
1001000111011111_1
1001000111011111_1
1001000111011111_1
1001000111011111_1
1001000111011111_0
0001110111100100_1
1001000111011111_1
1001000111011111_1
1001000111011111_1
1001000111011111_1
1001000111011111_0
0001110111100100_1
1001000111011111_1
1001000111011111_1
1001000111011111_1
1001000111011111_1
1001000111011111_0
0001110111100100_1
1001000111011111_1
1001000111011111_1
1001000111011111_1
1001000111011111_1
1001000111011111_0
0001110111100100_1
1001000111011111_1
1001000111011111_1
1001000111011111_1
1001000111011111_1
1001000111011111_0
0001110111100100_1
1001000111011111_1
1001000111011111_1
1001000111011111_1
1001000111011111_1
1001000111011111_0
0001110111100100_1
1001000111011111_1
1001000111011111_1
1001000111011111_1
1001000111011111_1
1001000111011111_0
0001110111100100_1
1001000111011111_1
1001000111011111_1
1001000111011111_1
1001000111011111_1
1001000111011111_0
0001110111100100_1
0001110111100100_0
0001100001110101_0
0001100001110101_1
0001100001110101_0
0001100001110101_1
0001100001110101_0
0001100001110101_1
0001100001110101_0
0001100001110101_1
0001100001110101_0
0001100001110101_1
0001100001110101_0
0001100001110101_1
0001100001110101_0
0001100001110101_1
0001100001110101_0
0001100001110101_1
0001100001110101_0
0001100001110101_1
0001100001110101_0
0001100001110101_1
0001100001110101_0
0001100001110101_1
0001100001110101_0
0001100001110101_1
0001100001110101_0
0001100001110101_1
1100111100010001_0
0101011000010000_0
1100111100010001_1
0101011000010000_1
1100111100010001_0
0101011000010000_0
1100111100010001_1
0101011000010000_1
1100111100010001_0
0101011000010000_0
1100111100010001_1
0101011000010000_1
1100111100010001_0
0101011000010000_0
1100111100010001_1
0101011000010000_1
1100111100010001_0
0101011000010000_0
1100111100010001_1
0101011000010000_1
1100111100010001_0
0101011000010000_0
1100111100010001_1
0101011000010000_1
1100111100010001_0
0101011000010000_0
1100111100010001_1
0101011000010000_1
1100111100010001_0
0101011000010000_0
1100111100010001_1
0101011000010000_1
1100111100010001_0
0101011000010000_0
1100111100010001_1
0101011000010000_1
1100111100010001_0
0101011000010000_0
1100111100010001_1
0101011000010000_1
1100111100010001_0
0101011000010000_0
1100111100010001_1
0101011000010000_1
1100111100010001_0
0101011000010000_0
1100111100010001_1
0101011000010000_1
1100111100010001_0
0101011000010000_0
1100111100010001_1
0101011000010000_1
1100111100010001_0
0101011000010000_0
1100111100010001_1
0101011000010000_1
1100111100010001_0
0101011000010000_0
1100111100010001_1
0101011000010000_1
1100111100010001_0
0101011000010000_0
1100111100010001_1
0101011000010000_1
1100111100010001_0
0101011000010000_0
1100111100010001_1
0101011000010000_1
1100111100010001_0
0101011000010000_0
1100111100010001_1
0101011000010000_1
1100111100010001_0
0101011000010000_0
1100111100010001_1
0101011000010000_1
1100111100010001_0
0101011000010000_0
1100111100010001_1
0101011000010000_1
1100111100010001_0
0101011000010000_0
1101110111011001_1
1000010010010110_1
1101110111011001_0
1000010010010110_0
1101110111011001_1
1000010010010110_1
1101110111011001_0
1000010010010110_0
1101110111011001_1
1000010010010110_1
1101110111011001_0
1000010010010110_0
1101110111011001_1
1000010010010110_1
1101110111011001_0
1000010010010110_0
1101110111011001_1
1000010010010110_1
1101110111011001_0
1000010010010110_0
1101110111011001_1
1000010010010110_1
1101110111011001_0
1000010010010110_0
1101110111011001_1
1000010010010110_1
1101110111011001_0
1000010010010110_0
1101110111011001_1
1000010010010110_1
1101110111011001_0
1000010010010110_0
1101110111011001_1
1000010010010110_1
1101110111011001_0
1000010010010110_0
1101110111011001_1
1000010010010110_1
1101110111011001_0
1000010010010110_0
1101110111011001_1
1000010010010110_1
1101110111011001_0
1000010010010110_0
1110111100100101_0
0000000111010011_0
1110111100100101_1
0000000111010011_1
1110111100100101_0
0000000111010011_0
1110111100100101_1
0000000111010011_1
1110111100100101_0
0000000111010011_0
1110111100100101_1
0000000111010011_1
1110111100100101_0
0000000111010011_0
1110111100100101_1
0000000111010011_1
1110111100100101_0
0000000111010011_0
1110111100100101_1
0000000111010011_1
1110111100100101_0
0000000111010011_0
1110111100100101_1
0000000111010011_1
1110111100100101_0
0000000111010011_0
1110111100100101_1
0000000111010011_1
1110111100100101_0
0000000111010011_0
1110111100100101_1
0000000111010011_1
1110111100100101_0
0000000111010011_0
1110111100100101_1
0000000111010011_1
1110111100100101_0
0000000111010011_0
1110111100100101_1
0000000111010011_1
1110111100100101_0
0000000111010011_0
1110111100100101_1
0000000111010011_1
1110111100100101_0
0000000111010011_0
1110111100100101_1
0000000111010011_1
1110111100100101_0
0000000111010011_0
1110111100100101_1
0000000111010011_1
1110111100100101_0
0000000111010011_0
1110111100100101_1
0000000111010011_1
1110111100100101_0
0000000111010011_0
1110111100100101_1
0000000111010011_1
1110111100100101_0
0000000111010011_0
1110111100100101_1
0000000111010011_1
1110111100100101_0
0000000111010011_0
1110111100100101_1
0000000111010011_1
1110111100100101_0
0000000111010011_0
1110111100100101_1
0000000111010011_1
1110111100100101_0
0000000111010011_0
1110111100100101_1
0000000111010011_1
1110111100100101_0
0000000111010011_0
1110111100100101_1
0000000111010011_1
1110111100100101_0
0000000111010011_0
0011001110110010_1
0011001110110010_1
0011001110110010_1
0011001110110010_1
0011001110110010_1
0011001110110010_1
0011001110110010_1
0011001110110010_1
0011001110110010_1
0011001110110010_1
0011001110110010_1
0011001110110010_1
0011001110110010_1
0011001110110010_1
0011001110110010_1
0011001110110010_1
0011001110110010_1
0011001110110010_1
0011001110110010_1
0011001110110010_1
1101000011011111_1
0010110011110101_1
1101000011011111_0
0010110011110101_0
1101000011011111_1
0010110011110101_1
1101000011011111_0
0010110011110101_0
1101000011011111_1
0010110011110101_1
1101000011011111_0
0010110011110101_0
1101000011011111_1
0010110011110101_1
1101000011011111_0
0010110011110101_0
1101000011011111_1
0010110011110101_1
1101000011011111_0
0010110011110101_0
1101000011011111_1
0010110011110101_1
1101000011011111_0
0010110011110101_0
1101000011011111_1
0010110011110101_1
1101000011011111_0
0010110011110101_0
1101000011011111_1
0010110011110101_1
1101000011011111_0
0010110011110101_0
1101000011011111_1
0010110011110101_1
1101000011011111_0
0010110011110101_0
1101000011011111_1
0010110011110101_1
1101000011011111_0
0010110011110101_0
1101000011011111_1
0010110011110101_1
1101000011011111_0
0010110011110101_0
1101000011011111_1
0010110011110101_1
1101000011011111_0
0010110011110101_0
1101000011011111_1
0010110011110101_1
1101000011011111_0
0010110011110101_0
1101000011011111_1
0010110011110101_1
1101000011011111_0
0010110011110101_0
1101000011011111_1
0010110011110101_1
1101000011011111_0
0010110011110101_0
1101000011011111_1
0010110011110101_1
0111111100001111_0
0111111100001111_1
0111111100001111_0
0111111100001111_1
0111111100001111_0
0111111100001111_1
0111111100001111_0
0111111100001111_1
0111111100001111_0
0111111100001111_1
0111111100001111_0
0111111100001111_1
0111111100001111_0
0111111100001111_1
0111111100001111_0
0111111100001111_1
0111111100001111_0
0111111100001111_1
0111111100001111_0
0111111100001111_1
0111111100001111_0
0111111100001111_1
0111111100001111_0
0111111100001111_1
0111111100001111_0
0111111100001111_1
0111111100001111_0
0111111100001111_1
0111111100001111_0
0111111100001111_1
0111111100001111_0
0111111100001111_1
0111111100001111_0
0111111100001111_1
0111111100001111_0
0111111100001111_1
0111111100001111_0
0111000111110111_0
0111000111110111_1
0111000111110111_0
0111000111110111_1
0111000111110111_0
0111000111110111_1
0111000111110111_0
0111000111110111_1
0111000111110111_0
0111000111110111_1
0111000111110111_0
0111000111110111_1
0111000111110111_0
0111000111110111_1
0111000111110111_0
0111000111110111_1
0111000111110111_0
0111000111110111_1
0111000111110111_0
0111000111110111_1
0111000111110111_0
0111000111110111_1
1101010101001001_1
1101010101001001_1
1101010101001001_1
1101010101001001_1
1101010101001001_1
1101010101001001_1
1101010101001001_1
1101010101001001_1
1101010101001001_1
1101010101001001_1
1101010101001001_1
1101010101001001_1
1101010101001001_1
1101010101001001_1
1101010101001001_1
1101010101001001_1
1101010101001001_1
1101010101001001_1
1101010101001001_1
1101010101001001_1
0010001101100001_1
0010001101100001_1
0010001101100001_1
0010001101100001_1
0010001101100001_1
0010001101100001_1
0010001101100001_1
0010001101100001_1
0010001101100001_1
0010001101100001_1
0010001101100001_1
0010001101100001_1
0010001101100001_1
0010001101100001_1
0010001101100001_1
0010001101100001_1
0010001101100001_1
0010001101100001_1
0010001101100001_1
0010001101100001_1
0010010000010010_1
0010010000010010_1
0010010000010010_1
0010010000010010_1
0010010000010010_1
0010010000010010_1
0010010000010010_1
0010010000010010_1
0010010000010010_1
0010010000010010_1
0010010000010010_1
0010010000010010_1
0010010000010010_1
0010010000010010_1
0010010000010010_1
0010010000010010_1
0010010000010010_1
0010010000010010_1
0010010000010010_1
0010010000010010_1
0010010000010010_0
0010101101101111_1
0010010000010010_1
0010010000010010_1
0010010000010010_1
0010010000010010_1
0010010000010010_1
0010010000010010_1
0010010000010010_1
0010010000010010_1
0010010000010010_1
0010010000010010_1
0010010000010010_1
0010010000010010_1
0010010000010010_1
0010010000010010_1
0010010000010010_1
0010010000010010_1
0010010000010010_1
0010010000010010_1
0010010000010010_1
0010010000010010_1
0010010000010010_0
0010101101101111_1
0010101101101111_0
1000011010111001_1
0011001100100011_1
1000011010111001_0
0011001100100011_0
1000011010111001_1
0011001100100011_1
1000011010111001_0
0011001100100011_0
1000011010111001_1
0011001100100011_1
1000011010111001_0
0011001100100011_0
1000011010111001_1
0011001100100011_1
1000011010111001_0
0011001100100011_0
1000011010111001_1
0011001100100011_1
1000011010111001_0
0011001100100011_0
1000011010111001_1
0011001100100011_1
1000011010111001_0
0011001100100011_0
1000011010111001_1
0011001100100011_1
1000011010111001_0
0011001100100011_0
1000011010111001_1
0011001100100011_1
1000011010111001_0
0011001100100011_0
1000011010111001_1
0011001100100011_1
1000011010111001_0
0011001100100011_0
1000011010111001_1
0011001100100011_1
1000011010111001_0
0011001100100011_0
1000011010111001_1
0011001100100011_1
1000011010111001_0
0011001100100011_0
1000011010111001_1
0011001100100011_1
1000011010111001_0
0011001100100011_0
1000011010111001_1
0011001100100011_1
1000011010111001_0
0011001100100011_0
1000011010111001_1
0011001100100011_1
1000011010111001_0
0011001100100011_0
1000011010111001_1
0011001100100011_1
1000011010111001_0
0011001100100011_0
1000011010111001_1
0011001100100011_1
1000011010111001_0
0011001100100011_0
1000011010111001_1
0011001100100011_1
1000011010111001_0
0011001100100011_0
1000011010111001_1
0011001100100011_1
1000011010111001_0
0011001100100011_0
1000000110001000_0
1000000110001000_0
1000000110001000_0
1000000110001000_0
1000000110001000_0
1000000110001000_0
1000000110001000_0
1000000110001000_0
1000000110001000_0
1000000110001000_0
1000000110001000_0
1000000110001000_0
1000000110001000_0
1000000110001000_0
1000000110001000_0
1000000110001000_0
1000000110001000_0
1000000110001000_0
1000000110001000_0
1000000110001000_0
0011001011001001_1
1111110111000000_1
0011001011001001_0
1111110111000000_0
0011001011001001_1
1111110111000000_1
0011001011001001_0
1111110111000000_0
0011001011001001_1
1111110111000000_1
0011001011001001_0
1111110111000000_0
0011001011001001_1
1111110111000000_1
0011001011001001_0
1111110111000000_0
0011001011001001_1
1111110111000000_1
0011001011001001_0
1111110111000000_0
0011001011001001_1
1111110111000000_1
0011001011001001_0
1111110111000000_0
0011001011001001_1
1111110111000000_1
0011001011001001_0
1111110111000000_0
0011001011001001_1
1111110111000000_1
0011001011001001_0
1111110111000000_0
0011001011001001_1
1111110111000000_1
0011001011001001_0
1111110111000000_0
0011001011001001_1
1111110111000000_1
0011001011001001_0
1111110111000000_0
0011001011001001_1
1111110111000000_1
0011001011001001_0
1111110111000000_0
0011001011001001_1
1111110111000000_1
0011001011001001_0
1111110111000000_0
0011001011001001_1
1111110111000000_1
0011001011001001_0
1111110111000000_0
0011001011001001_1
1111110111000000_1
0011001011001001_0
1111110111000000_0
0011001011001001_1
1111110111000000_1
1111001001110000_0
1111001001110000_1
1111001001110000_0
1111001001110000_0
1111001001110000_0
1111001001110000_0
1111001001110000_1
0011100111001100_1
0011100111001100_1
0011100111001100_1
0011100111001100_1
0011100111001100_1
0011100111001100_1
0011100111001100_1
0011100111001100_1
0011100111001100_0
0011100111001100_1
0011100111001100_1
0011100111001100_1
0111100001101011_1
0111100001101011_1
0111100001101011_1
0111100001101011_1
0111100001101011_1
0111100001101011_1
0111100001101011_1
0111100001101011_1
0111100001101011_1
0111100001101011_1
0111100001101011_1
0111100001101011_1
0111100001101011_1
0111100001101011_1
0111100001101011_1
0111100001101011_1
0111100001101011_1
0111100001101011_1
0111100001101011_1
0111100001101011_1
0011101111100101_1
0011101111100101_1
0011101111100101_1
0011101111100101_1
0011101111100101_1
0011101111100101_1
0011101111100101_1
0011101111100101_1
0011101111100101_1
0011101111100101_1
0011101111100101_1
0011101111100101_1
0011101111100101_1
0011101111100101_1
0011101111100101_1
0011101111100101_0
1000010101110111_1
0011101111100101_1
0011101111100101_1
0011101111100101_1
0011101111100101_1
0011101111100101_1
0011101111100101_1
0011101111100101_1
0011101111100101_1
0011101111100101_1
0011101111100101_1
0011101111100101_1
0011101111100101_1
0011101111100101_1
0011101111100101_1
0011101111100101_1
0011101111100101_0
1000010101110111_1
0011101111100101_1
0011101111100101_1
0011101111100101_1
0011101111100101_1
0011101111100101_1
0011101111100101_1
0011101111100101_1
0011101111100101_1
0011101111100101_1
0011101111100101_1
0011101111100101_1
0011101111100101_1
0011101111100101_1
0011101111100101_1
0011101111100101_1
0011101111100101_0
1000010101110111_1
1000010101110111_0
0111000100100110_0
0111000100100110_1
0111000100100110_0
0111000100100110_0
0111000100100110_0
0111000100100110_0
0110010010100000_0
0110010010100000_0
0110010010100000_0
0110010010100000_0
0110010010100000_0
0110010010100000_0
0110010010100000_0
0110010010100000_0
0110010010100000_0
0110010010100000_0
0110010010100000_0
0110010010100000_0
0110010010100000_0
0110010010100000_0
0110010010100000_0
0110010010100000_0
0110010010100000_0
0110010010100000_0
0110010010100000_0
0110010010100000_0
0110100010001000_1
1010110010111110_0
1011111101010101_1
0111000111110001_1
0100000111100011_0
1101011001101010_1
0101111011110001_0
1001011000011000_1
0011110011100000_1
1011111111111111_1
0111111101111000_1
1001010010101110_1
1100110111010110_0
1000001101111010_1
1010010000101111_0
1110011101110000_1
1001110011011111_1
1011100000001011_0
1011100010000011_0
0111011110110101_1
1000001011111001_1
0000100010010100_1
0001111100101010_1
1011100010100010_1
0001000010010001_1
1001110001101110_0
1010111001001000_1
1111000111001000_0
0101111100111110_1
0011010001000101_1
0110010011100010_1
1111100101110010_0
0100001100100100_1
1101011100011010_1
1001001110111111_1
0100111110001110_1
0100111011001101_0
0101000011001010_1
1000111111010110_0
0111110110100010_1
0001001011001010_0
0001101110011000_1
1101100100011010_0
0011110100011001_1
0011110100011001_1
0011110100011001_1
0011110100011001_1
0011110100011001_1
0011110100011001_1
0011110100011001_1
0011110100011001_1
0011110100011001_1
0011110100011001_1
0011110100011001_1
0011110100011001_0
1011111111010001_1
0011110100011001_1
0011110100011001_1
0011110100011001_1
0011110100011001_1
0011110100011001_1
0011110100011001_1
0011110100011001_1
0011110100011001_1
0011110100011001_1
0011110100011001_1
0011110100011001_1
0011110100011001_0
1011111111010001_1
0011110100011001_1
0011110100011001_1
0011110100011001_1
0011110100011001_1
0011110100011001_1
0011110100011001_1
0011110100011001_1
0011110100011001_1
0011110100011001_1
0011110100011001_1
0011110100011001_1
0011110100011001_0
1011111111010001_1
1011111111010001_0
1100101110000010_0
1100101110000010_0
1100101110000010_0
1100101110000010_0
1100101110000010_0
1100101110000010_0
1100101110000010_0
1100101110000010_0
1100101110000010_0
1100101110000010_0
1100101110000010_0
1100101110000010_0
1100101110000010_0
1100101110000010_0
1100101110000010_0
1100101110000010_0
1100101110000010_0
1100101110000010_0
1100101110000010_0
1100101110000010_0
1100100010101110_1
0101111100100111_1
0000010110101100_1
0011101001100111_1
1010101001111000_0
0001000111110100_0
0110100111101000_0
0111011010100101_1
0011001001010111_0
0111101100111101_0
1111000101001100_1
0001001010100010_1
0001001010100010_1
0001001010100010_1
0001001010100010_1
0001001010100010_1
0001001010100010_1
0001001010100010_0
1010100111110010_1
1010100111110010_1
1010100111110010_1
1010100111110010_1
1010100111110010_1
1010100111110010_1
1010100111110010_1
1010100111110010_1
1010100111110010_1
1010100111110010_1
1010100111110010_1
1010100111110010_1
1110110010000100_1
1110110010000100_1
1110110010000100_1
1110110010000100_1
1110110010000100_1
1110110010000100_1
1110110010000100_1
1110110010000100_1
1110110010000100_1
1110110010000100_1
1110110010000100_1
1110110010000100_1
1110110010000100_1
1110110010000100_1
1110110010000100_1
1110110010000100_1
1110110010000100_1
1110110010000100_1
1110110010000100_1
1110110010000100_1
0101100110110010_1
1111000001100011_1
0101100110110010_0
1111000001100011_0
0101100110110010_1
1111000001100011_1
0101100110110010_0
1111000001100011_0
0101100110110010_1
1111000001100011_1
0101100110110010_0
1111000001100011_0
0101100110110010_1
1111000001100011_1
0101100110110010_0
1111000001100011_0
0101100110110010_1
1111000001100011_1
0101100110110010_0
1111000001100011_0
0101100110110010_1
1111000001100011_1
0101100110110010_0
1111000001100011_0
0101100110110010_1
1111000001100011_1
0101100110110010_0
1111000001100011_0
0101100110110010_1
1111000001100011_1
0101100110110010_0
1111000001100011_0
0101100110110010_1
1111000001100011_1
0101100110110010_0
1111000001100011_0
0101100110110010_1
1111000001100011_1
0101100110110010_0
1111000001100011_0
0101100110110010_1
1111000001100011_1
0101100110110010_0
1111000001100011_0
0101100110110010_1
1111000001100011_1
0101100110110010_0
1111000001100011_0
0101100110110010_1
1111000001100011_1
1000010100011101_0
1000010100011101_0
1000010100011101_1
1000010100011101_0
1000010100011101_1
1000010100011101_1
1000010100011101_0
1000010100011101_1
1000010100011101_1
1000010100011101_1
1000010100011101_1
1000010100011101_0
1000010100011101_1
1000010100011101_1
1000010100011101_0
1000010100011101_1
1000010100011101_1
1000010100011101_1
1000010100011101_1
0111000011100010_1
1100011001101011_1
0111000011100010_0
1100011001101011_0
0111000011100010_1
1100011001101011_1
0111000011100010_0
1100011001101011_0
0111000011100010_1
1100011001101011_1
0111000011100010_0
1100011001101011_0
0111000011100010_1
1100011001101011_1
0111000011100010_0
1100011001101011_0
0111000011100010_1
1100011001101011_1
0111000011100010_0
1100011001101011_0
0111000011100010_1
1100011001101011_1
0111000011100010_0
1100011001101011_0
0111000011100010_1
1100011001101011_1
0111000011100010_0
1100011001101011_0
0111000011100010_1
1100011001101011_1
0111000011100010_0
1100011001101011_0
0111000011100010_1
1100011001101011_1
0111000011100010_0
1100011001101011_0
0111000011100010_1
1100011001101011_1
0111000011100010_0
1100011001101011_0
0111000011100010_1
1100011001101011_1
0111000011100010_0
1100011001101011_0
0111000011100010_1
1100011001101011_1
0111000011100010_0
1100011001101011_0
0111000011100010_1
1100011001101011_1
0111000011100010_0
1100011001101011_0
0111000011100010_1
1100011001101011_1
0111000011100010_0
1100011001101011_0
0111000011100010_1
1100011001101011_1
0111000011100010_0
1100011001101011_0
0111000011100010_1
1100011001101011_1
0111000011100010_0
1100011001101011_0
0111000011100010_1
1100011001101011_1
0111000011100010_0
1100011001101011_0
0111000011100010_1
1100011001101011_1
0111000011100010_0
1100011001101011_0
0111000011100010_1
1100011001101011_1
0111000011100010_0
1100011001101011_0
0111000011100010_1
1100011001101011_1
0111000011100010_0
1100011001101011_0
0111000011100010_1
1100011001101011_1
0111000011100010_0
1100011001101011_0
0111000011100010_1
1100011001101011_1
0111000011100010_0
1100011001101011_0
0111000011100010_1
1100011001101011_1
0111000011100010_0
1100011001101011_0
0111000011100010_1
1100011001101011_1
1000110001000101_0
1000110001000101_1
1000110001000101_0
1000110001000101_1
1000110001000101_0
1000110001000101_1
1000110001000101_0
1000110001000101_1
1000110001000101_0
1000110001000101_1
1000110001000101_0
1000110001000101_1
1000110001000101_0
1000110001000101_1
1000110001000101_0
1000110001000101_1
1000110001000101_0
1000110001000101_1
1000110001000101_0
1000110001000101_1
1000110001000101_0
1000110001000101_1
1000110001000101_0
1000110001000101_1
1000110001000101_0
1000110001000101_1
1000110001000101_0
1000110001000101_1
1000110001000101_0
1000110001000101_1
1000110001000101_0
1000110001000101_1
1000110001000101_0
1000110001000101_1
1000110001000101_0
1000110001000101_1
1000110001000101_0
1000110001000101_1
1011110100011111_1
1011110100011111_1
1011110100011111_1
1011110100011111_1
1011110100011111_0
1011110100011111_1
1011110100011111_1
1011110100011111_0
1011110100011111_1
1011110100011111_1
1011110100011111_1
1011110100011111_1
1011110100011111_1
1011110100011111_1
1011110100011111_1
1011110100011111_1
0101010001000101_0
0101010001000101_0
0101010001000101_0
0101010001000101_0
0101010001000101_0
0101010001000101_0
0101010001000101_0
0101010001000101_0
0101010001000101_0
0101010001000101_0
0101010001000101_0
0101010001000101_0
0101010001000101_0
0101010001000101_0
0101010001000101_0
0101010001000101_0
0101010001000101_0
0101010001000101_0
0101010001000101_0
0101010001000101_0
0001110111010010_0
0001110111010010_1
0001110111010010_0
0001110111010010_1
0001110111010010_0
0001110111010010_1
0001110111010010_0
0001110111010010_1
0001110111010010_0
0001110111010010_1
0001110111010010_0
0001110111010010_1
0001110111010010_0
0001110111010010_1
0001110111010010_0
0001110111010010_1
0001110111010010_0
0001110111010010_1
0001110111010010_0
0001110111010010_1
0001110111010010_0
0111000001111101_1
0111000001111101_1
0111000001111101_1
0111000001111101_1
0111000001111101_1
0111000001111101_1
0111000001111101_1
0111000001111101_1
0111000001111101_1
0111000001111101_1
0111000001111101_1
0111000001111101_1
0111000001111101_1
0111000001111101_1
0111000001111101_1
0111000001111101_1
0111000001111101_1
0111000001111101_1
0111000001111101_1
0111000001111101_1
1100110110001111_0
1100110110001111_1
1100110110001111_0
1100110110001111_1
1100110110001111_0
1100110110001111_1
1100110110001111_0
1100110110001111_1
1100110110001111_0
1100110110001111_1
1100110110001111_0
1100110110001111_1
1100110110001111_0
1100110110001111_1
1100110110001111_0
1100110110001111_1
1100110110001111_0
1100110110001111_1
1100110110001111_0
1100110110001111_1
1100110110001111_0
1100110110001111_1
1111000111010110_0
1111000111010110_0
1111000111010110_0
1111000111010110_0
1111000111010110_0
1111000111010110_0
1111000111010110_0
1111000111010110_0
1111000111010110_0
1111000111010110_0
1111000111010110_0
1111000111010110_0
1111000111010110_0
1111000111010110_0
1111000111010110_0
1111000111010110_0
1111000111010110_0
1111000111010110_0
1111000111010110_0
1111000111010110_0
0101100010010010_0
0010001010001011_0
0101100010010010_1
0010001010001011_1
0101100010010010_0
0010001010001011_0
0101100010010010_1
0010001010001011_1
0101100010010010_0
0010001010001011_0
0101100010010010_1
0010001010001011_1
0101100010010010_0
0010001010001011_0
0101100010010010_1
0010001010001011_1
0101100010010010_0
0010001010001011_0
0101100010010010_1
0010001010001011_1
0101100010010010_0
0010001010001011_0
0101100010010010_1
0010001010001011_1
0101100010010010_0
0010001010001011_0
0101100010010010_1
0010001010001011_1
0101100010010010_0
0010001010001011_0
0101100010010010_1
0010001010001011_1
0101100010010010_0
0010001010001011_0
0101100010010010_1
0010001010001011_1
0101100010010010_0
0010001010001011_0
0101100010010010_1
0010001010001011_1
0101100010010010_0
0010001010001011_0
0101100010010010_1
0010001010001011_1
0101100010010010_0
0010001010001011_0
0101100010010010_1
0010001010001011_1
0101100010010010_0
0010001010001011_0
0101100010010010_1
0010001010001011_1
0101100010010010_0
0010001010001011_0
0101100010010010_1
0010001010001011_1
0101100010010010_0
0010001010001011_0
0101100010010010_1
0010001010001011_1
0101100010010010_0
0010001010001011_0
0101100010010010_1
0010001010001011_1
0101100010010010_0
0010001010001011_0
0101100010010010_1
0010001010001011_1
0101100010010010_0
0010001010001011_0
0101100010010010_1
0010001010001011_1
0101100010010010_0
0010001010001011_0
0101100010010010_1
0010001010001011_1
0101100010010010_0
0010001010001011_0
0101100010010010_1
0010001010001011_1
0101100010010010_0
0010001010001011_0
0101100010010010_1
0010001010001011_1
0100010110110110_1
0100010110110110_1
0100010110110110_1
0100010110110110_1
0100010110110110_1
0100010110110110_1
0100010110110110_1
0100010110110110_1
0100010110110110_1
0100010110110110_1
0100010110110110_1
0100010110110110_1
0100010110110110_1
0100010110110110_1
0100010110110110_1
0100010110110110_1
0100010110110110_1
0100010110110110_1
0100010110110110_1
0100010110110110_0
1000010001110110_1
0100010110110110_1
0100010110110110_1
0100010110110110_1
0100010110110110_1
0100010110110110_1
0100010110110110_1
0100010110110110_1
0100010110110110_1
0100010110110110_1
0100010110110110_1
0100010110110110_1
0100010110110110_1
0100010110110110_1
0100010110110110_1
0100010110110110_1
0100010110110110_1
0100010110110110_1
0100010110110110_1
0100010110110110_1
0100010110110110_0
1000010001110110_1
0100010110110110_1
0100010110110110_1
0100010110110110_1
0100010110110110_1
0100010110110110_1
0100010110110110_1
0100010110110110_1
0100010110110110_1
0100010110110110_1
0100010110110110_1
0100010110110110_1
0100010110110110_1
0100010110110110_1
0100010110110110_1
0100010110110110_1
0100010110110110_1
0100010110110110_1
0100010110110110_1
0100010110110110_1
0100010110110110_0
1000010001110110_1
0100010110110110_1
0100010110110110_1
0100010110110110_1
0100010110110110_1
0100010110110110_1
0100010110110110_1
0100010110110110_1
0100010110110110_1
0100010110110110_1
0100010110110110_1
0100010110110110_1
0100010110110110_1
0100010110110110_1
0100010110110110_1
0100010110110110_1
0100010110110110_1
0100010110110110_1
0100010110110110_1
0100010110110110_1
0100010110110110_0
1000010001110110_1
1000010001110110_0
1001010010110000_0
1001010010110000_1
1001010010110000_0
1001010010110000_1
1001010010110000_0
1001010010110000_1
1001010010110000_0
1001010010110000_1
1001010010110000_0
1001010010110000_1
1001010010110000_0
1001010010110000_1
1001010010110000_0
1001010010110000_1
1001010010110000_0
1001010010110000_1
1001010010110000_0
1001010010110000_1
1001010010110000_0
1001010010110000_1
1001010010110000_0
1001010010110000_1
1001010010110000_0
1001010010110000_1
1001010010110000_0
1001010010110000_1
1001010010110000_0
1001010010110000_1
1001010010110000_0
1001010010110000_1
1001010010110000_0
1001010010110000_1
1001010010110000_0
1001010010110000_1
1001010010110000_0
1001010010110000_1
1001010010110000_0
1001010010110000_1
1001010010110000_0
1001010010110000_1
1001010010110000_0
1001010010110000_1
1001010010110000_0
1001010010110000_1
1001010010110000_0
1001010010110000_1
1001010010110000_0
1001010010110000_1
1001010010110000_0
1001010010110000_1
1001010010110000_0
1001010010110000_1
1001010010110000_0
1001010010110000_1
1001010010110000_0
0011100011111000_1
0011100011111000_1
0011100011111000_1
0011100011111000_1
0011100011111000_1
0011100011111000_1
0011100011111000_1
0011100011111000_1
0011100011111000_1
0011100011111000_1
0011100011111000_1
0011100011111000_0
1111011101111101_1
0011100011111000_1
0011100011111000_1
0011100011111000_1
0011100011111000_1
0011100011111000_1
0011100011111000_1
0011100011111000_1
0011100011111000_1
0011100011111000_1
0011100011111000_1
0011100011111000_1
0011100011111000_0
1111011101111101_1
0011100011111000_1
0011100011111000_1
0011100011111000_1
0011100011111000_1
0011100011111000_1
0011100011111000_1
0011100011111000_1
0011100011111000_1
0011100011111000_1
0011100011111000_1
0011100011111000_1
0011100011111000_0
1111011101111101_1
0011100011111000_1
0011100011111000_1
0011100011111000_1
0011100011111000_1
0011100011111000_1
0011100011111000_1
0011100011111000_1
0011100011111000_1
0011100011111000_1
0011100011111000_1
0011100011111000_1
0011100011111000_0
1111011101111101_1
1111011101111101_0
0110011011111001_0
1110001010010010_1
0100000010100111_1
1111110010110111_1
0101010000001010_0
0011011010000110_0
0001000011111110_0
1000100011111111_0
0101101010111001_0
0000100000010001_0
1110000101001011_0
1110100001101000_0
0101110101101101_0
1010000011001000_1
0000110101010100_0
1010110001010011_1
0010000111010110_0
0000101110000000_0
0001100111100111_0
1001010111001101_1
1001100111110110_0
0110100011101000_1
1000111111010110_0
0001111000101001_1
0111010010001111_1
0010111011010111_1
0100100101111001_1
1110110110010001_1
1110100101110000_0
1000111111110100_0
1000101010011111_0
1000111111110100_1
1000101010011111_1
1000111111110100_0
1000101010011111_0
1000111111110100_1
1000101010011111_1
1000111111110100_0
1000101010011111_0
1000111111110100_1
1000101010011111_1
1000111111110100_0
1000101010011111_0
1000111111110100_1
1000101010011111_1
1000111111110100_0
1000101010011111_0
1000111111110100_1
1000101010011111_1
1000111111110100_0
1000101010011111_0
1000111111110100_1
1000101010011111_1
1000111111110100_0
1000101010011111_0
1000111111110100_1
1000101010011111_1
1000111111110100_0
1000101010011111_0
1000111111110100_1
1000101010011111_1
1000111111110100_0
1000101010011111_0
1000111111110100_1
1000101010011111_1
1000111111110100_0
1000101010011111_0
1000111111110100_1
1000101010011111_1
1000111111110100_0
1000101010011111_0
1000111111110100_1
1000101010011111_1
1000111111110100_0
1000101010011111_0
1000111111110100_1
1000101010011111_1
0001011101011001_0
0011000010100000_0
1110000100101101_1
1110110001001001_1
1111100000101100_0
1011011011000000_1
0110101101100010_0
1011000111100010_1
1100111111100101_0
0100111011100100_1
0101111001111111_1
0110101101010010_0
0111111101011010_1
0011000001001110_1
1000110101001011_1
0011111000001100_1
1001000001010101_1
0110111101111100_1
1101111111101111_0
1001101011110101_1
0100011010010011_0
0101011100000000_1
0011000011110111_1
1110111100100011_1
1101111110100011_0
0011001110010001_0
1101001011101010_0
0100110001010111_1
0111000100111111_1
1100011010100110_1
0100110000111110_0
0101110110101100_0
0101001010001111_1
0110001011100001_1
1111100011100111_0
0110011000000010_1
0110011000000010_1
0110011000000010_1
0110011000000010_1
0110011000000010_1
0110011000000010_1
0110011000000010_1
0110011000000010_1
0110011000000010_1
0110011000000010_1
0110011000000010_1
0110011000000010_1
0110011000000010_1
0110011000000010_1
0110011000000010_1
0110011000000010_1
0110011000000010_1
0110011000000010_1
0110011000000010_1
0110011000000010_1
0110011000000010_1
0110011000000010_1
0110011000000010_1
0110011000000010_1
0110011000000010_1
0110011000000010_1
0110011000000010_1
0110011000000010_1
0110011000000010_1
0110011000000010_1
0110011000000010_1
0110011000000010_1
0110011000000010_1
0110011000000010_0
0011010000101110_1
0011010000101110_1
0011010000101110_1
0011010000101110_1
0011010000101110_1
0011010000101110_1
0011010000101110_1
0011010000101110_1
0011010000101110_1
0011010000101110_1
0011010000101110_1
0011010000101110_1
0011010000101110_1
0011010000101110_1
0011010000101110_1
0011010000101110_1
0011010000101110_1
0011010000101110_1
0011010000101110_1
0011010000101110_1
0011010000101110_1
0011010000101110_1
0011010000101110_1
0011010000101110_1
0011010000101110_1
0011010000101110_1
0011010000101110_1
0011010000101110_1
0011010000101110_1
0011010000101110_1
0011010000101110_1
0011010000101110_1
0011010000101110_1
0011010000101110_1
0011010000101110_1
0011010000101110_1
0011010000101110_1
0011010000101110_1
0011010000101110_1
0011010000101110_0
0110111101101100_1
0110111101101100_1
0110111101101100_1
0110111101101100_1
0110111101101100_1
0110111101101100_1
0110111101101100_1
0110111101101100_1
0110111101101100_1
0110111101101100_1
0110111101101100_1
0110111101101100_1
0110111101101100_1
0110111101101100_1
0110111101101100_1
0110111101101100_1
0110111101101100_1
0110111101101100_1
0110111101101100_1
0110111101101100_1
0111010011011110_0
1011000110001010_1
0011010101100111_1
0010000101100110_0
1001110100110000_0
1000000101000011_0
0001111010101100_0
0110010100010101_0
0110100101100010_0
1000001011100101_1
0010110000101110_1
1111101010001100_0
1000000000110000_0
1001100110101001_1
0111001001000100_1
0111110000111100_1
0011101001101000_0
0000010000111010_0
1010100010011000_0
1110011110001100_1
0000101111010000_0
0110101100000011_1
0001001011000110_1
1100011011000100_1
1100100011110000_0
1001111111111100_1
0010010100110111_1
1101111111001001_1
1000110010001100_0
1101000000001000_1
0110110000010100_0
0110111001110001_1
0111110101111111_0
0010100011100010_1
1101110010011111_0
0000011011001101_1
1111100111111011_0
0110001010100000_1
0100001100001110_1
1101111000111001_0
0100100100010010_1
0000000101010000_1
0000101100110110_1
1110001000011100_1
0111011010000110_1
0010001011000010_0
0001100011011001_0
1001001011101000_0
1001011100110010_1
0101001100100011_0
0010001011100010_1
0010001011100010_1
0010001011100010_1
0010001011100010_1
0010001011100010_1
0010001011100010_1
0010001011100010_1
0010001011100010_1
0010001011100010_1
0010001011100010_1
0010001011100010_0
0010001011100010_1
0010001011100010_1
0010001011100010_1
1010010010111111_1
1111010111100000_1
1010010010111111_0
1111010111100000_0
1010010010111111_1
1111010111100000_1
1010010010111111_0
1111010111100000_0
1010010010111111_1
1111010111100000_1
1010010010111111_0
1111010111100000_0
1010010010111111_1
1111010111100000_1
1010010010111111_0
1111010111100000_0
1010010010111111_1
1111010111100000_1
1010010010111111_0
1111010111100000_0
1010010010111111_1
1111010111100000_1
1010010010111111_0
1111010111100000_0
1010010010111111_1
1111010111100000_1
1010010010111111_0
1111010111100000_0
1010010010111111_1
1111010111100000_1
1010010010111111_0
1111010111100000_0
1010010010111111_1
1111010111100000_1
1010010010111111_0
1111010111100000_0
1010010010111111_1
1111010111100000_1
1010010010111111_0
1111010111100000_0
1010010010111111_1
1111010111100000_1
1010010010111111_0
1111010111100000_0
1010010010111111_1
1111010111100000_1
1010010010111111_0
1111010111100000_0
1010010010111111_1
1111010111100000_1
1010010010111111_0
1111010111100000_0
1010010010111111_1
1111010111100000_1
1010010010111111_0
1111010111100000_0
1010010010111111_1
1111010111100000_1
1010010010111111_0
1111010111100000_0
1010010010111111_1
1111010111100000_1
1010010010111111_0
1111010111100000_0
0001010110011010_1
1000011001101100_0
0100111010001101_1
1100011110001110_1
1011100100001001_0
0101011110110101_1
0100110000011111_1
0111100111100010_0
0000100010000111_1
0010100111011000_0
1110001110000000_1
1110000100110010_0
0011010001100101_0
1100111101100110_1
0000100111100110_1
1011101001101011_0
1111001001011101_0
0000110111011111_1
0000110111011111_1
0000110111011111_1
0000110111011111_1
0000110111011111_1
0000110111011111_1
0000110111011111_1
0000110111011111_1
0000110111011111_1
0000110111011111_1
0000110111011111_1
0000110111011111_1
0000110111011111_1
0000110111011111_1
0000110111011111_0
0010100110111001_0
0010111001011010_0
0010100110111001_1
0010111001011010_1
0010100110111001_0
0010111001011010_0
0010100110111001_1
0010111001011010_1
0010100110111001_0
0010111001011010_0
0010100110111001_1
0010111001011010_1
0010100110111001_0
0010111001011010_0
0010100110111001_1
0010111001011010_1
0010100110111001_0
0010111001011010_0
0010100110111001_1
0010111001011010_1
0010100110111001_0
0010111001011010_0
0010100110111001_1
0010111001011010_1
0010100110111001_0
0010111001011010_0
0010100110111001_1
0010111001011010_1
0010100110111001_0
0010111001011010_0
0010100110111001_1
0010111001011010_1
0010100110111001_0
0010111001011010_0
0010100110111001_1
0010111001011010_1
0010100110111001_0
0010111001011010_0
0010100110111001_1
0010111001011010_1
0010100110111001_0
0010111001011010_0
0010100110111001_1
0010111001011010_1
0010100110111001_0
0010111001011010_0
0010100110111001_1
0010111001011010_1
0010100110111001_0
0010111001011010_0
0010100110111001_1
0010111001011010_1
0010100110111001_0
0010111001011010_0
0010100110111001_1
0010111001011010_1
0010100110111001_0
0010111001011010_0
0010100110111001_1
0010111001011010_1
0010100110111001_0
0010111001011010_0
0010100110111001_1
0010111001011010_1
0010100110111001_0
0010111001011010_0
0010100110111001_1
0010111001011010_1
0010100110111001_0
0010111001011010_0
0010100110111001_1
0010111001011010_1
0010100110111001_0
0010111001011010_0
0010100110111001_1
0010111001011010_1
0010100110111001_0
0010111001011010_0
0100011000011110_0
0100011000011110_0
0100011000011110_1
0100011000011110_0
0100011000011110_0
0100011000011110_0
0100011000011110_0
0100011000011110_0
0100011000011110_1
0100011000011110_1
0100011000011110_1
0100011000011110_0
0100011000011110_0
0100011000011110_1
0100011000011110_0
0100011000011110_0
0100011000011110_0
0100011000011110_1
0000101011110011_1
0000101011110011_1
0000101011110011_1
0000101011110011_1
0000101011110011_1
0000101011110011_1
0000101011110011_1
0000101011110011_1
0000101011110011_1
0000101011110011_1
0000101011110011_1
0000101011110011_1
0000101011110011_1
0000101011110011_1
0000101011110011_1
0000101011110011_1
0000101011110011_1
0000101011110011_1
0000101011110011_1
0000101011110011_1
1010011010010011_1
1000110010110100_0
0011000000110000_1
1010111001001011_0
1011110011001100_0
1010001000011010_1
1001110110111010_1
0111111010101111_1
1000110000110000_0
1101111001010001_1
1000001110101101_0
0100010100010011_0
0000011111001011_0
1000001111000011_0
1011100010000001_1
0110001101010001_1
1110110011010011_0
0011000100100100_1
0011010101111111_0
1111001110000111_1
0001011000010100_0
1100100010111101_1
1101100110000011_0
1011111111001011_1
1100111000000000_1
1100101010011011_0
1100011111110010_0
1010110011011111_1
0001001011000001_0
0111101100110111_0
0101100001001100_1
1000100100001011_1
1111001101011011_1
1001111111111101_1
0101111000101110_0
0101011100110001_0
0100111110110100_0
1111010011110010_1
0011010001110111_0
1010100001111110_1
1010100001111110_1
1010100001111110_1
1010100001111110_1
1010100001111110_1
1010100001111110_1
1010100001111110_1
1010100001111110_1
1010100001111110_1
1010100001111110_1
1010100001111110_1
1010100001111110_1
1010100001111110_0
0111001010000001_1
1010100001111110_1
1010100001111110_1
1010100001111110_1
1010100001111110_1
1010100001111110_1
1010100001111110_1
1010100001111110_1
1010100001111110_1
1010100001111110_1
1010100001111110_1
1010100001111110_1
1010100001111110_1
1010100001111110_0
0111001010000001_1
1010100001111110_1
1010100001111110_1
1010100001111110_1
1010100001111110_1
1010100001111110_1
1010100001111110_1
1010100001111110_1
1010100001111110_1
1010100001111110_1
1010100001111110_1
1010100001111110_1
1010100001111110_1
1010100001111110_0
0111001010000001_1
1010100001111110_1
1010100001111110_1
1010100001111110_1
1010100001111110_1
1010100001111110_1
1010100001111110_1
1010100001111110_1
1010100001111110_1
1010100001111110_1
1010100001111110_1
1010100001111110_1
1010100001111110_1
1010100001111110_0
0111001010000001_1
1010100001111110_1
1010100001111110_1
1010100001111110_1
1010100001111110_1
1010100001111110_1
1010100001111110_1
1010100001111110_1
1010100001111110_1
1010100001111110_1
1010100001111110_1
1010100001111110_1
1010100001111110_1
1010100001111110_0
0111001010000001_1
1010100001111110_1
1010100001111110_1
1010100001111110_1
1010100001111110_1
1010100001111110_1
1010100001111110_1
1010100001111110_1
1010100001111110_1
1010100001111110_1
1010100001111110_1
1010100001111110_1
1010100001111110_1
1010100001111110_0
0111001010000001_1
0111001010000001_0
1000100011110101_0
1000100011110101_1
1000100011110101_0
1000100011110101_0
1000100011110101_0
0011000000010110_1
0011000000010110_1
0011000000010110_1
0011000000010110_1
0011000000010110_1
0011000000010110_1
0011000000010110_1
0011000000010110_1
0011000000010110_1
0011000000010110_1
0011000000010110_1
0011000000010110_1
0011000000010110_1
0011000000010110_1
0011000000010110_1
0011000000010110_1
0011000000010110_1
0011000000010110_1
0011000000010110_1
0011000000010110_0
1000000110000111_1
1000000110000111_1
1000000110000111_1
1000000110000111_1
1000000110000111_1
1000000110000111_1
1000000110000111_1
1000000110000111_1
1000000110000111_1
1000000110000111_1
1000000110000111_1
1000000110000111_1
1000000110000111_1
1000000110000111_1
1000000110000111_1
1000000110000111_1
1000000110000111_1
1000000110000111_1
1000000110000111_1
1000000110000111_1
0000110001101111_1
0011001011110111_1
0000110001101111_0
0011001011110111_0
0000110001101111_1
0011001011110111_1
0000110001101111_0
0011001011110111_0
0000110001101111_1
0011001011110111_1
0000110001101111_0
0011001011110111_0
0000110001101111_1
0011001011110111_1
0000110001101111_0
0011001011110111_0
0000110001101111_1
0011001011110111_1
0000110001101111_0
0011001011110111_0
0000110001101111_1
0011001011110111_1
0000110001101111_0
0011001011110111_0
0000110001101111_1
0011001011110111_1
0000110001101111_0
0011001011110111_0
0000110001101111_1
0011001011110111_1
0000110001101111_0
0011001011110111_0
0000110001101111_1
0011001011110111_1
0000110001101111_0
0011001011110111_0
0000110001101111_1
0011001011110111_1
0000110001101111_0
0011001011110111_0
0000110001101111_1
0011001011110111_1
0000110001101111_0
0011001011110111_0
0000110001101111_1
0011001011110111_1
0000110001101111_0
0011001011110111_0
0000110001101111_1
0011001011110111_1
0000110001101111_0
0011001011110111_0
0000110001101111_1
0011001011110111_1
0000110001101111_0
0011001011110111_0
0000110001101111_1
0011001011110111_1
0000110001101111_0
0011001011110111_0
0000110001101111_1
0011001011110111_1
0000110001101111_0
0011001011110111_0
0000110001101111_1
0011001011110111_1
0000110001101111_0
0011001011110111_0
0000110001101111_1
0011001011110111_1
0000110001101111_0
0011001011110111_0
0000110001101111_1
0011001011110111_1
0000110001101111_0
0011001011110111_0
0000110001101111_1
0011001011110111_1
0000110001101111_0
0011001011110111_0
0000110001101111_1
0011001011110111_1
0000110001101111_0
0011001011110111_0
0010111000110111_1
0010111000110111_1
0010111000110111_1
0010111000110111_1
0010111000110111_1
0010111000110111_1
0010111000110111_1
0010111000110111_1
0010111000110111_1
0010111000110111_1
0010111000110111_1
0010111000110111_1
0010111000110111_1
0010111000110111_1
0010111000110111_1
0010111000110111_1
0010111000110111_1
0010111000110111_1
0010111000110111_1
0010111000110111_1
1110010110010101_0
1001001011001111_0
1110010110010101_1
1001001011001111_1
1110010110010101_0
1001001011001111_0
1110010110010101_1
1001001011001111_1
1110010110010101_0
1001001011001111_0
1110010110010101_1
1001001011001111_1
1110010110010101_0
1001001011001111_0
1110010110010101_1
1001001011001111_1
1110010110010101_0
1001001011001111_0
1110010110010101_1
1001001011001111_1
1110010110010101_0
1001001011001111_0
1110010110010101_1
1001001011001111_1
1110010110010101_0
1001001011001111_0
1110010110010101_1
1001001011001111_1
1110010110010101_0
1001001011001111_0
1110010110010101_1
1001001011001111_1
1110010110010101_0
1001001011001111_0
1110010110010101_1
1001001011001111_1
1110010110010101_0
1001001011001111_0
1110010110010101_1
1001001011001111_1
1110010110010101_0
1001001011001111_0
0001000001001111_0
0001000001001111_1
0001000001001111_0
0001000001001111_1
0001000001001111_0
0001000001001111_1
0001000001001111_0
0001000001001111_1
0001000001001111_0
0001000001001111_1
0001000001001111_0
0001000001001111_1
0001000001001111_0
0001000001001111_1
0001000001001111_0
0001000001001111_1
0001000001001111_0
0001000001001111_1
0001000001001111_0
0001000001001111_1
0001000001001111_0
0001000001001111_1
0001000001001111_0
0001000001001111_1
0001000001001111_0
0001000001001111_1
0001000001001111_0
1111100001100111_1
1111100001100111_1
1111100001100111_1
1111100001100111_1
1111100001100111_1
1111100001100111_1
1111100001100111_1
1111100001100111_1
1111100001100111_1
1111100001100111_1
1111100001100111_1
1111100001100111_1
1111100001100111_1
1111100001100111_1
1111100001100111_1
1111100001100111_1
1111100001100111_1
1111100001100111_1
1111100001100111_1
1111100001100111_1
1111100001100111_1
1111100001100111_1
1111100001100111_1
1111100001100111_1
1111100001100111_1
1111100001100111_1
1111100001100111_1
1111100001100111_1
1111100001100111_1
1111100001100111_1
1111100001100111_1
1111100001100111_1
1111100001100111_1
1111100001100111_1
1111100001100111_1
1111100001100111_1
1111100001100111_1
1111100001100111_1
1111100001100111_1
1111100001100111_1
1111100001100111_0
0100111100001011_1
0100111100001011_1
0100111100001011_1
0100111100001011_1
0100111100001011_1
0100111100001011_1
0100111100001011_1
0100111100001011_1
0100111100001011_1
0100111100001011_1
0100111100001011_1
0100111100001011_1
0100111100001011_1
0100111100001011_1
0100111100001011_1
0100111100001011_1
0100111100001011_1
0100111100001011_0
1100110000010100_1
0100111100001011_1
0100111100001011_1
0100111100001011_1
0100111100001011_1
0100111100001011_1
0100111100001011_1
0100111100001011_1
0100111100001011_1
0100111100001011_1
0100111100001011_1
0100111100001011_1
0100111100001011_1
0100111100001011_1
0100111100001011_1
0100111100001011_1
0100111100001011_1
0100111100001011_1
0100111100001011_0
1100110000010100_1
0100111100001011_1
0100111100001011_1
0100111100001011_1
0100111100001011_1
0100111100001011_1
0100111100001011_1
0100111100001011_1
0100111100001011_1
0100111100001011_1
0100111100001011_1
0100111100001011_1
0100111100001011_1
0100111100001011_1
0100111100001011_1
0100111100001011_1
0100111100001011_1
0100111100001011_1
0100111100001011_0
1100110000010100_1
0100111100001011_1
0100111100001011_1
0100111100001011_1
0100111100001011_1
0100111100001011_1
0100111100001011_1
0100111100001011_1
0100111100001011_1
0100111100001011_1
0100111100001011_1
0100111100001011_1
0100111100001011_1
0100111100001011_1
0100111100001011_1
0100111100001011_1
0100111100001011_1
0100111100001011_1
0100111100001011_0
1100110000010100_1
0100111100001011_1
0100111100001011_1
0100111100001011_1
0100111100001011_1
0100111100001011_1
0100111100001011_1
0100111100001011_1
0100111100001011_1
0100111100001011_1
0100111100001011_1
0100111100001011_1
0100111100001011_1
0100111100001011_1
0100111100001011_1
0100111100001011_1
0100111100001011_1
0100111100001011_1
0100111100001011_0
1100110000010100_1
0100111100001011_1
0100111100001011_1
0100111100001011_1
0100111100001011_1
0100111100001011_1
0100111100001011_1
0100111100001011_1
0100111100001011_1
0100111100001011_1
0100111100001011_1
0100111100001011_1
0100111100001011_1
0100111100001011_1
0100111100001011_1
0100111100001011_1
0100111100001011_1
0100111100001011_1
0100111100001011_0
1100110000010100_1
0100111100001011_1
0100111100001011_1
0100111100001011_1
0100111100001011_1
0100111100001011_1
0100111100001011_1
0100111100001011_1
0100111100001011_1
0100111100001011_1
0100111100001011_1
0100111100001011_1
0100111100001011_1
0100111100001011_1
0100111100001011_1
0100111100001011_1
0100111100001011_1
0100111100001011_1
0100111100001011_0
1100110000010100_1
0100111100001011_1
0100111100001011_1
0100111100001011_1
0100111100001011_1
0100111100001011_1
0100111100001011_1
0100111100001011_1
0100111100001011_1
0100111100001011_1
0100111100001011_1
0100111100001011_1
0100111100001011_1
0100111100001011_1
0100111100001011_1
0100111100001011_1
0100111100001011_1
0100111100001011_1
0100111100001011_0
1100110000010100_1
0100111100001011_1
0100111100001011_1
0100111100001011_1
0100111100001011_1
0100111100001011_1
0100111100001011_1
0100111100001011_1
0100111100001011_1
0100111100001011_1
0100111100001011_1
0100111100001011_1
0100111100001011_1
0100111100001011_1
0100111100001011_1
0100111100001011_1
0100111100001011_1
0100111100001011_1
0100111100001011_0
1100110000010100_1
0100111100001011_1
0100111100001011_1
0100111100001011_1
0100111100001011_1
0100111100001011_1
0100111100001011_1
0100111100001011_1
0100111100001011_1
0100111100001011_1
0100111100001011_1
0100111100001011_1
0100111100001011_1
0100111100001011_1
0100111100001011_1
0100111100001011_1
0100111100001011_1
0100111100001011_1
0100111100001011_0
1100110000010100_1
1100110000010100_0
1100110001011111_0
0110000111110000_0
1010101111110101_1
0110001100110100_1
1010011011111001_0
1011111000000001_0
0001001110000111_1
1000001000100101_1
1000110001010101_1
1110010000010001_1
1110110001101111_1
1010001010101010_0
0101100110111011_0
0111111100010111_0
0110101101000101_0
0110101100001101_1
1010101100101110_0
1010101010100111_1
1111011011001110_0
0101100011001100_0
0101100101010110_1
0010011011101010_0
1110011110110100_0
0000100100100001_1
1101001011111001_0
1101001111001000_0
0100011011001010_0
1101001001011110_0
1010110111000011_1
1111101110100011_1
1100101001000111_0
0000010011000111_1
1101110011000001_1
1101110011000001_1
1101110011000001_1
1101110011000001_1
1101110011000001_1
1101110011000001_1
1101110011000001_1
1101110011000001_1
1101110011000001_1
1101110011000001_1
1101110011000001_1
1101110011000001_1
1101110011000001_1
1101110011000001_1
1101110011000001_1
1101110011000001_1
1101110011000001_1
1101110011000001_0
1010101111011011_0
0000011000101010_0
1010101111011011_1
0000011000101010_1
1010101111011011_0
0000011000101010_0
1010101111011011_1
0000011000101010_1
1010101111011011_0
0000011000101010_0
1010101111011011_1
0000011000101010_1
1010101111011011_0
0000011000101010_0
1010101111011011_1
0000011000101010_1
1010101111011011_0
0000011000101010_0
1010101111011011_1
0000011000101010_1
1010101111011011_0
0000011000101010_0
1010101111011011_1
0000011000101010_1
1010101111011011_0
0000011000101010_0
1010101111011011_1
0000011000101010_1
1010101111011011_0
0000011000101010_0
1010101111011011_1
0000011000101010_1
1010101111011011_0
0000011000101010_0
1010101111011011_1
0000011000101010_1
1010101111011011_0
0000011000101010_0
1010101111011011_1
0000011000101010_1
1010101111011011_0
0000011000101010_0
1010101111011011_1
0000011000101010_1
1010101111011011_0
0000011000101010_0
1101100010000011_1
1101100010000011_1
1101100010000011_1
1101100010000011_1
1101100010000011_1
1101100010000011_1
1101100010000011_1
1101100010000011_1
1101100010000011_1
1101100010000011_1
1101100010000011_1
1101100010000011_1
1101100010000011_1
1101100010000011_1
1101100010000011_1
1101100010000011_1
1101100010000011_1
1101100010000011_1
1101100010000011_1
1101100010000011_1
1101100010000011_1
1101100010000011_1
1101100010000011_1
1101100010000011_1
1101100010000011_1
1101100010000011_1
1101100010000011_1
1101100010000011_1
1101100010000011_1
1101100010000011_1
1101100010000011_1
1101100010000011_1
1101100010000011_1
1101100010000011_1
1101100010000011_1
1101100010000011_1
1101100010000011_0
1011111101001011_0
1011111101001011_0
1011111101001011_0
1011111101001011_0
1011111101001011_0
1011111101001011_0
1011111101001011_0
1011111101001011_0
1011111101001011_0
1011111101001011_0
1011111101001011_0
1011111101001011_0
1011111101001011_0
1011111101001011_0
1011111101001011_0
1011111101001011_0
1011111101001011_0
1011111101001011_0
1011111101001011_0
1011111101001011_0
1100000111001100_0
1100000111001100_0
1100000111001100_1
1100000111001100_0
1100000111001100_1
0011010100010100_1
0011010100010100_1
0011010100010100_1
0011010100010100_1
0011010100010100_1
0011010100010100_1
0011010100010100_1
0011010100010100_1
0011010100010100_1
0011010100010100_1
0011010100010100_1
0011010100010100_1
0011010100010100_1
0011010100010100_1
0011010100010100_1
0011010100010100_1
0011010100010100_1
0011010100010100_1
0011010100010100_1
0011010100010100_1
0011001000100111_0
0011001000100111_0
0011001000100111_0
0011001000100111_0
0011001000100111_0
0011001000100111_0
0011001000100111_0
0011001000100111_0
0011001000100111_0
0011001000100111_0
0011001000100111_0
0011001000100111_0
0011001000100111_0
0011001000100111_0
0011001000100111_0
0011001000100111_0
0011001000100111_0
0011001000100111_0
0011001000100111_0
0011001000100111_0
0011010001010000_1
0011010001010000_1
0011010001010000_1
0011010001010000_1
0011010001010000_1
0011010001010000_1
0011010001010000_1
0011010001010000_1
0011010001010000_1
0011010001010000_1
0011010001010000_1
0011010001010000_1
0011010001010000_1
0011010001010000_1
0011010001010000_1
0011010001010000_1
0011010001010000_1
0011010001010000_1
0011010001010000_1
0011010001010000_1
1101110101001111_0
1101110101001111_0
1101110101001111_0
1101110101001111_0
1101110101001111_0
1101110101001111_0
1101110101001111_0
1101110101001111_0
1101110101001111_0
1101110101001111_0
1101110101001111_0
1101110101001111_0
1101110101001111_0
1101110101001111_0
1101110101001111_0
1101110101001111_0
1101110101001111_0
1101110101001111_0
1101110101001111_0
1101110101001111_0
0011101101001001_1
0011101101001001_1
0011101101001001_1
0011101101001001_1
0011101101001001_1
0011101101001001_1
0011101101001001_1
0011101101001001_1
0011101101001001_1
0011101101001001_1
0011101101001001_1
0011101101001001_1
0011101101001001_1
0011101101001001_1
0011101101001001_1
0011101101001001_1
0011101101001001_1
0011101101001001_1
0011101101001001_1
0011101101001001_1
0011101101001001_1
0011101101001001_1
0011101101001001_1
0011101101001001_1
0011101101001001_1
0011101101001001_1
0011101101001001_1
0011101101001001_1
0011101101001001_1
0011101101001001_1
0011101101001001_1
0011101101001001_1
0011101101001001_1
0011101101001001_1
0011101101001001_1
0011101101001001_0
1101011110110000_1
0000000101101110_1
0111111010111001_1
1110111111100011_1
0011010011111101_1
0001101011100010_1
1001110100100100_0
1100110010001100_0
1101110001100100_1
0100101011100010_1
1001101110011111_0
1001010000111011_0
0001111010001010_1
0001111010001010_1
0001111010001010_1
0001111010001010_0
1010010000001001_1
0001111010001010_1
0001111010001010_1
0001111010001010_1
0001111010001010_0
1010010000001001_1
0001111010001010_1
0001111010001010_1
0001111010001010_1
0001111010001010_0
1010010000001001_1
0001111010001010_1
0001111010001010_1
0001111010001010_1
0001111010001010_0
1010010000001001_1
0001111010001010_1
0001111010001010_1
0001111010001010_1
0001111010001010_0
1010010000001001_1
1010010000001001_0
0111100111100111_1
0111100111100111_1
0111100111100111_1
0111100111100111_1
0111100111100111_1
0111100111100111_1
0111100111100111_1
0111100111100111_1
0111100111100111_1
0111100111100111_1
0111100111100111_0
1000011001101001_1
0111100111100111_1
0111100111100111_1
0111100111100111_1
0111100111100111_1
0111100111100111_1
0111100111100111_1
0111100111100111_1
0111100111100111_1
0111100111100111_1
0111100111100111_1
0111100111100111_0
1000011001101001_1
0111100111100111_1
0111100111100111_1
0111100111100111_1
0111100111100111_1
0111100111100111_1
0111100111100111_1
0111100111100111_1
0111100111100111_1
0111100111100111_1
0111100111100111_1
0111100111100111_0
1000011001101001_1
0111100111100111_1
0111100111100111_1
0111100111100111_1
0111100111100111_1
0111100111100111_1
0111100111100111_1
0111100111100111_1
0111100111100111_1
0111100111100111_1
0111100111100111_1
0111100111100111_0
1000011001101001_1
0111100111100111_1
0111100111100111_1
0111100111100111_1
0111100111100111_1
0111100111100111_1
0111100111100111_1
0111100111100111_1
0111100111100111_1
0111100111100111_1
0111100111100111_1
0111100111100111_0
1000011001101001_1
0111100111100111_1
0111100111100111_1
0111100111100111_1
0111100111100111_1
0111100111100111_1
0111100111100111_1
0111100111100111_1
0111100111100111_1
0111100111100111_1
0111100111100111_1
0111100111100111_0
1000011001101001_1
0111100111100111_1
0111100111100111_1
0111100111100111_1
0111100111100111_1
0111100111100111_1
0111100111100111_1
0111100111100111_1
0111100111100111_1
0111100111100111_1
0111100111100111_1
0111100111100111_0
1000011001101001_1
0111100111100111_1
0111100111100111_1
0111100111100111_1
0111100111100111_1
0111100111100111_1
0111100111100111_1
0111100111100111_1
0111100111100111_1
0111100111100111_1
0111100111100111_1
0111100111100111_0
1000011001101001_1
1000011001101001_0
0100100010011100_0
0100100010011100_1
0100100010011100_0
0100100010011100_1
0100100010011100_0
0100100010011100_1
0100100010011100_0
0100100010011100_1
0100100010011100_0
0100100010011100_1
0100100010011100_0
0100100010011100_1
0100100010011100_0
0100100010011100_1
0100100010011100_0
0100100010011100_1
0100100010011100_0
0100100010011100_1
0100100010011100_0
0100100010011100_1
0100100010011100_0
0100100010011100_1
0100100010011100_0
0100100010011100_1
0100100010011100_0
0100100010011100_1
1110000011110001_1
1100010101111001_1
1110000011110001_0
1100010101111001_0
1110000011110001_1
1100010101111001_1
1110000011110001_0
1100010101111001_0
1110000011110001_1
1100010101111001_1
1110000011110001_0
1100010101111001_0
1110000011110001_1
1100010101111001_1
1110000011110001_0
1100010101111001_0
1110000011110001_1
1100010101111001_1
1110000011110001_0
1100010101111001_0
1110000011110001_1
1100010101111001_1
1110000011110001_0
1100010101111001_0
1110000011110001_1
1100010101111001_1
1110000011110001_0
1100010101111001_0
1110000011110001_1
1100010101111001_1
1110000011110001_0
1100010101111001_0
1110000011110001_1
1100010101111001_1
1110000011110001_0
1100010101111001_0
1110000011110001_1
1100010101111001_1
1110000011110001_0
1100010101111001_0
1110000011110001_1
1100010101111001_1
1110000011110001_0
1100010101111001_0
1110000011110001_1
1100010101111001_1
1110000011110001_0
1100010101111001_0
0101100110010110_0
0101100110010110_0
0101100110010110_0
0101100110010110_0
0101100110010110_0
0101100110010110_0
0101100110010110_0
0101100110010110_0
0101100110010110_0
0101100110010110_0
0101100110010110_0
0101100110010110_0
0101100110010110_0
0101100110010110_0
0101100110010110_0
0101100110010110_0
0101100110010110_0
0101100110010110_0
0101100110010110_0
0101100110010110_0
0000100110000111_1
1111110001110010_0
0011111010001110_0
0000000001111100_1
0010000011100101_1
1010100010110101_0
0100111111000100_1
0100010010000000_1
0001010010110010_0
1110101101001011_0
1111100101110010_0
0110111011111100_0
1001110101001101_0
0000000010000011_0
1000010000111110_0
0101110100100110_1
1010011111010010_0
0101111011001010_1
1100100100000000_0
1110010101100001_1
1000000011010111_0
0100010101001011_1
0100110111010100_0
0000101001101010_0
0110011101000100_1
0000001100111011_1
1010010101100101_0
1001000001001011_1
0101000110110111_1
0011011010001000_0
1011001010110000_1
0101110000010110_0
0110101000101100_0
0010111011000001_1
0010111011000001_1
0010111011000001_1
0010111011000001_1
0010111011000001_1
0010111011000001_1
0010111011000001_1
0010111011000001_1
0010111011000001_1
0010111011000001_1
0010111011000001_1
0010111011000001_1
0010111011000001_1
0010111011000001_1
0010111011000001_1
0010111011000001_1
0010111011000001_1
0010111011000001_1
0010111011000001_1
0010111011000001_1
0010111011000001_1
0010111011000001_1
0010111011000001_1
0010111011000001_1
0010111011000001_1
0010111011000001_1
0010111011000001_1
0010111011000001_1
0010111011000001_1
0010111011000001_1
0010111011000001_0
0100000001011011_0
0100000001011011_0
0100000001011011_0
0100000001011011_1
0100000001011011_0
0100000001011011_1
1011000110010000_1
1011000110010000_1
1011000110010000_1
1011000110010000_1
1011000110010000_1
1011000110010000_1
1011000110010000_1
1011000110010000_1
1011000110010000_1
1011000110010000_1
1011000110010000_1
1011000110010000_1
1011000110010000_1
1011000110010000_1
1011000110010000_1
1011000110010000_1
1011000110010000_1
1011000110010000_1
1011000110010000_1
1011000110010000_1
1011100101101001_0
1011100101101001_0
1011100101101001_0
1011100101101001_0
1011100101101001_0
1011100101101001_0
1011100101101001_0
1011100101101001_0
1011100101101001_0
1011100101101001_0
1011100101101001_0
1011100101101001_0
1011100101101001_0
1011100101101001_0
1011100101101001_0
1011100101101001_0
1011100101101001_0
1011100101101001_0
1011100101101001_0
1011100101101001_0
0010001001001110_1
0010001001001110_1
0010001001001110_1
0010001001001110_1
0010001001001110_1
0010001001001110_1
0010001001001110_1
0010001001001110_1
0010001001001110_1
0010001001001110_1
0010001001001110_1
0010001001001110_1
0010001001001110_1
0010001001001110_1
0010001001001110_1
0010001001001110_1
0010001001001110_0
1100010100100111_1
0010001001001110_1
0010001001001110_1
0010001001001110_1
0010001001001110_1
0010001001001110_1
0010001001001110_1
0010001001001110_1
0010001001001110_1
0010001001001110_1
0010001001001110_1
0010001001001110_1
0010001001001110_1
0010001001001110_1
0010001001001110_1
0010001001001110_1
0010001001001110_1
0010001001001110_0
1100010100100111_1
0010001001001110_1
0010001001001110_1
0010001001001110_1
0010001001001110_1
0010001001001110_1
0010001001001110_1
0010001001001110_1
0010001001001110_1
0010001001001110_1
0010001001001110_1
0010001001001110_1
0010001001001110_1
0010001001001110_1
0010001001001110_1
0010001001001110_1
0010001001001110_1
0010001001001110_0
1100010100100111_1
0010001001001110_1
0010001001001110_1
0010001001001110_1
0010001001001110_1
0010001001001110_1
0010001001001110_1
0010001001001110_1
0010001001001110_1
0010001001001110_1
0010001001001110_1
0010001001001110_1
0010001001001110_1
0010001001001110_1
0010001001001110_1
0010001001001110_1
0010001001001110_1
0010001001001110_0
1100010100100111_1
0010001001001110_1
0010001001001110_1
0010001001001110_1
0010001001001110_1
0010001001001110_1
0010001001001110_1
0010001001001110_1
0010001001001110_1
0010001001001110_1
0010001001001110_1
0010001001001110_1
0010001001001110_1
0010001001001110_1
0010001001001110_1
0010001001001110_1
0010001001001110_1
0010001001001110_0
1100010100100111_1
0010001001001110_1
0010001001001110_1
0010001001001110_1
0010001001001110_1
0010001001001110_1
0010001001001110_1
0010001001001110_1
0010001001001110_1
0010001001001110_1
0010001001001110_1
0010001001001110_1
0010001001001110_1
0010001001001110_1
0010001001001110_1
0010001001001110_1
0010001001001110_1
0010001001001110_0
1100010100100111_1
1100010100100111_0
0011110000001001_0
1101111110011101_1
1110001110000000_1
0110000000001111_1
1001101101111100_1
0010110111011110_0
1110011000111000_0
1110001101010101_1
1000001101000111_1
1000010001101011_1
0011010011001011_0
0101000000100110_1
0110000110110010_0
1111011001011110_1
1010111110011000_1
0011111100111101_0
1100100011100111_0
1001110110001100_1
0100000110101011_1
1010011000100011_1
1110111110101111_1
1111010010111111_0
0101100010110111_1
0000100000011110_1
0000110011001110_1
1111111001110100_1
0110110101100010_1
0000101001010101_1
0110010010100100_1
0110010010100100_1
0110010010100100_1
0110010010100100_1
0110010010100100_1
0110010010100100_1
0110010010100100_1
0110010010100100_1
0110010010100100_1
0110010010100100_1
0110010010100100_1
0110010010100100_1
0110010010100100_1
0110010010100100_1
0110010010100100_1
0110010010100100_1
0110010010100100_1
0110010010100100_1
0110010010100100_1
0110010010100100_1
0010110110010001_1
0010110110010001_1
0010110110010001_1
0010110110010001_0
0010110110010001_0
0010110110010001_1
0010110110010001_1
0010110110010001_1
0010110110010001_1
0010110110010001_1
0010110110010001_1
0010110110010001_0
1011001110110111_1
1011001110110111_1
1011001110110111_1
1011001110110111_1
1011001110110111_1
1011001110110111_1
1011001110110111_1
1011001110110111_1
1011001110110111_1
1011001110110111_1
1011001110110111_1
1011001110110111_1
1011001110110111_1
1011001110110111_1
1011001110110111_1
1011001110110111_1
1011001110110111_1
1011001110110111_1
1011001110110111_1
1011001110110111_1
0101011111110000_1
0101011111110000_1
0101011111110000_1
0101011111110000_1
0101011111110000_1
0101011111110000_1
0101011111110000_1
0101011111110000_1
0101011111110000_1
0101011111110000_1
0101011111110000_1
0101011111110000_1
0101011111110000_1
0101011111110000_1
0101011111110000_1
0101011111110000_1
0101011111110000_1
0101011111110000_1
0101011111110000_1
0101011111110000_1
1101101000000110_1
1010100010110100_1
1101101000000110_0
1010100010110100_0
1101101000000110_1
1010100010110100_1
1101101000000110_0
1010100010110100_0
1101101000000110_1
1010100010110100_1
1101101000000110_0
1010100010110100_0
1101101000000110_1
1010100010110100_1
1101101000000110_0
1010100010110100_0
1101101000000110_1
1010100010110100_1
1101101000000110_0
1010100010110100_0
1101101000000110_1
1010100010110100_1
1101101000000110_0
1010100010110100_0
1101101000000110_1
1010100010110100_1
1101101000000110_0
1010100010110100_0
1101101000000110_1
1010100010110100_1
1101101000000110_0
1010100010110100_0
1101101000000110_1
1010100010110100_1
1101101000000110_0
1010100010110100_0
1101101000000110_1
1010100010110100_1
1101101000000110_0
1010100010110100_0
1101101000000110_1
1010100010110100_1
1101101000000110_0
1010100010110100_0
1101101000000110_1
1010100010110100_1
1101101000000110_0
1010100010110100_0
1101101000000110_1
1010100010110100_1
1101101000000110_0
1010100010110100_0
1101101000000110_1
1010100010110100_1
1101101000000110_0
1010100010110100_0
1101101000000110_1
1010100010110100_1
1101101000000110_0
1010100010110100_0
1101101000000110_1
1010100010110100_1
1101101000000110_0
1010100010110100_0
1111110010110110_0
1111110010110110_1
1111110010110110_0
1111110010110110_1
1111110010110110_0
1111110010110110_1
1111110010110110_0
1111110010110110_1
1111110010110110_0
1111110010110110_1
1111110010110110_0
1111110010110110_1
1111110010110110_0
1111110010110110_1
1111110010110110_0
1111110010110110_1
1111110010110110_0
1111110010110110_1
1111110010110110_0
1111110010110110_1
1111110010110110_0
1111110010110110_1
1111110010110110_0
1111110010110110_1
1111110010110110_0
1111110010110110_1
1111110010110110_0
1111110010110110_1
1111110010110110_0
1111110010110110_1
1111110010110110_0
1111110010110110_1
1111110010110110_0
1111110010110110_1
1111110010110110_0
1111110010110110_1
1111110010110110_0
1111110010110110_1
1111110010110110_0
1111110010110110_1
1111110010110110_0
1111110010110110_1
1111110010110110_0
1111110010110110_1
1111110010110110_0
1111110010110110_1
1111110010110110_0
1111110010110110_1
1111111111001000_1
1111111111001000_1
1111111111001000_1
1111111111001000_1
1111111111001000_1
1111111111001000_1
1111111111001000_1
1111111111001000_1
1111111111001000_1
1111111111001000_1
1111111111001000_1
1111111111001000_1
1111111111001000_1
1111111111001000_1
1111111111001000_1
1111111111001000_1
1111111111001000_1
1111111111001000_1
1111111111001000_1
1111111111001000_1
1111111111001000_1
1111111111001000_1
1111111111001000_1
1111111111001000_1
1111111111001000_1
1111111111001000_1
1111111111001000_1
1111111111001000_1
1111111111001000_1
1111111111001000_1
1111111111001000_1
1111111111001000_1
1111111111001000_1
1111111111001000_1
1111111111001000_1
1111111111001000_1
1111111111001000_1
1111111111001000_0
0001101101111101_0
0101000101111110_0
0001101101111101_1
0101000101111110_1
0001101101111101_0
0101000101111110_0
0001101101111101_1
0101000101111110_1
0001101101111101_0
0101000101111110_0
0001101101111101_1
0101000101111110_1
0001101101111101_0
0101000101111110_0
0001101101111101_1
0101000101111110_1
0001101101111101_0
0101000101111110_0
0001101101111101_1
0101000101111110_1
0001101101111101_0
0101000101111110_0
0001101101111101_1
0101000101111110_1
0001101101111101_0
0101000101111110_0
0001101101111101_1
0101000101111110_1
0001101101111101_0
0101000101111110_0
0001101101111101_1
0101000101111110_1
0001101101111101_0
0101000101111110_0
0001101101111101_1
0101000101111110_1
0001101101111101_0
0101000101111110_0
0001101101111101_1
0101000101111110_1
0001101101111101_0
0101000101111110_0
0001101101111101_1
0101000101111110_1
0001101101111101_0
0101000101111110_0
0001101101111101_1
0101000101111110_1
0001101101111101_0
0101000101111110_0
0001101101111101_1
0101000101111110_1
0001101101111101_0
0101000101111110_0
0001101101111101_1
0101000101111110_1
0001101101111101_0
0101000101111110_0
0001101101111101_1
0101000101111110_1
0001101101111101_0
0101000101111110_0
0110111001010111_0
1111111100101010_1
1110001000011101_1
0010011101001110_0
0010000111100100_0
0110101000001100_0
1100001010111101_0
1001101010010111_1
0010001001000101_0
1010011000111111_1
0111001011100010_0
0001011001110010_0
1111100101100100_1
0001000110000000_1
1000111011110000_1
0111011101000010_0
0111011101000010_0
0111011101000010_0
0111011101000010_0
0111011101000010_0
0111011101000010_0
0111011101000010_0
0111011101000010_0
0111011101000010_0
0111011101000010_0
0111011101000010_0
0111011101000010_0
0111011101000010_0
0111011101000010_0
0111011101000010_0
0111011101000010_0
0111011101000010_0
0111011101000010_0
0111011101000010_0
0111011101000010_0
1110111101111010_0
0101000110010010_1
1011000111110100_0
1100100100010011_0
0110000110011011_1
1011100110100110_1
0111100011101011_0
1010101100111100_1
0111011000011000_1
0000011010011001_0
1110001110100111_1
1011111001011010_1
1111111110010000_0
0111000011011011_1
0110101010111000_1
1111010010010000_1
1100000111010111_0
0000010100011001_0
1100011011001011_1
1111111011101001_0
1101111011011101_0
0001001010111100_0
0001001010111100_0
0001001010111100_0
0001001010111100_0
0001001010111100_0
0001001010111100_0
0001001010111100_0
0001001010111100_0
0001001010111100_0
0001001010111100_0
0001001010111100_0
0001001010111100_0
0001001010111100_0
0001001010111100_0
0001001010111100_0
0001001010111100_0
0001001010111100_0
0001001010111100_0
0001001010111100_0
0001001010111100_0
0110111110101100_0
0110111110101100_0
0110111110101100_0
0110111110101100_0
0110111110101100_0
0110111110101100_0
0110111110101100_0
0110111110101100_0
0110111110101100_0
0110111110101100_0
0110111110101100_0
0110111110101100_0
0110111110101100_0
0110111110101100_0
0110111110101100_0
0110111110101100_0
0110111110101100_0
0110111110101100_0
0110111110101100_0
0110111110101100_0
1111000110010010_0
1111000110010010_1
1111000110010010_0
1111000110010010_1
1111000110010010_0
1111000110010010_1
1111000110010010_0
1111000110010010_1
1111000110010010_0
1111000110010010_1
1111000110010010_0
1111000110010010_1
1111000110010010_0
1111000110010010_1
1111000110010010_0
1111000110010010_1
1111000110010010_0
1111000110010010_1
1111000110010010_0
1111000110010010_1
0100011000011100_1
0110100101111000_1
1111101111000101_0
0110010100111101_1
1100101111011011_1
0000101101111100_0
1001011111110100_1
0110001011100100_0
0101100010001101_1
1001001000100000_0
1011111100110111_0
0011000101011111_1
1000000011100010_1
1000101001000011_1
1001000100010110_1
1000001010000101_0
0111000111001011_1
0111010101110111_1
0110010110011100_1
1000011010100010_1
0000110000111010_1
1001000001011000_0
1000101101101100_0
0110110010011001_1
0011101110111111_1
1010111100111111_0
0101110000000001_1
1000000000001010_0
1111111101100101_0
1111111101100101_0
1111111101100101_0
1111111101100101_0
1111111101100101_0
1111111101100101_0
1111111101100101_0
1111111101100101_0
1111111101100101_0
1111111101100101_0
1111111101100101_0
1111111101100101_0
1111111101100101_0
1111111101100101_0
1111111101100101_0
1111111101100101_0
1111111101100101_0
1111111101100101_0
1111111101100101_0
1111111101100101_0
0001010111000001_1
1101011101101010_1
0101110011111001_1
1111111101100111_1
0100010010101001_0
1000010000011010_0
0111100010010110_0
0111111001101001_0
0110010011100011_0
0100001011110000_1
1011001101111010_1
1011111100110111_0
0110001001111000_0
1101100110110111_1
0110000000010110_0
1010111111110100_0
0010101111001000_1
1011001011010011_0
1111100010000110_0
0101100101010001_0
0100110000010110_1
0100000011001101_1
0110111101010111_1
1111000011000010_0
1111010100010001_1
1100101111000100_0
1011000000001111_0
1111101110011010_1
0110011010001100_0
0011110000011000_1
0111001011001011_0
1010110010001101_0
0011010001101000_0
1011100100110010_0
1011100100110010_1
1011100100110010_0
1011100100110010_1
1011100100110010_0
1011100100110010_1
1011100100110010_0
1011100100110010_1
1011100100110010_0
1011100100110010_1
1011100100110010_0
1011100100110010_1
1011100100110010_0
1011100100110010_1
1011100100110010_0
1011100100110010_1
1011100100110010_0
1011100100110010_1
1011100100110010_0
1011100100110010_1
1011100100110010_0
1011100100110010_1
1011100100110010_0
1011100100110010_1
1011100100110010_0
0011010101100001_1
0011010101100001_1
0011010101100001_1
0011010101100001_1
0011010101100001_1
0011010101100001_1
0011010101100001_1
0011010101100001_1
0011010101100001_1
0011010101100001_1
0011010101100001_1
0011010101100001_1
0011010101100001_1
0011010101100001_1
0011010101100001_1
0011010101100001_1
0011010101100001_1
0011010101100001_1
0011010101100001_1
0011010101100001_1
1001100000011001_1
1001100000011001_1
1001100000011001_1
1001100000011001_1
1001100000011001_1
1001100000011001_1
1001100000011001_1
1001100000011001_1
1001100000011001_1
1001100000011001_1
1001100000011001_1
1001100000011001_1
1001100000011001_1
1001100000011001_1
1001100000011001_1
1001100000011001_1
1001100000011001_1
1001100000011001_1
1001100000011001_1
1001100000011001_1
1001100000011001_1
1001100000011001_1
1001100000011001_1
1001100000011001_1
1001100000011001_1
1001100000011001_1
1001100000011001_1
1001100000011001_1
1001100000011001_1
1001100000011001_0
1111000101110010_0
1111000101110010_0
1111000101110010_0
1111000101110010_0
1111000101110010_0
1111000101110010_0
1111000101110010_0
1111000101110010_0
1111000101110010_0
1111000101110010_0
1111000101110010_0
1111000101110010_0
1111000101110010_0
1111000101110010_0
1111000101110010_0
1111000101110010_0
1111000101110010_0
1111000101110010_0
1111000101110010_0
1111000101110010_0
1001101000110000_0
0110000000000110_1
0101101011101110_0
0110100010010011_1
1101100110100011_0
0010000010000101_0
0001011001110001_0
0000100000010110_1
1110000010001000_1
1000110011101000_0
1101001000101100_1
0001010100001110_1
0100010111111011_1
0110101000011000_0
0111110001111001_0
0000111001001000_1
0100001100101000_1
1101001110011110_1
0000000110101101_1
1101011010011001_0
0011010101110001_1
0001010110100011_1
0100010110100110_1
1111101110000100_0
0100101001010111_1
0100001101001110_1
1000111001010111_1
0010101110000101_0
0011101100000011_1
1011101001010111_0
0101110111000011_0
0010111100111111_1
0010111100111111_1
0010111100111111_1
0010111100111111_1
0010111100111111_1
0010111100111111_1
0010111100111111_1
0010111100111111_1
0010111100111111_1
0010111100111111_1
0010111100111111_0
0000100001111110_1
0010111100111111_1
0010111100111111_1
0010111100111111_1
0010111100111111_1
0010111100111111_1
0010111100111111_1
0010111100111111_1
0010111100111111_1
0010111100111111_1
0010111100111111_1
0010111100111111_0
0000100001111110_1
0010111100111111_1
0010111100111111_1
0010111100111111_1
0010111100111111_1
0010111100111111_1
0010111100111111_1
0010111100111111_1
0010111100111111_1
0010111100111111_1
0010111100111111_1
0010111100111111_0
0000100001111110_1
0010111100111111_1
0010111100111111_1
0010111100111111_1
0010111100111111_1
0010111100111111_1
0010111100111111_1
0010111100111111_1
0010111100111111_1
0010111100111111_1
0010111100111111_1
0010111100111111_0
0000100001111110_1
0010111100111111_1
0010111100111111_1
0010111100111111_1
0010111100111111_1
0010111100111111_1
0010111100111111_1
0010111100111111_1
0010111100111111_1
0010111100111111_1
0010111100111111_1
0010111100111111_0
0000100001111110_1
0010111100111111_1
0010111100111111_1
0010111100111111_1
0010111100111111_1
0010111100111111_1
0010111100111111_1
0010111100111111_1
0010111100111111_1
0010111100111111_1
0010111100111111_1
0010111100111111_0
0000100001111110_1
0010111100111111_1
0010111100111111_1
0010111100111111_1
0010111100111111_1
0010111100111111_1
0010111100111111_1
0010111100111111_1
0010111100111111_1
0010111100111111_1
0010111100111111_1
0010111100111111_0
0000100001111110_1
0000100001111110_0
0111010011111111_0
0111010011111111_1
0111010011111111_0
0111010011111111_1
0111010011111111_0
0111010011111111_1
0111010011111111_0
0111010011111111_1
0111010011111111_0
0111010011111111_1
0111010011111111_0
0111010011111111_1
0111010011111111_0
0111010011111111_1
0111010011111111_0
0111010011111111_1
0111010011111111_0
0111010011111111_1
0111010011111111_0
0111010011111111_1
0111010011111111_0
0111010011111111_1
0111010011111111_0
0111010011111111_1
0111010011111111_0
0111010011111111_1
0111010011111111_0
1101011000011000_1
1101011000011000_1
1101011000011000_1
1101011000011000_1
1101011000011000_1
1101011000011000_1
1101011000011000_1
1101011000011000_1
1101011000011000_1
1101011000011000_1
1101011000011000_1
1101011000011000_1
1101011000011000_1
1101011000011000_1
1101011000011000_1
1101011000011000_1
1101011000011000_0
0010111101100110_1
0010111101100110_1
0010111101100110_1
0010111101100110_1
0010111101100110_1
0010111101100110_1
0010111101100110_1
0010111101100110_1
0010111101100110_1
0010111101100110_1
0010111101100110_1
0010111101100110_1
0010111101100110_1
0010111101100110_1
0010111101100110_1
0010111101100110_1
0010111101100110_1
0010111101100110_1
0010111101100110_1
0010111101100110_1
0010111101100110_1
0010111101100110_1
0010111101100110_1
0010111101100110_1
0010111101100110_1
0010111101100110_1
0010111101100110_1
0010111101100110_1
0010111101100110_1
0010111101100110_1
0010111101100110_1
0010111101100110_1
0010111101100110_1
0010111101100110_1
0010111101100110_1
0010111101100110_0
0110110000000001_0
0110110000000001_0
0110110000000001_0
0110110000000001_0
0110110000000001_0
0110110000000001_0
0110110000000001_0
0110110000000001_0
0110110000000001_0
0110110000000001_0
0110110000000001_0
0110110000000001_0
0110110000000001_0
0110110000000001_0
0110110000000001_0
0110110000000001_0
0110110000000001_0
0110110000000001_0
0110110000000001_0
0110110000000001_0
1001101001101110_1
1001101001101110_1
1001101001101110_1
1001101001101110_1
1001101001101110_1
1001101001101110_1
1001101001101110_1
1001101001101110_1
1001101001101110_1
1001101001101110_1
1001101001101110_1
1001101001101110_1
1001101001101110_1
1001101001101110_1
1001101001101110_1
1001101001101110_1
1001101001101110_1
1001101001101110_1
1001101001101110_1
1001101001101110_1
0100100101010110_1
1110110101110010_1
0100100101010110_0
1110110101110010_0
0100100101010110_1
1110110101110010_1
0100100101010110_0
1110110101110010_0
0100100101010110_1
1110110101110010_1
0100100101010110_0
1110110101110010_0
0100100101010110_1
1110110101110010_1
0100100101010110_0
1110110101110010_0
0100100101010110_1
1110110101110010_1
0100100101010110_0
1110110101110010_0
0100100101010110_1
1110110101110010_1
0100100101010110_0
1110110101110010_0
0100100101010110_1
1110110101110010_1
0100100101010110_0
1110110101110010_0
0100100101010110_1
1110110101110010_1
0100100101010110_0
1110110101110010_0
0100100101010110_1
1110110101110010_1
0100100101010110_0
1110110101110010_0
0100100101010110_1
1110110101110010_1
0100100101010110_0
1110110101110010_0
0100100101010110_1
1110110101110010_1
0100100101010110_0
1110110101110010_0
0100100101010110_1
1110110101110010_1
0100100101010110_0
1110110101110010_0
0100100101010110_1
1110110101110010_1
1011000000101011_1
1011000000101011_1
1011000000101011_1
1011000000101011_1
1011000000101011_1
1011000000101011_1
1011000000101011_1
1011000000101011_1
1011000000101011_1
1011000000101011_1
1011000000101011_1
1011000000101011_1
1011000000101011_1
1011000000101011_1
1011000000101011_1
1011000000101011_1
1011000000101011_1
1011000000101011_1
1011000000101011_1
1011000000101011_1
1011000000101011_1
1011000000101011_1
1011000000101011_1
1011000000101011_1
1011000000101011_1
1011000000101011_1
1011000000101011_1
1011000000101011_1
1011000000101011_1
1011000000101011_1
1011000000101011_1
1011000000101011_1
1011000000101011_1
1011000000101011_1
1011000000101011_1
1011000000101011_1
1011000000101011_1
1011000000101011_1
1011000000101011_1
1011000000101011_1
1011000000101011_0
1010101100010011_0
0011110010010011_0
1010101100010011_1
0011110010010011_1
1010101100010011_0
0011110010010011_0
1010101100010011_1
0011110010010011_1
1010101100010011_0
0011110010010011_0
1010101100010011_1
0011110010010011_1
1010101100010011_0
0011110010010011_0
1010101100010011_1
0011110010010011_1
1010101100010011_0
0011110010010011_0
1010101100010011_1
0011110010010011_1
1010101100010011_0
0011110010010011_0
1010101100010011_1
0011110010010011_1
1010101100010011_0
0011110010010011_0
1010101100010011_1
0011110010010011_1
1010101100010011_0
0011110010010011_0
1010101100010011_1
0011110010010011_1
1010101100010011_0
0011110010010011_0
1010101100010011_1
0011110010010011_1
1010101100010011_0
0011110010010011_0
1010101100010011_1
0011110010010011_1
1010101100010011_0
0011110010010011_0
1010101100010011_1
0011110010010011_1
1010101100010011_0
0011110010010011_0
1010101100010011_1
0011110010010011_1
1010101100010011_0
0011110010010011_0
1010101100010011_1
0011110010010011_1
1010101100010011_0
0011110010010011_0
1010101100010011_1
0011110010010011_1
1010101100010011_0
0011110010010011_0
1010101100010011_1
0011110010010011_1
1010101100010011_0
0011110010010011_0
1010101100010011_1
0011110010010011_1
1010101100010011_0
0011110010010011_0
1010101100010011_1
0011110010010011_1
0011110000001111_1
0011110000001111_0
0011110000001111_1
0011110000001111_1
0011110000001111_0
0011110000001111_1
0011110000001111_1
0011110000001111_1
0011110000001111_1
0011110000001111_0
0011110000001111_1
0011110000001111_1
0011110000001111_1
0011110000001111_1
0011110000001111_1
1100100001000010_0
1100100001000010_1
1100100001000010_0
1100100001000010_1
1100100001000010_0
1100100001000010_1
1100100001000010_0
1100100001000010_1
1100100001000010_0
1100100001000010_1
1100100001000010_0
1100100001000010_1
1100100001000010_0
1100100001000010_1
1100100001000010_0
1100100001000010_1
1100100001000010_0
1100100001000010_1
1100100001000010_0
1100100001000010_1
1100100001000010_0
1100100001000010_1
1100100001000010_0
1100100001000010_1
1100100001000010_0
1100100001000010_1
1100100001000010_0
1100100001000010_1
1100100001000010_0
1000010111000000_1
1000010111000000_1
1000010111000000_1
1000010111000000_1
1000010111000000_1
1000010111000000_1
1000010111000000_1
1000010111000000_1
1000010111000000_1
1000010111000000_1
1000010111000000_1
1000010111000000_1
1000010111000000_1
1000010111000000_1
1000010111000000_1
1000010111000000_1
1000010111000000_1
1000010111000000_1
1000010111000000_1
1000010111000000_1
1001100001010001_0
1001100001010001_1
1001100001010001_0
1001100001010001_1
1001100001010001_0
1001100001010001_1
1001100001010001_0
1001100001010001_1
1001100001010001_0
1001100001010001_1
1001100001010001_0
1001100001010001_1
1001100001010001_0
1001100001010001_1
1001100001010001_0
1001100001010001_1
1001100001010001_0
1001100001010001_1
1001100001010001_0
1001100001010001_1
1001100001010001_0
1001100001010001_1
1001100001010001_0
1001100001010001_1
1001100001010001_0
1001100001010001_1
1001100001010001_0
1001100001010001_1
1001100001010001_0
1001100001010001_1
1001100001010001_0
1001100001010001_1
1001100001010001_0
1001100001010001_1
1001100001010001_0
1001100001010001_1
1001100001010001_0
1001100001010001_1
1001100001010001_0
1001100001010001_1
1001100001010001_0
1001100001010001_1
1001100001010001_0
1001100001010001_1
1001100001010001_0
1001100001010001_1
1001100001010001_0
1001100001010001_1
1001100001010001_0
1001100001010001_1
1001100001010001_0
1001100001010001_1
1001100001010001_0
1001100001010001_1
1001100001010001_0
1001100001010001_1
1001100001010001_0
1001100001010001_1
1110000110010110_0
1110000110010110_0
1110000110010110_0
1110000110010110_0
1110000110010110_0
1110000110010110_1
1110000110010110_0
1110000110010110_0
1010010111001101_0
0111100001101011_0
1110010110001001_1
1111000001110110_1
1100011001100000_0
0111011110010001_0
1011101100011001_0
1011001011110100_1
0100101001001100_0
1101100101101000_0
0010001100011111_1
1111001001101100_0
0011001100001001_0
1101011110000101_1
0111111111001000_0
0111010100110111_1
1010111101101011_0
1010011001000100_0
1110000100010011_0
1010100101001010_0
1010011110101000_0
0011100010111000_1
1101001000100011_0
1010111101100110_0
1110010101010111_0
1010010011100010_0
0101011110011110_1
0100110000110100_1
1000001001100011_1
1110010010110000_0
1001011000011011_1
1110000010010101_0
0101010010110001_0
1110001101011101_0
0110110101101001_1
0101100011001011_1
1001110000100011_1
1111001100111110_1
0100111100111101_1
1101100111011001_1
1101100111011001_1
1101100111011001_1
1101100111011001_1
1101100111011001_1
1101100111011001_1
1101100111011001_1
1101100111011001_1
1101100111011001_1
1101100111011001_1
1101100111011001_1
1101100111011001_1
1101100111011001_1
1101100111011001_1
1101100111011001_1
1101100111011001_1
1101100111011001_1
1101100111011001_1
1101100111011001_1
1101100111011001_1
1101100111011001_1
1101100111011001_0
0110100111101011_1
0110100111101011_1
0110100111101011_1
0110100111101011_1
0110100111101011_1
0110100111101011_1
0110100111101011_1
0110100111101011_1
0110100111101011_1
0110100111101011_1
0110100111101011_1
0110100111101011_0
1010101011000011_1
0110100111101011_1
0110100111101011_1
0110100111101011_1
0110100111101011_1
0110100111101011_1
0110100111101011_1
0110100111101011_1
0110100111101011_1
0110100111101011_1
0110100111101011_1
0110100111101011_1
0110100111101011_0
1010101011000011_1
0110100111101011_1
0110100111101011_1
0110100111101011_1
0110100111101011_1
0110100111101011_1
0110100111101011_1
0110100111101011_1
0110100111101011_1
0110100111101011_1
0110100111101011_1
0110100111101011_1
0110100111101011_0
1010101011000011_1
0110100111101011_1
0110100111101011_1
0110100111101011_1
0110100111101011_1
0110100111101011_1
0110100111101011_1
0110100111101011_1
0110100111101011_1
0110100111101011_1
0110100111101011_1
0110100111101011_1
0110100111101011_0
1010101011000011_1
0110100111101011_1
0110100111101011_1
0110100111101011_1
0110100111101011_1
0110100111101011_1
0110100111101011_1
0110100111101011_1
0110100111101011_1
0110100111101011_1
0110100111101011_1
0110100111101011_1
0110100111101011_0
1010101011000011_1
0110100111101011_1
0110100111101011_1
0110100111101011_1
0110100111101011_1
0110100111101011_1
0110100111101011_1
0110100111101011_1
0110100111101011_1
0110100111101011_1
0110100111101011_1
0110100111101011_1
0110100111101011_0
1010101011000011_1
0110100111101011_1
0110100111101011_1
0110100111101011_1
0110100111101011_1
0110100111101011_1
0110100111101011_1
0110100111101011_1
0110100111101011_1
0110100111101011_1
0110100111101011_1
0110100111101011_1
0110100111101011_0
1010101011000011_1
0110100111101011_1
0110100111101011_1
0110100111101011_1
0110100111101011_1
0110100111101011_1
0110100111101011_1
0110100111101011_1
0110100111101011_1
0110100111101011_1
0110100111101011_1
0110100111101011_1
0110100111101011_0
1010101011000011_1
1010101011000011_0
1011100000011001_1
1011100000011001_1
1011100000011001_1
1011100000011001_1
1011100000011001_1
1011100000011001_1
1011100000011001_1
1011100000011001_1
1011100000011001_1
1011100000011001_1
1011100000011001_1
1011100000011001_1
1011100000011001_1
1011100000011001_1
1011100000011001_1
1011100000011001_1
1011100000011001_1
1011100000011001_1
1011100000011001_1
1011100000011001_0
0100000111001110_1
1011100000011001_1
1011100000011001_1
1011100000011001_1
1011100000011001_1
1011100000011001_1
1011100000011001_1
1011100000011001_1
1011100000011001_1
1011100000011001_1
1011100000011001_1
1011100000011001_1
1011100000011001_1
1011100000011001_1
1011100000011001_1
1011100000011001_1
1011100000011001_1
1011100000011001_1
1011100000011001_1
1011100000011001_1
1011100000011001_0
0100000111001110_1
1011100000011001_1
1011100000011001_1
1011100000011001_1
1011100000011001_1
1011100000011001_1
1011100000011001_1
1011100000011001_1
1011100000011001_1
1011100000011001_1
1011100000011001_1
1011100000011001_1
1011100000011001_1
1011100000011001_1
1011100000011001_1
1011100000011001_1
1011100000011001_1
1011100000011001_1
1011100000011001_1
1011100000011001_1
1011100000011001_0
0100000111001110_1
1011100000011001_1
1011100000011001_1
1011100000011001_1
1011100000011001_1
1011100000011001_1
1011100000011001_1
1011100000011001_1
1011100000011001_1
1011100000011001_1
1011100000011001_1
1011100000011001_1
1011100000011001_1
1011100000011001_1
1011100000011001_1
1011100000011001_1
1011100000011001_1
1011100000011001_1
1011100000011001_1
1011100000011001_1
1011100000011001_0
0100000111001110_1
1011100000011001_1
1011100000011001_1
1011100000011001_1
1011100000011001_1
1011100000011001_1
1011100000011001_1
1011100000011001_1
1011100000011001_1
1011100000011001_1
1011100000011001_1
1011100000011001_1
1011100000011001_1
1011100000011001_1
1011100000011001_1
1011100000011001_1
1011100000011001_1
1011100000011001_1
1011100000011001_1
1011100000011001_1
1011100000011001_0
0100000111001110_1
1011100000011001_1
1011100000011001_1
1011100000011001_1
1011100000011001_1
1011100000011001_1
1011100000011001_1
1011100000011001_1
1011100000011001_1
1011100000011001_1
1011100000011001_1
1011100000011001_1
1011100000011001_1
1011100000011001_1
1011100000011001_1
1011100000011001_1
1011100000011001_1
1011100000011001_1
1011100000011001_1
1011100000011001_1
1011100000011001_0
0100000111001110_1
1011100000011001_1
1011100000011001_1
1011100000011001_1
1011100000011001_1
1011100000011001_1
1011100000011001_1
1011100000011001_1
1011100000011001_1
1011100000011001_1
1011100000011001_1
1011100000011001_1
1011100000011001_1
1011100000011001_1
1011100000011001_1
1011100000011001_1
1011100000011001_1
1011100000011001_1
1011100000011001_1
1011100000011001_1
1011100000011001_0
0100000111001110_1
1011100000011001_1
1011100000011001_1
1011100000011001_1
1011100000011001_1
1011100000011001_1
1011100000011001_1
1011100000011001_1
1011100000011001_1
1011100000011001_1
1011100000011001_1
1011100000011001_1
1011100000011001_1
1011100000011001_1
1011100000011001_1
1011100000011001_1
1011100000011001_1
1011100000011001_1
1011100000011001_1
1011100000011001_1
1011100000011001_0
0100000111001110_1
1011100000011001_1
1011100000011001_1
1011100000011001_1
1011100000011001_1
1011100000011001_1
1011100000011001_1
1011100000011001_1
1011100000011001_1
1011100000011001_1
1011100000011001_1
1011100000011001_1
1011100000011001_1
1011100000011001_1
1011100000011001_1
1011100000011001_1
1011100000011001_1
1011100000011001_1
1011100000011001_1
1011100000011001_1
1011100000011001_0
0100000111001110_1
0100000111001110_0
0100011001010111_1
0101101010101010_1
0100011001010111_0
0101101010101010_0
0100011001010111_1
0101101010101010_1
0100011001010111_0
0101101010101010_0
0100011001010111_1
0101101010101010_1
0100011001010111_0
0101101010101010_0
0100011001010111_1
0101101010101010_1
0100011001010111_0
0101101010101010_0
0100011001010111_1
0101101010101010_1
0100011001010111_0
0101101010101010_0
0100011001010111_1
0101101010101010_1
0100011001010111_0
0101101010101010_0
0100011001010111_1
0101101010101010_1
0100011001010111_0
0101101010101010_0
0100011001010111_1
0101101010101010_1
0100011001010111_0
0101101010101010_0
0100011001010111_1
0101101010101010_1
0100011001010111_0
0101101010101010_0
0100011001010111_1
0101101010101010_1
0100011001010111_0
0101101010101010_0
0100011001010111_1
0101101010101010_1
0100011001010111_0
0101101010101010_0
0100011001010111_1
0101101010101010_1
0100011001010111_0
0101101010101010_0
0100011001010111_1
0101101010101010_1
0100011001010111_0
0101101010101010_0
0100011001010111_1
0101101010101010_1
0100011001010111_0
0101101010101010_0
0100011001010111_1
0101101010101010_1
0100011001010111_0
0101101010101010_0
0100011001010111_1
0101101010101010_1
0100011001010111_0
0101101010101010_0
0100011001010111_1
0101101010101010_1
0100011001010111_0
0101101010101010_0
0100011001010111_1
0101101010101010_1
0100011001010111_0
0101101010101010_0
0100011001010111_1
0101101010101010_1
0100011001010111_0
0101101010101010_0
0100011001010111_1
0101101010101010_1
0100011001010111_0
0101101010101010_0
0100011001010111_1
0101101010101010_1
1101110111000011_0
0010001101001100_1
0010111011001111_0
0011011111011001_1
1111111110101101_1
0111111101000101_1
1000111101101011_1
0001101111011100_0
0001011011001010_0
0101010000011111_1
1101110000000001_0
1101110000000001_0
1101110000000001_0
1101110000000001_1
1101110000000001_0
1101110000000001_0
1101110000000001_0
1101110000000001_1
1101110000000001_0
1101110000000001_0
1101110000000001_0
1101110000000001_0
1101110000000001_1
1101110000000001_1
1101110000000001_0
1101110000000001_0
1101110000000001_0
1101110000000001_0
1101110000000001_0
1101110000000001_0
0111011111011011_1
0111011111011011_1
0111011111011011_1
0111011111011011_1
0111011111011011_1
0111011111011011_1
0101101111110111_1
0101101111110111_1
0101101111110111_1
0101101111110111_1
0101101111110111_1
0101101111110111_1
0101101111110111_1
0101101111110111_1
0101101111110111_1
0101101111110111_1
0101101111110111_1
0101101111110111_1
0101101111110111_1
0101101111110111_1
0101101111110111_1
0101101111110111_1
0101101111110111_1
0101101111110111_1
0101101111110111_1
0101101111110111_1
0101101111110111_0
1001011100101010_1
0101101111110111_1
0101101111110111_1
0101101111110111_1
0101101111110111_1
0101101111110111_1
0101101111110111_1
0101101111110111_1
0101101111110111_1
0101101111110111_1
0101101111110111_1
0101101111110111_1
0101101111110111_1
0101101111110111_1
0101101111110111_1
0101101111110111_1
0101101111110111_1
0101101111110111_1
0101101111110111_1
0101101111110111_1
0101101111110111_1
0101101111110111_0
1001011100101010_1
0101101111110111_1
0101101111110111_1
0101101111110111_1
0101101111110111_1
0101101111110111_1
0101101111110111_1
0101101111110111_1
0101101111110111_1
0101101111110111_1
0101101111110111_1
0101101111110111_1
0101101111110111_1
0101101111110111_1
0101101111110111_1
0101101111110111_1
0101101111110111_1
0101101111110111_1
0101101111110111_1
0101101111110111_1
0101101111110111_1
0101101111110111_0
1001011100101010_1
1001011100101010_0
0111101111001000_1
0111101111001000_1
0111101111001000_1
0111101111001000_1
0111101111001000_1
0111101111001000_1
0111101111001000_1
0111101111001000_1
0111101111001000_1
0111101111001000_1
0111101111001000_1
0111101111001000_1
0111101111001000_1
0111101111001000_1
0111101111001000_1
0111101111001000_1
0111101111001000_1
0111101111001000_1
0111101111001000_1
0111101111001000_0
0000111110110101_1
0111101111001000_1
0111101111001000_1
0111101111001000_1
0111101111001000_1
0111101111001000_1
0111101111001000_1
0111101111001000_1
0111101111001000_1
0111101111001000_1
0111101111001000_1
0111101111001000_1
0111101111001000_1
0111101111001000_1
0111101111001000_1
0111101111001000_1
0111101111001000_1
0111101111001000_1
0111101111001000_1
0111101111001000_1
0111101111001000_0
0000111110110101_1
0111101111001000_1
0111101111001000_1
0111101111001000_1
0111101111001000_1
0111101111001000_1
0111101111001000_1
0111101111001000_1
0111101111001000_1
0111101111001000_1
0111101111001000_1
0111101111001000_1
0111101111001000_1
0111101111001000_1
0111101111001000_1
0111101111001000_1
0111101111001000_1
0111101111001000_1
0111101111001000_1
0111101111001000_1
0111101111001000_0
0000111110110101_1
0111101111001000_1
0111101111001000_1
0111101111001000_1
0111101111001000_1
0111101111001000_1
0111101111001000_1
0111101111001000_1
0111101111001000_1
0111101111001000_1
0111101111001000_1
0111101111001000_1
0111101111001000_1
0111101111001000_1
0111101111001000_1
0111101111001000_1
0111101111001000_1
0111101111001000_1
0111101111001000_1
0111101111001000_1
0111101111001000_0
0000111110110101_1
0111101111001000_1
0111101111001000_1
0111101111001000_1
0111101111001000_1
0111101111001000_1
0111101111001000_1
0111101111001000_1
0111101111001000_1
0111101111001000_1
0111101111001000_1
0111101111001000_1
0111101111001000_1
0111101111001000_1
0111101111001000_1
0111101111001000_1
0111101111001000_1
0111101111001000_1
0111101111001000_1
0111101111001000_1
0111101111001000_0
0000111110110101_1
0111101111001000_1
0111101111001000_1
0111101111001000_1
0111101111001000_1
0111101111001000_1
0111101111001000_1
0111101111001000_1
0111101111001000_1
0111101111001000_1
0111101111001000_1
0111101111001000_1
0111101111001000_1
0111101111001000_1
0111101111001000_1
0111101111001000_1
0111101111001000_1
0111101111001000_1
0111101111001000_1
0111101111001000_1
0111101111001000_0
0000111110110101_1
0111101111001000_1
0111101111001000_1
0111101111001000_1
0111101111001000_1
0111101111001000_1
0111101111001000_1
0111101111001000_1
0111101111001000_1
0111101111001000_1
0111101111001000_1
0111101111001000_1
0111101111001000_1
0111101111001000_1
0111101111001000_1
0111101111001000_1
0111101111001000_1
0111101111001000_1
0111101111001000_1
0111101111001000_1
0111101111001000_0
0000111110110101_1
0000111110110101_0
0100010110001010_0
0100010110001010_0
0100010110001010_0
0100010110001010_0
0100010110001010_0
0100010110001010_0
0100010110001010_0
0100010110001010_0
0100010110001010_0
0100010110001010_0
0100010110001010_0
0100010110001010_0
0100010110001010_0
0100010110001010_0
0100010110001010_0
0100010110001010_0
0100010110001010_0
0100010110001010_0
0100010110001010_0
0100010110001010_0
1110111111000111_1
1110111111000111_1
1110111111000111_1
1110111111000111_1
1110111111000111_1
1110111111000111_1
1110111111000111_1
1110111111000111_1
1110111111000111_1
1110111111000111_1
1110111111000111_1
1110111111000111_1
1110111111000111_1
1110111111000111_1
1110111111000111_1
1110111111000111_1
1110111111000111_1
1110111111000111_1
1110111111000111_1
1110111111000111_1
1011111010101000_1
1011111010101000_1
1011111010101000_1
1011111010101000_0
0001010101111001_1
1011111010101000_1
1011111010101000_1
1011111010101000_1
1011111010101000_0
0001010101111001_1
1011111010101000_1
1011111010101000_1
1011111010101000_1
1011111010101000_0
0001010101111001_1
0001010101111001_0
0100100101000011_0
0100100101000011_1
0100100101000011_0
0100100101000011_1
0100100101000011_0
0100100101000011_1
0100100101000011_0
0100100101000011_1
0100100101000011_0
0100100101000011_1
0100100101000011_0
0100100101000011_1
0100100101000011_0
0100100101000011_1
0100100101000011_0
0100100101000011_1
0100100101000011_0
0100100101000011_1
0100100101000011_0
0100100101000011_1
0100100101000011_0
0101111000000100_1
0101111000000100_1
0101111000000100_1
0101111000000100_1
0101111000000100_1
0101111000000100_1
0101111000000100_1
0101111000000100_1
0101111000000100_1
0101111000000100_1
0101111000000100_1
0101111000000100_1
0101111000000100_1
0101111000000100_0
0011011110000111_0
1101000100101110_0
1001011100101000_1
0101100111110000_0
1110010111101101_0
1110010000000010_1
0101110001011010_0
1001101100100100_1
0100010101100010_1
0111101011110001_1
1011110101011001_0
1010100011011011_1
0011000001111000_0
1000001011000001_0
0100110111001100_1
1010010011100001_1
0000100110101101_0
0011001110101000_0
1101011111001110_1
1010001001110111_0
0100101001111000_1
0011111111111100_1
1011000111100010_1
0100111010101100_1
1110101111011000_0
1010110111110000_1
1010010001110011_0
1010000100001110_0
1100111010110000_0
1100111010110000_1
1100111010110000_0
1100111010110000_1
1100111010110000_0
1100111010110000_1
1100111010110000_0
1100111010110000_1
1100111010110000_0
1100111010110000_1
1100111010110000_0
1100111010110000_1
1100111010110000_0
1100111010110000_1
1100111010110000_0
1100111010110000_1
1100111010110000_0
1100111010110000_1
1100111010110000_0
1100111010110000_1
1100111010110000_0
1100111010110000_1
1100111010110000_0
1100111010110000_1
1100111010110000_0
1100111010110000_1
1100111010110000_0
1100111010110000_1
1100111010110000_0
1100111010110000_1
1100111010110000_0
1100111010110000_1
1100111010110000_0
1100111010110000_1
1100111010110000_0
1100111010110000_1
1100111010110000_0
1100111010110000_1
1100111010110000_0
1100111010110000_1
1100111010110000_0
1100111010110000_1
1110011000011000_0
1110011000011000_1
1110011000011000_0
1110011000011000_1
1110011000011000_0
1110011000011000_1
1110011000011000_0
1110011000011000_1
1110011000011000_0
1110011000011000_1
1110011000011000_0
1110011000011000_1
1110011000011000_0
1110011000011000_1
1110011000011000_0
1110011000011000_1
1110011000011000_0
1110011000011000_1
1110011000011000_0
1110011000011000_1
1110011000011000_0
1110011000011000_1
1110011000011000_0
1110011000011000_1
1110011000011000_0
1110011000011000_1
1110011000011000_0
1110011000011000_1
1110011000011000_0
1110011000011000_1
1110011000011000_0
1110011000011000_1
1110011000011000_0
1110011000011000_1
1110011000011000_0
1110011000011000_1
1110011000011000_0
1001110000111110_1
1001110000111110_1
1001110000111110_1
1001110000111110_1
1001110000111110_1
1001110000111110_1
1001110000111110_1
1001110000111110_1
1001110000111110_1
1001110000111110_0
0010010000000000_1
1001110000111110_1
1001110000111110_1
1001110000111110_1
1001110000111110_1
1001110000111110_1
1001110000111110_1
1001110000111110_1
1001110000111110_1
1001110000111110_1
1001110000111110_0
0010010000000000_1
1001110000111110_1
1001110000111110_1
1001110000111110_1
1001110000111110_1
1001110000111110_1
1001110000111110_1
1001110000111110_1
1001110000111110_1
1001110000111110_1
1001110000111110_0
0010010000000000_1
0010010000000000_0
0001010000010011_1
0001010000010011_1
0001010000010011_1
0001010000010011_1
0001010000010011_1
0001010000010011_1
0001010000010011_1
0001010000010011_1
0001010000010011_1
0001010000010011_1
0001010000010011_1
0001010000010011_1
0001010000010011_1
0001010000010011_1
0001010000010011_1
0001010000010011_1
0001010000010011_1
0001010000010011_1
0001010000010011_1
0001010000010011_1
1001000011011001_1
1001000011011001_1
1001000011011001_1
1001000011011001_1
1001000011011001_1
1001000011011001_1
1001000011011001_1
1001000011011001_1
1001000011011001_1
1001000011011001_1
1001000011011001_1
1001000011011001_1
1001000011011001_1
1001000011011001_1
1001000011011001_1
1001000011011001_1
1001000011011001_1
1001000011011001_1
1001000011011001_1
1001000011011001_1
1001000011011001_1
1001000011011001_1
1001000011011001_1
1001000011011001_1
1001000011011001_1
1001000011011001_1
1001000011011001_1
1001000011011001_1
1001000011011001_1
1001000011011001_1
1001000011011001_1
1001000011011001_1
1001000011011001_1
1001000011011001_1
1001000011011001_1
1001000011011001_1
1001000011011001_1
1001000011011001_1
1001000011011001_1
1001000011011001_1
1001000011011001_0
0010111000010011_1
0010111000010011_1
0010111000010011_1
0010111000010011_1
0010111000010011_1
0010111000010011_1
0010111000010011_1
0010111000010011_1
0010111000010011_1
0010111000010011_1
0010111000010011_0
1101001000001101_1
0010111000010011_1
0010111000010011_1
0010111000010011_1
0010111000010011_1
0010111000010011_1
0010111000010011_1
0010111000010011_1
0010111000010011_1
0010111000010011_1
0010111000010011_1
0010111000010011_0
1101001000001101_1
0010111000010011_1
0010111000010011_1
0010111000010011_1
0010111000010011_1
0010111000010011_1
0010111000010011_1
0010111000010011_1
0010111000010011_1
0010111000010011_1
0010111000010011_1
0010111000010011_0
1101001000001101_1
0010111000010011_1
0010111000010011_1
0010111000010011_1
0010111000010011_1
0010111000010011_1
0010111000010011_1
0010111000010011_1
0010111000010011_1
0010111000010011_1
0010111000010011_1
0010111000010011_0
1101001000001101_1
1101001000001101_0
0100011100001011_1
0100011100001011_1
0100011100001011_1
0100011100001011_0
0100011100001011_1
0100011100001011_1
0100011100001011_1
0100011100001011_1
0100011100001011_1
0100011100001011_1
0100011100001011_1
0100011100001011_1
0100011100001011_1
0100011100001011_0
0100011100001011_1
0100011100001011_1
0100011100001011_1
0100011100001011_1
0100011100001011_0
1010000111000110_1
1001101110111111_1
1010000111000110_0
1001101110111111_0
1010000111000110_1
1001101110111111_1
1010000111000110_0
1001101110111111_0
1010000111000110_1
1001101110111111_1
1010000111000110_0
1001101110111111_0
1010000111000110_1
1001101110111111_1
1010000111000110_0
1001101110111111_0
1010000111000110_1
1001101110111111_1
1010000111000110_0
1001101110111111_0
1010000111000110_1
1001101110111111_1
1010000111000110_0
1001101110111111_0
1010000111000110_1
1001101110111111_1
1010000111000110_0
1001101110111111_0
1010000111000110_1
1001101110111111_1
1010000111000110_0
1001101110111111_0
1010000111000110_1
1001101110111111_1
1010000111000110_0
1001101110111111_0
1010000111000110_1
1001101110111111_1
1010000111000110_0
1001101110111111_0
1010000111000110_1
1001101110111111_1
1010000111000110_0
1001101110111111_0
1010000111000110_1
1001101110111111_1
1010000111000110_0
1001101110111111_0
1010000111000110_1
1001101110111111_1
1010000111000110_0
1001101110111111_0
1010000111000110_1
1001101110111111_1
1010000111000110_0
1001101110111111_0
1010000111000110_1
1001101110111111_1
1010000111000110_0
1001101110111111_0
1010000111000110_1
1001101110111111_1
1010000111000110_0
1001101110111111_0
1010000111000110_1
1001101110111111_1
1010000111000110_0
1001101110111111_0
1010000111000110_1
1001101110111111_1
1010000111000110_0
1001101110111111_0
1010000111000110_1
1001101110111111_1
1010000111000110_0
1001101110111111_0
1010000111000110_1
1001101110111111_1
1010000111000110_0
1001101110111111_0
1010000111000110_1
1001101110111111_1
1010000111000110_0
1001101110111111_0
1010000111000110_1
1001101110111111_1
1010000111000110_0
1001101110111111_0
1010000111000110_1
1001101110111111_1
1010000111000110_0
1001101110111111_0
1010000111000110_1
1001101110111111_1
1010000111000110_0
1001101110111111_0
1010000111000110_1
1001101110111111_1
1011101001001010_1
1011101001001010_1
1011101001001010_1
1011101001001010_1
1011101001001010_1
1011101001001010_1
1011101001001010_1
1011101001001010_1
1011101001001010_1
1011101001001010_1
1011101001001010_1
1011101001001010_1
1011101001001010_1
1011101001001010_1
1011101001001010_1
1011101001001010_1
1011101001001010_1
1011101001001010_1
1011101001001010_1
1011101001001010_1
1011101001001010_1
1011101001001010_1
1011101001001010_1
1011101001001010_1
1011101001001010_1
1011101001001010_1
1011101001001010_1
1011101001001010_1
1011101001001010_1
1011101001001010_1
1011101001001010_1
1011101001001010_1
1011101001001010_0
0100001000101000_1
0100001000101000_1
0100001000101000_1
0100001000101000_1
0100001000101000_1
0100001000101000_1
0100001000101000_1
0100001000101000_1
0100001000101000_1
0100001000101000_1
0100001000101000_1
0100001000101000_1
0100001000101000_1
0100001000101000_0
1110011010111010_1
0100001000101000_1
0100001000101000_1
0100001000101000_1
0100001000101000_1
0100001000101000_1
0100001000101000_1
0100001000101000_1
0100001000101000_1
0100001000101000_1
0100001000101000_1
0100001000101000_1
0100001000101000_1
0100001000101000_1
0100001000101000_0
1110011010111010_1
0100001000101000_1
0100001000101000_1
0100001000101000_1
0100001000101000_1
0100001000101000_1
0100001000101000_1
0100001000101000_1
0100001000101000_1
0100001000101000_1
0100001000101000_1
0100001000101000_1
0100001000101000_1
0100001000101000_1
0100001000101000_0
1110011010111010_1
0100001000101000_1
0100001000101000_1
0100001000101000_1
0100001000101000_1
0100001000101000_1
0100001000101000_1
0100001000101000_1
0100001000101000_1
0100001000101000_1
0100001000101000_1
0100001000101000_1
0100001000101000_1
0100001000101000_1
0100001000101000_0
1110011010111010_1
0100001000101000_1
0100001000101000_1
0100001000101000_1
0100001000101000_1
0100001000101000_1
0100001000101000_1
0100001000101000_1
0100001000101000_1
0100001000101000_1
0100001000101000_1
0100001000101000_1
0100001000101000_1
0100001000101000_1
0100001000101000_0
1110011010111010_1
0100001000101000_1
0100001000101000_1
0100001000101000_1
0100001000101000_1
0100001000101000_1
0100001000101000_1
0100001000101000_1
0100001000101000_1
0100001000101000_1
0100001000101000_1
0100001000101000_1
0100001000101000_1
0100001000101000_1
0100001000101000_0
1110011010111010_1
0100001000101000_1
0100001000101000_1
0100001000101000_1
0100001000101000_1
0100001000101000_1
0100001000101000_1
0100001000101000_1
0100001000101000_1
0100001000101000_1
0100001000101000_1
0100001000101000_1
0100001000101000_1
0100001000101000_1
0100001000101000_0
1110011010111010_1
0100001000101000_1
0100001000101000_1
0100001000101000_1
0100001000101000_1
0100001000101000_1
0100001000101000_1
0100001000101000_1
0100001000101000_1
0100001000101000_1
0100001000101000_1
0100001000101000_1
0100001000101000_1
0100001000101000_1
0100001000101000_0
1110011010111010_1
0100001000101000_1
0100001000101000_1
0100001000101000_1
0100001000101000_1
0100001000101000_1
0100001000101000_1
0100001000101000_1
0100001000101000_1
0100001000101000_1
0100001000101000_1
0100001000101000_1
0100001000101000_1
0100001000101000_1
0100001000101000_0
1110011010111010_1
0100001000101000_1
0100001000101000_1
0100001000101000_1
0100001000101000_1
0100001000101000_1
0100001000101000_1
0100001000101000_1
0100001000101000_1
0100001000101000_1
0100001000101000_1
0100001000101000_1
0100001000101000_1
0100001000101000_1
0100001000101000_0
1110011010111010_1
1110011010111010_0
1111101010010010_1
1111101010010010_1
1111101010010010_1
1111101010010010_1
1111101010010010_1
1111101010010010_1
1111101010010010_1
1111101010010010_1
1111101010010010_1
1111101010010010_1
1111101010010010_1
1111101010010010_1
1111101010010010_1
1111101010010010_1
1111101010010010_1
1111101010010010_1
1111101010010010_1
1111101010010010_1
1111101010010010_1
1111101010010010_1
1111101010010010_1
1111101010010010_1
1111101010010010_1
1111101010010010_1
1111101010010010_1
1111101010010010_1
1111101010010010_1
1111101010010010_1
1111101010010010_1
1111101010010010_1
1111101010010010_1
1111101010010010_1
1111101010010010_1
1111101010010010_1
1111101010010010_1
1111101010010010_1
1111101010010010_1
1111101010010010_1
1111101010010010_1
1111101010010010_1
1111101010010010_0
1010110011100000_1
1010110011100000_1
1010110011100000_1
1010110011100000_1
1010110011100000_1
1010110011100000_1
1010110011100000_1
1010110011100000_1
1010110011100000_1
1010110011100000_1
1010110011100000_1
1010110011100000_1
1010110011100000_1
1010110011100000_1
1010110011100000_1
1010110011100000_0
0000010010010110_1
1010110011100000_1
1010110011100000_1
1010110011100000_1
1010110011100000_1
1010110011100000_1
1010110011100000_1
1010110011100000_1
1010110011100000_1
1010110011100000_1
1010110011100000_1
1010110011100000_1
1010110011100000_1
1010110011100000_1
1010110011100000_1
1010110011100000_1
1010110011100000_0
0000010010010110_1
1010110011100000_1
1010110011100000_1
1010110011100000_1
1010110011100000_1
1010110011100000_1
1010110011100000_1
1010110011100000_1
1010110011100000_1
1010110011100000_1
1010110011100000_1
1010110011100000_1
1010110011100000_1
1010110011100000_1
1010110011100000_1
1010110011100000_1
1010110011100000_0
0000010010010110_1
1010110011100000_1
1010110011100000_1
1010110011100000_1
1010110011100000_1
1010110011100000_1
1010110011100000_1
1010110011100000_1
1010110011100000_1
1010110011100000_1
1010110011100000_1
1010110011100000_1
1010110011100000_1
1010110011100000_1
1010110011100000_1
1010110011100000_1
1010110011100000_0
0000010010010110_1
1010110011100000_1
1010110011100000_1
1010110011100000_1
1010110011100000_1
1010110011100000_1
1010110011100000_1
1010110011100000_1
1010110011100000_1
1010110011100000_1
1010110011100000_1
1010110011100000_1
1010110011100000_1
1010110011100000_1
1010110011100000_1
1010110011100000_1
1010110011100000_0
0000010010010110_1
1010110011100000_1
1010110011100000_1
1010110011100000_1
1010110011100000_1
1010110011100000_1
1010110011100000_1
1010110011100000_1
1010110011100000_1
1010110011100000_1
1010110011100000_1
1010110011100000_1
1010110011100000_1
1010110011100000_1
1010110011100000_1
1010110011100000_1
1010110011100000_0
0000010010010110_1
1010110011100000_1
1010110011100000_1
1010110011100000_1
1010110011100000_1
1010110011100000_1
1010110011100000_1
1010110011100000_1
1010110011100000_1
1010110011100000_1
1010110011100000_1
1010110011100000_1
1010110011100000_1
1010110011100000_1
1010110011100000_1
1010110011100000_1
1010110011100000_0
0000010010010110_1
1010110011100000_1
1010110011100000_1
1010110011100000_1
1010110011100000_1
1010110011100000_1
1010110011100000_1
1010110011100000_1
1010110011100000_1
1010110011100000_1
1010110011100000_1
1010110011100000_1
1010110011100000_1
1010110011100000_1
1010110011100000_1
1010110011100000_1
1010110011100000_0
0000010010010110_1
1010110011100000_1
1010110011100000_1
1010110011100000_1
1010110011100000_1
1010110011100000_1
1010110011100000_1
1010110011100000_1
1010110011100000_1
1010110011100000_1
1010110011100000_1
1010110011100000_1
1010110011100000_1
1010110011100000_1
1010110011100000_1
1010110011100000_1
1010110011100000_0
0000010010010110_1
0000010010010110_0
0000111000010101_0
0000111000010101_1
0000111000010101_0
0000111000010101_1
0000111000010101_0
0000111000010101_1
0000111000010101_0
0000111000010101_1
0000111000010101_0
0000111000010101_1
0000111000010101_0
0000111000010101_1
0000111000010101_0
0000111000010101_1
0000111000010101_0
0000111000010101_1
0000111000010101_0
0000111000010101_1
0000111000010101_0
0000111000010101_1
0000111000010101_0
0000111000010101_1
0000111000010101_0
0000111000010101_1
0000111000010101_0
0000111000010101_1
0000111000010101_0
0000111000010101_1
0000111000010101_0
0000111000010101_1
0000111000010101_0
0000111000010101_1
0000111000010101_0
0000111000010101_1
0000111000010101_0
0000111000010101_1
0000111000010101_0
0000111000010101_1
0000111000010101_0
0000111000010101_1
0000111000010101_0
0000111000010101_1
0000111000010101_0
0000111000010101_1
0000111000010101_0
0000111000010101_1
0000111000010101_0
0000111000010101_1
0000111000010101_0
0000111000010101_1
0000111000010101_0
0011111100001101_1
0011111100001101_1
0011111100001101_1
0011111100001101_1
0011111100001101_1
0011111100001101_1
0011111100001101_1
0011111100001101_1
0011111100001101_1
0011111100001101_1
0011111100001101_1
0011111100001101_1
0011111100001101_1
0011111100001101_1
0011111100001101_1
0011111100001101_1
0011111100001101_1
0011111100001101_1
0011111100001101_1
0011111100001101_1
0011111100001101_1
0011111100001101_1
0011111100001101_1
0011111100001101_1
0011111100001101_1
0011111100001101_1
0011111100001101_1
0011111100001101_1
0011111100001101_1
0011111100001101_1
0011111100001101_1
0011111100001101_1
0011111100001101_1
0011111100001101_1
0011111100001101_1
0011111100001101_0
0010110101001001_1
0010110101001001_0
0010110101001001_0
0010110101001001_1
0010110101001001_1
0010110101001001_0
0010110101001001_0
0010110101001001_0
0010110101001001_1
0010110101001001_1
0010110101001001_1
0010110101001001_0
0010110101001001_0
0010110101001001_1
0010110101001001_1
0011111101010001_1
0011111101010001_1
0011111101010001_1
0011111101010001_1
0011111101010001_1
0011111101010001_1
0011111101010001_1
0011111101010001_1
0011111101010001_1
0011111101010001_1
0011111101010001_1
0011111101010001_1
0011111101010001_1
0011111101010001_1
0011111101010001_1
0011111101010001_1
0011111101010001_1
0011111101010001_1
0011111101010001_1
0011111101010001_1
0100000010010111_0
0100000010010111_1
0100000010010111_0
0100000010010111_1
0100000010010111_0
0100000010010111_1
0100000010010111_0
0100000010010111_1
0100000010010111_0
0100000010010111_1
0100000010010111_0
0100000010010111_1
0100000010010111_0
0100000010010111_1
0100000010010111_0
0100000010010111_1
0100000010010111_0
0100000010010111_1
0100000010010111_0
0100000010010111_1
0100000010010111_0
0100000010010111_1
0100000010010111_0
0100000010010111_1
0100000010010111_0
0100000010010111_1
0100000010010111_0
0100000010010111_1
0100000010010111_0
0100000010010111_1
0100000010010111_0
0100000010010111_1
0100000010010111_0
0100000010010111_1
0100000010010111_0
0100000010010111_1
0100000010010111_0
0100000010010111_1
0100000010010111_0
0100000010010111_1
0100000010010111_0
0100000010010111_1
0100000010010111_0
0100000010010111_1
0100000010010111_0
0100000010010111_1
0100000010010111_0
0100000010010111_1
0100000010010111_0
0100000010010111_1
0100000010010111_0
0100000010010111_1
0100000010010111_0
0100000010010111_1
0110101011001011_1
0110101011001011_1
0110101011001011_1
0110101011001011_1
0110101011001011_1
0110101011001011_1
0110101011001011_1
0110101011001011_1
0110101011001011_1
0110101011001011_1
0110101011001011_1
0110101011001011_1
0110101011001011_1
0110101011001011_1
0110101011001011_1
0110101011001011_1
0110101011001011_1
0110101011001011_1
0110101011001011_1
0110101011001011_1
0111000101111001_0
0111101100000101_0
0111000101111001_1
0111101100000101_1
0111000101111001_0
0111101100000101_0
0111000101111001_1
0111101100000101_1
0111000101111001_0
0111101100000101_0
0111000101111001_1
0111101100000101_1
0111000101111001_0
0111101100000101_0
0111000101111001_1
0111101100000101_1
0111000101111001_0
0111101100000101_0
0111000101111001_1
0111101100000101_1
0111000101111001_0
0111101100000101_0
0111000101111001_1
0111101100000101_1
0111000101111001_0
0111101100000101_0
0111000101111001_1
0111101100000101_1
0111000101111001_0
0111101100000101_0
0111000101111001_1
0111101100000101_1
0111000101111001_0
0111101100000101_0
0111000101111001_1
0111101100000101_1
0111000101111001_0
0111101100000101_0
0111000101111001_1
0111101100000101_1
0111000101111001_0
0111101100000101_0
0111000101111001_1
0111101100000101_1
0111000101111001_0
0111101100000101_0
0111000101111001_1
0111101100000101_1
0111000101111001_0
0111101100000101_0
0111000101111001_1
0111101100000101_1
0111000101111001_0
0111101100000101_0
0111000101111001_1
0111101100000101_1
0111000101111001_0
0111101100000101_0
0111000101111001_1
0111101100000101_1
1100110101111000_1
1100110101111000_1
1100110101111000_1
1100110101111000_1
1100110101111000_1
1100110101111000_1
1100110101111000_1
1100110101111000_1
1100110101111000_1
1100110101111000_1
1100110101111000_1
1100110101111000_1
1100110101111000_1
1100110101111000_1
1100110101111000_1
1100110101111000_1
1100110101111000_1
1100110101111000_1
1100110101111000_1
1100110101111000_1
1100110101111000_1
1100110101111000_1
1100110101111000_0
0000011111000111_1
1001100111100110_1
1001100110000111_0
1111000100110100_1
1110110110000000_1
1100110101110000_0
0011000111101111_1
1010010100111000_0
0000111000100010_1
0101100111111010_0
1000101011010000_1
0011100011110101_1
0000001100110011_1
1100011001010100_0
1100011001010100_1
1100011001010100_0
1100011001010100_1
1100011001010100_0
1100011001010100_1
1100011001010100_0
1100011001010100_1
1100011001010100_0
1100011001010100_1
1100011001010100_0
1100011001010100_1
1100011001010100_0
1100011001010100_1
1100011001010100_0
1100011001010100_1
1100011001010100_0
1100011001010100_1
1100011001010100_0
1100011001010100_1
1100011001010100_0
1100011001010100_1
1100011001010100_0
1100011001010100_1
1100011001010100_0
1100011001010100_1
1100011001010100_0
1100011001010100_1
1100011001010100_0
1100011001010100_1
1100011001010100_0
1100011001010100_1
1100011001010100_0
1100011001010100_1
1100011001010100_0
1100011001010100_1
1100011001010100_0
1100011001010100_1
1100011001010100_0
1100011001010100_1
1100011001010100_0
1100011001010100_1
1100011001010100_0
1100011001010100_1
1100011001010100_0
1100011001010100_1
1100011001010100_0
1100011001010100_1
1100011001010100_0
1100011001010100_1
1100011001010100_0
1100011001010100_1
1100011001010100_0
1100011001010100_1
1100011001010100_0
1100011001010100_1
1100011001010100_0
1100011001010100_1
1010110100010101_0
1010110100010101_1
1010110100010101_0
1010110100010101_1
1010110100010101_0
1010110100010101_0
1010110100010101_0
1010110100010101_0
1010110100010101_1
1010110100010101_1
1010110100010101_0
1010110100010101_1
1010110100010101_1
1010110100010101_0
1010110100010101_1
1000000111000111_0
1000000111000111_1
1000000111000111_0
1000000111000111_1
1000000111000111_0
1000000111000111_1
1000000111000111_0
1000000111000111_1
1000000111000111_0
1000000111000111_1
1000000111000111_0
1000000111000111_1
1000000111000111_0
1000000111000111_1
1000000111000111_0
1000000111000111_1
1000000111000111_0
1000000111000111_1
1000000111000111_0
1000000111000111_1
1000000111000111_0
1000000111000111_1
1000000111000111_0
1000000111000111_1
1000000111000111_0
1000000111000111_1
1000000111000111_0
1000000111000111_1
1000000111000111_0
1000000111000111_1
1000000111000111_0
1000000111000111_1
1000000111000111_0
1000000111000111_1
1000000111000111_0
1000000111000111_1
1000000111000111_0
1000000111000111_1
1000000111000111_0
1000000111000111_1
1000000111000111_0
1000000111000111_1
1000000111000111_0
1000000111000111_1
1000000111000111_0
1000000111000111_1
1000000111000111_0
1000000111000111_1
1000000111000111_0
1000000111000111_1
1000000111000111_0
1000000111000111_1
1000000111000111_0
1000000111000111_1
0010011001101010_1
0010011001101010_1
0010011001101010_1
0010011001101010_1
0010011001101010_1
0010011001101010_1
0010011001101010_1
0010011001101010_1
0010011001101010_1
0010011001101010_1
0010011001101010_1
0010011001101010_1
0010011001101010_1
0010011001101010_1
0010011001101010_1
0010011001101010_1
0010011001101010_1
0010011001101010_1
0010011001101010_1
0010011001101010_1
0010011001101010_1
0010011001101010_1
0010011001101010_1
0010011001101010_1
0010011001101010_1
0010011001101010_1
0010011001101010_1
0010011001101010_1
0010011001101010_1
0010011001101010_1
0010011001101010_1
0010011001101010_1
0010011001101010_1
0010011001101010_1
0010011001101010_1
0010011001101010_1
0010011001101010_1
0010011001101010_1
0010011001101010_1
0010011001101010_0
1011100010100000_0
1100001111010100_1
0000100101101001_1
1101010100110000_0
1001011100110010_1
0000100001010110_1
0001100101000011_0
0111100100100110_1
0011000010101011_1
0010010010011100_1
1011001001011111_0
0100100110000011_0
1110101011101010_1
0111100011100011_0
1000110011000001_1
1111001011010110_1
1101000101011100_0
0010101101111001_0
0001110101100111_0
1110000011110100_1
0101111011000001_1
1101001010111010_1
1101101110101001_0
0000000101111110_0
0100001110000010_0
1000001011001011_1
0101100101010111_0
0000110111111001_1
1010001111010100_0
0001111011011010_1
1000011011100101_0
0111101110111001_0
1110011011111110_0
0010011001101011_0
0011011100011111_0
0111001000100111_0
1110000011011110_0
1010011000001110_1
1010000110111000_1
0101001100011100_1
1111000100100101_0
1010010111100110_1
1110010101011011_0
0011001111111100_0
1110011111100101_1
0010010110000100_0
0010010110000100_1
0010010110000100_1
0010010110000100_1
0010010110000100_0
0010010110000100_1
0010010110000100_1
0010010110000100_0
0010010110000100_1
0010010110000100_0
0010010110000100_1
0010010110000100_1
0010010110000100_1
0010010110000100_0
0010010110000100_1
0010010110000100_1
0111111011011110_1
1110010000111000_1
0111111011011110_0
1110010000111000_0
0111111011011110_1
1110010000111000_1
0111111011011110_0
1110010000111000_0
0111111011011110_1
1110010000111000_1
0111111011011110_0
1110010000111000_0
0111111011011110_1
1110010000111000_1
0111111011011110_0
1110010000111000_0
0111111011011110_1
1110010000111000_1
0111111011011110_0
1110010000111000_0
0111111011011110_1
1110010000111000_1
0111111011011110_0
1110010000111000_0
0111111011011110_1
1110010000111000_1
0111111011011110_0
1110010000111000_0
0111111011011110_1
1110010000111000_1
0111111011011110_0
1110010000111000_0
0111111011011110_1
1110010000111000_1
0111111011011110_0
1110010000111000_0
0111111011011110_1
1110010000111000_1
0111111011011110_0
1110010000111000_0
0111111011011110_1
1110010000111000_1
0111111011011110_0
1110010000111000_0
0111111011011110_1
1110010000111000_1
0111111011011110_0
1110010000111000_0
0111111011011110_1
1110010000111000_1
0111111011011110_0
1110010000111000_0
0111111011011110_1
1110010000111000_1
0111111011011110_0
1110010000111000_0
0111111011011110_1
1110010000111000_1
0111111011011110_0
1110010000111000_0
0111111011011110_1
1110010000111000_1
0111111011011110_0
1110010000111000_0
0111111011011110_1
1110010000111000_1
0111111011011110_0
1110010000111000_0
0111111011011110_1
1110010000111000_1
0111111011011110_0
1110010000111000_0
1101111110001010_0
1101111110001010_0
1101111110001010_0
1101111110001010_0
1101111110001010_0
1101111110001010_0
1101111110001010_0
1101111110001010_0
1101111110001010_0
1101111110001010_0
1101111110001010_0
1101111110001010_0
1101111110001010_0
1101111110001010_0
1101111110001010_0
1101111110001010_0
1101111110001010_0
1101111110001010_0
1101111110001010_0
1101111110001010_0
0111010010011111_1
0111010010011111_1
0111010010011111_1
0111010010011111_1
0111010010011111_1
0111010010011111_1
0111010010011111_1
0111010010011111_1
0111010010011111_1
0111010010011111_1
0111010010011111_1
0111010010011111_1
0111010010011111_1
0111010010011111_0
0110100000011110_1
0111010010011111_1
0111010010011111_1
0111010010011111_1
0111010010011111_1
0111010010011111_1
0111010010011111_1
0111010010011111_1
0111010010011111_1
0111010010011111_1
0111010010011111_1
0111010010011111_1
0111010010011111_1
0111010010011111_1
0111010010011111_0
0110100000011110_1
0111010010011111_1
0111010010011111_1
0111010010011111_1
0111010010011111_1
0111010010011111_1
0111010010011111_1
0111010010011111_1
0111010010011111_1
0111010010011111_1
0111010010011111_1
0111010010011111_1
0111010010011111_1
0111010010011111_1
0111010010011111_0
0110100000011110_1
0111010010011111_1
0111010010011111_1
0111010010011111_1
0111010010011111_1
0111010010011111_1
0111010010011111_1
0111010010011111_1
0111010010011111_1
0111010010011111_1
0111010010011111_1
0111010010011111_1
0111010010011111_1
0111010010011111_1
0111010010011111_0
0110100000011110_1
0111010010011111_1
0111010010011111_1
0111010010011111_1
0111010010011111_1
0111010010011111_1
0111010010011111_1
0111010010011111_1
0111010010011111_1
0111010010011111_1
0111010010011111_1
0111010010011111_1
0111010010011111_1
0111010010011111_1
0111010010011111_0
0110100000011110_1
0111010010011111_1
0111010010011111_1
0111010010011111_1
0111010010011111_1
0111010010011111_1
0111010010011111_1
0111010010011111_1
0111010010011111_1
0111010010011111_1
0111010010011111_1
0111010010011111_1
0111010010011111_1
0111010010011111_1
0111010010011111_0
0110100000011110_1
0111010010011111_1
0111010010011111_1
0111010010011111_1
0111010010011111_1
0111010010011111_1
0111010010011111_1
0111010010011111_1
0111010010011111_1
0111010010011111_1
0111010010011111_1
0111010010011111_1
0111010010011111_1
0111010010011111_1
0111010010011111_0
0110100000011110_1
0110100000011110_0
0010010001100011_1
0010010001100011_0
0010010001100011_0
0010010001100011_0
0010010001100011_0
0010010001100011_0
0010010001100011_0
0010010001100011_0
0010010001100011_1
0010010001100011_0
0010010001100011_0
0010010001100011_1
0010010001100011_0
0010010001100011_1
0010010001100011_1
0010010001100011_1
0010010001100011_0
0010010001100011_1
0010010001100011_0
0010010001100011_1
0111111111001000_1
0111111111001000_1
0111111111001000_1
0111111111001000_1
0111111111001000_1
0111111111001000_1
0111111111001000_1
0111111111001000_1
0111111111001000_1
0111111111001000_1
0111111111001000_1
0111111111001000_1
0111111111001000_1
0111111111001000_1
0111111111001000_1
0111111111001000_1
0111111111001000_1
0111111111001000_1
0111111111001000_1
0111111111001000_1
0111111111001000_1
0111111111001000_1
0111111111001000_1
0111111111001000_1
0111111111001000_1
0111111111001000_0
0001001010110011_1
0001001010110011_1
0001001010110011_1
0001001010110011_1
0001001010110011_1
0001001010110011_1
0001001010110011_1
0001001010110011_1
0001001010110011_1
0001001010110011_1
0001001010110011_1
0001001010110011_1
0001001010110011_1
0001001010110011_1
0001001010110011_1
0001001010110011_1
0001001010110011_1
0001001010110011_1
0001001010110011_1
0001001010110011_1
0001001010110011_1
0001001010110011_1
0001001010110011_1
0001001010110011_1
0001001010110011_0
0011011111010111_1
0011011111010111_1
0011011111010111_1
0011011111010111_1
0011011111010111_1
0011011111010111_1
0011011111010111_0
1101011110011111_1
1101011110011111_1
1101011110011111_1
1101011110011111_1
1101011110011111_1
1101011110011111_1
1101011110011111_1
1101011110011111_1
1101011110011111_1
1101011110011111_1
1101011110011111_1
1101011110011111_1
1101011110011111_1
1101011110011111_1
1101011110011111_1
1101011110011111_1
1101011110011111_1
1101011110011111_1
1101011110011111_1
1101011110011111_1
1011011001100101_0
1011011001100101_0
1011011001100101_0
1011011001100101_0
1011011001100101_0
1011011001100101_0
1011011001100101_0
1011011001100101_0
1011011001100101_0
1011011001100101_0
1011011001100101_0
1011011001100101_0
1011011001100101_0
1011011001100101_0
1011011001100101_0
1011011001100101_0
1011011001100101_0
1011011001100101_0
1011011001100101_0
1011011001100101_0
1110011100100111_1
1110011100100111_1
1110011100100111_1
1110011100100111_1
1110011100100111_1
1110011100100111_1
1110011100100111_1
1110011100100111_1
1110011100100111_1
1110011100100111_1
1110011100100111_1
1110011100100111_1
1110011100100111_1
1110011100100111_1
1110011100100111_0
0101000010111101_1
0101000010111101_1
0101000010111101_1
0101000010111101_1
0101000010111101_1
0101000010111101_1
0101000010111101_1
0101000010111101_1
0101000010111101_1
0101000010111101_1
0101000010111101_1
0101000010111101_1
0101000010111101_1
0101000010111101_1
0101000010111101_1
0101000010111101_1
0101000010111101_1
0101000010111101_1
0101000010111101_1
0101000010111101_1
0101000010111101_1
0101000010111101_1
0101000010111101_1
0101000010111101_1
0101000010111101_1
0101000010111101_1
0101000010111101_1
0101000010111101_1
0101000010111101_1
0101000010111101_1
0101000010111101_1
0101000010111101_1
0101000010111101_1
0101000010111101_1
0101000010111101_0
1000100011000001_0
1000100011000001_1
1000100011000001_0
1000100011000001_1
1000100011000001_0
1000100011000001_1
1000100011000001_0
1000100011000001_1
1000100011000001_0
1000100011000001_1
1000100011000001_0
1000100011000001_1
1000100011000001_0
1000100011000001_1
1000100011000001_0
1000100011000001_1
1000100011000001_0
1000100011000001_1
1000100011000001_0
1000100011000001_1
1000100011000001_0
1000100011000001_1
1000100011000001_0
1000100011000001_1
1000100011000001_0
1000100011000001_1
1000100011000001_0
1000100011000001_1
1000100011000001_0
1000100011000001_1
1000100011000001_0
1000100011000001_1
1000100011000001_0
1000100011000001_1
1000100011000001_0
1000100011000001_1
1000100011000001_0
1000100011000001_1
1000100011000001_0
1000100011000001_1
1000100011000001_0
1000100011000001_1
1000100011000001_0
1000100011000001_1
1000100011000001_0
1000100011000001_1
1000100011000001_0
1000100011000001_1
1000100011000001_0
1000100011000001_1
1000100011000001_0
1000100011000001_1
1000100011000001_0
1000100011000001_1
0000101000100001_0
0000101000100001_0
0000101000100001_0
0000101000100001_0
0000101000100001_0
0000101000100001_0
0000101000100001_0
0000101000100001_0
0000101000100001_0
0000101000100001_0
0000101000100001_0
0000101000100001_0
0000101000100001_0
0000101000100001_0
0000101000100001_0
0000101000100001_0
0000101000100001_0
0000101000100001_0
0000101000100001_0
0000101000100001_0
1011001010100001_0
0010001010011101_0
1110001000110100_0
1101010111000010_0
1111010110001001_0
0011110111011101_1
0000011011011000_1
0010111110001010_0
1100101010011100_0
0011110110100000_1
0000000011111001_1
0101010010101001_0
0010101000000111_0
0111011100110101_0
0101100100110100_1
1010111011011101_1
0001111011100000_1
1101111010101011_0
1111111000000100_0
1001101110101011_0
0110011110101101_1
1101001110101101_0
1110011010100001_0
1001111001011000_0
1010110101111001_1
0111010110010010_1
1100010100010000_0
0010111010111011_0
0011011000100000_1
0011111100100011_1
0001100011110011_0
0110100101101110_1
0110100101101110_1
0110100101101110_1
0110100101101110_1
0110100101101110_1
0110100101101110_1
0110100101101110_1
0110100101101110_0
1101011101110111_1
1101011101110111_1
1101011101110111_1
1101011101110111_1
1101011101110111_1
1101011101110111_1
1101011101110111_1
1101011101110111_1
1101011101110111_1
1101011101110111_1
1101011101110111_0
0111010001110001_1
1101011101110111_1
1101011101110111_1
1101011101110111_1
1101011101110111_1
1101011101110111_1
1101011101110111_1
1101011101110111_1
1101011101110111_1
1101011101110111_1
1101011101110111_1
1101011101110111_0
0111010001110001_1
1101011101110111_1
1101011101110111_1
1101011101110111_1
1101011101110111_1
1101011101110111_1
1101011101110111_1
1101011101110111_1
1101011101110111_1
1101011101110111_1
1101011101110111_1
1101011101110111_0
0111010001110001_1
1101011101110111_1
1101011101110111_1
1101011101110111_1
1101011101110111_1
1101011101110111_1
1101011101110111_1
1101011101110111_1
1101011101110111_1
1101011101110111_1
1101011101110111_1
1101011101110111_0
0111010001110001_1
1101011101110111_1
1101011101110111_1
1101011101110111_1
1101011101110111_1
1101011101110111_1
1101011101110111_1
1101011101110111_1
1101011101110111_1
1101011101110111_1
1101011101110111_1
1101011101110111_0
0111010001110001_1
1101011101110111_1
1101011101110111_1
1101011101110111_1
1101011101110111_1
1101011101110111_1
1101011101110111_1
1101011101110111_1
1101011101110111_1
1101011101110111_1
1101011101110111_1
1101011101110111_0
0111010001110001_1
1101011101110111_1
1101011101110111_1
1101011101110111_1
1101011101110111_1
1101011101110111_1
1101011101110111_1
1101011101110111_1
1101011101110111_1
1101011101110111_1
1101011101110111_1
1101011101110111_0
0111010001110001_1
1101011101110111_1
1101011101110111_1
1101011101110111_1
1101011101110111_1
1101011101110111_1
1101011101110111_1
1101011101110111_1
1101011101110111_1
1101011101110111_1
1101011101110111_1
1101011101110111_0
0111010001110001_1
0111010001110001_0
0100110000010000_1
1110101000011101_0
1110010110110100_1
1110111011001010_0
1001101011000000_0
0111010001110001_1
1001101001100111_1
0000000001010000_0
0010010110100011_0
0111000111001110_0
0000101000111001_0
1111110100000001_0
0000001100100001_1
1011101100110010_1
0110100100010001_1
0000000101000011_1
0111110011001110_1
0100010100001001_1
1000011011000110_1
1010011101001101_1
0100101100111011_0
1001111000000100_1
0000000101110011_0
0010100100010101_1
1110101000011001_0
1111011111100100_0
0011111010001111_1
0011110000010000_0
1010001110000010_0
0110000100100110_1
0010001100111101_0
0110010000110010_1
0011101100100101_1
0011101100100101_0
0011101100100101_0
0011101100100101_0
0011101100100101_0
0011101100100101_0
0011101100100101_1
0011101100100101_0
0011101100100101_1
0011101100100101_0
0011101100100101_0
0011101100100101_0
0011101100100101_0
0011101100100101_0
0011101100100101_1
0011101100100101_0
0110101101100101_1
0110101101100101_1
0110101101100101_1
0110101101100101_1
0110101101100101_1
0110101101100101_1
0110101101100101_1
0110101101100101_1
0110101101100101_1
0110101101100101_1
0110101101100101_1
0110101101100101_1
0110101101100101_1
0110101101100101_1
0110101101100101_1
0110101101100101_1
0110101101100101_1
0110101101100101_1
0110101101100101_1
0110101101100101_1
0110101101100101_0
0100100010111110_1
0110101101100101_1
0110101101100101_1
0110101101100101_1
0110101101100101_1
0110101101100101_1
0110101101100101_1
0110101101100101_1
0110101101100101_1
0110101101100101_1
0110101101100101_1
0110101101100101_1
0110101101100101_1
0110101101100101_1
0110101101100101_1
0110101101100101_1
0110101101100101_1
0110101101100101_1
0110101101100101_1
0110101101100101_1
0110101101100101_1
0110101101100101_0
0100100010111110_1
0110101101100101_1
0110101101100101_1
0110101101100101_1
0110101101100101_1
0110101101100101_1
0110101101100101_1
0110101101100101_1
0110101101100101_1
0110101101100101_1
0110101101100101_1
0110101101100101_1
0110101101100101_1
0110101101100101_1
0110101101100101_1
0110101101100101_1
0110101101100101_1
0110101101100101_1
0110101101100101_1
0110101101100101_1
0110101101100101_1
0110101101100101_0
0100100010111110_1
0110101101100101_1
0110101101100101_1
0110101101100101_1
0110101101100101_1
0110101101100101_1
0110101101100101_1
0110101101100101_1
0110101101100101_1
0110101101100101_1
0110101101100101_1
0110101101100101_1
0110101101100101_1
0110101101100101_1
0110101101100101_1
0110101101100101_1
0110101101100101_1
0110101101100101_1
0110101101100101_1
0110101101100101_1
0110101101100101_1
0110101101100101_0
0100100010111110_1
0110101101100101_1
0110101101100101_1
0110101101100101_1
0110101101100101_1
0110101101100101_1
0110101101100101_1
0110101101100101_1
0110101101100101_1
0110101101100101_1
0110101101100101_1
0110101101100101_1
0110101101100101_1
0110101101100101_1
0110101101100101_1
0110101101100101_1
0110101101100101_1
0110101101100101_1
0110101101100101_1
0110101101100101_1
0110101101100101_1
0110101101100101_0
0100100010111110_1
0110101101100101_1
0110101101100101_1
0110101101100101_1
0110101101100101_1
0110101101100101_1
0110101101100101_1
0110101101100101_1
0110101101100101_1
0110101101100101_1
0110101101100101_1
0110101101100101_1
0110101101100101_1
0110101101100101_1
0110101101100101_1
0110101101100101_1
0110101101100101_1
0110101101100101_1
0110101101100101_1
0110101101100101_1
0110101101100101_1
0110101101100101_0
0100100010111110_1
0110101101100101_1
0110101101100101_1
0110101101100101_1
0110101101100101_1
0110101101100101_1
0110101101100101_1
0110101101100101_1
0110101101100101_1
0110101101100101_1
0110101101100101_1
0110101101100101_1
0110101101100101_1
0110101101100101_1
0110101101100101_1
0110101101100101_1
0110101101100101_1
0110101101100101_1
0110101101100101_1
0110101101100101_1
0110101101100101_1
0110101101100101_0
0100100010111110_1
0110101101100101_1
0110101101100101_1
0110101101100101_1
0110101101100101_1
0110101101100101_1
0110101101100101_1
0110101101100101_1
0110101101100101_1
0110101101100101_1
0110101101100101_1
0110101101100101_1
0110101101100101_1
0110101101100101_1
0110101101100101_1
0110101101100101_1
0110101101100101_1
0110101101100101_1
0110101101100101_1
0110101101100101_1
0110101101100101_1
0110101101100101_0
0100100010111110_1
0110101101100101_1
0110101101100101_1
0110101101100101_1
0110101101100101_1
0110101101100101_1
0110101101100101_1
0110101101100101_1
0110101101100101_1
0110101101100101_1
0110101101100101_1
0110101101100101_1
0110101101100101_1
0110101101100101_1
0110101101100101_1
0110101101100101_1
0110101101100101_1
0110101101100101_1
0110101101100101_1
0110101101100101_1
0110101101100101_1
0110101101100101_0
0100100010111110_1
0100100010111110_0
0111101111001011_1
0111101111001011_1
0111101111001011_1
0111101111001011_1
0111101111001011_1
0111101111001011_1
0111101111001011_1
0111101111001011_0
0110100111100011_1
0111101111001011_1
0111101111001011_1
0111101111001011_1
0111101111001011_1
0111101111001011_1
0111101111001011_1
0111101111001011_1
0111101111001011_0
0110100111100011_1
0111101111001011_1
0111101111001011_1
0111101111001011_1
0111101111001011_1
0111101111001011_1
0111101111001011_1
0111101111001011_1
0111101111001011_0
0110100111100011_1
0111101111001011_1
0111101111001011_1
0111101111001011_1
0111101111001011_1
0111101111001011_1
0111101111001011_1
0111101111001011_1
0111101111001011_0
0110100111100011_1
0110100111100011_0
0010011101101100_1
0010011101101100_1
0010011101101100_1
0010011101101100_1
0010011101101100_1
0010011101101100_1
0010011101101100_1
0010011101101100_1
0010011101101100_1
0010011101101100_1
0010011101101100_1
0010011101101100_1
0010011101101100_1
0010011101101100_1
0010011101101100_1
0010011101101100_1
0010011101101100_1
0010011101101100_1
0010011101101100_1
0010011101101100_1
1011001101010100_0
1011001101010100_0
1011001101010100_0
1011001101010100_0
1011001101010100_0
1011001101010100_0
1011001101010100_0
1011001101010100_0
1011001101010100_0
1011001101010100_0
1011001101010100_0
1011001101010100_0
1011001101010100_0
1011001101010100_0
1011001101010100_0
1011001101010100_0
1011001101010100_0
1011001101010100_0
1011001101010100_0
1011001101010100_0
0010110011101001_0
0010110011101001_1
0010110011101001_0
0010110011101001_1
0010110011101001_0
0010110011101001_1
0010110011101001_0
0010110011101001_1
0010110011101001_0
0010110011101001_1
0010110011101001_0
0010110011101001_1
0010110011101001_0
0010110011101001_1
0010110011101001_0
0010110011101001_1
0010110011101001_0
0010110011101001_1
0010110011101001_0
0010110011101001_1
0010110011101001_0
0010110011101001_1
0010110011101001_0
0010110011101001_1
0010110011101001_0
0010110011101001_1
0010110011101001_0
0010110011101001_1
0010110011101001_0
0010110011101001_1
0010110011101001_0
0010110011101001_1
0010110011101001_0
0010110011101001_1
0000100100100000_0
0000100100100000_0
0000100100100000_0
0000100100100000_1
0000100100100000_0
0000100100100000_0
0000100100100000_0
0000100100100000_0
1100101010001011_0
1100101010001011_1
1100101010001011_0
1100101010001011_1
1100101010001011_0
1100101010001011_1
1100101010001011_0
1100101010001011_1
1100101010001011_0
1100101010001011_1
1100101010001011_0
1100101010001011_1
1100101010001011_0
1100101010001011_1
1100101010001011_0
1100101010001011_1
1100101010001011_0
1100101010001011_1
1100101010001011_0
1100101010001011_1
1100101010001011_0
1100101010001011_1
1100101010001011_0
1100101010001011_1
1100101010001011_0
1100101010001011_1
1100101010001011_0
1100101010001011_1
1100101010001011_0
1100101010001011_1
1100101010001011_0
1100101010001011_1
1100101010001011_0
1100101010001011_1
1100101010001011_0
1100101010001011_1
1100101010001011_0
1100101010001011_1
1100101010001011_0
1100101010001011_1
1100101010001011_0
1100101010001011_1
1100101010001011_0
1100101010001011_1
1100101010001011_0
1100101010001011_1
1100101010001011_0
1100101010001011_1
1100101010001011_0
1100101010001011_1
1100101010001011_0
1100101010001011_1
1100101010001011_0
1100101010001011_1
1100101010001011_0
1100101010001011_1
0101001100010011_1
0101001100010011_1
0101001100010011_1
0101001100010011_1
0101001100010011_1
0101001100010011_1
0101001100010011_1
0101001100010011_1
0101001100010011_1
0101001100010011_1
0101001100010011_1
0101001100010011_1
0101001100010011_1
0101001100010011_1
0101001100010011_1
0101001100010011_1
0101001100010011_1
0101001100010011_1
0101001100010011_1
0101001100010011_1
1001100100101001_1
1001100100101001_1
1001100100101001_1
1001100100101001_1
1001100100101001_1
1001100100101001_1
1001100100101001_1
1001100100101001_1
1001100100101001_1
1001100100101001_1
1001100100101001_1
1001100100101001_1
1001100100101001_1
1001100100101001_1
1001100100101001_1
1001100100101001_1
1001100100101001_1
1001100100101001_1
1001100100101001_0
0101010000110010_1
1100101111101010_1
0101010000110010_0
1100101111101010_0
0101010000110010_1
1100101111101010_1
0101010000110010_0
1100101111101010_0
0101010000110010_1
1100101111101010_1
0101010000110010_0
1100101111101010_0
0101010000110010_1
1100101111101010_1
0101010000110010_0
1100101111101010_0
0101010000110010_1
1100101111101010_1
0101010000110010_0
1100101111101010_0
0101010000110010_1
1100101111101010_1
0101010000110010_0
1100101111101010_0
0101010000110010_1
1100101111101010_1
0101010000110010_0
1100101111101010_0
0101010000110010_1
1100101111101010_1
0101010000110010_0
1100101111101010_0
0101010000110010_1
1100101111101010_1
0101010000110010_0
1100101111101010_0
0101010000110010_1
1100101111101010_1
0101010000110010_0
1100101111101010_0
0101010000110010_1
1100101111101010_1
0101010000110010_0
1100101111101010_0
0101010000110010_1
1100101111101010_1
0101010000110010_0
1100101111101010_0
0101010000110010_1
1100101111101010_1
0101010000110010_0
1100101111101010_0
0101010000110010_1
1100101111101010_1
0101010000110010_0
1100101111101010_0
0101010000110010_1
1100101111101010_1
0101010000110010_0
1100101111101010_0
0101010000110010_1
1100101111101010_1
0101010000110010_0
1100101111101010_0
0101010000110010_1
1100101111101010_1
0101010000110010_0
1100101111101010_0
0101010000110010_1
1100101111101010_1
0101010000110010_0
1100101111101010_0
0101010000110010_1
1100101111101010_1
0101010000110010_0
1100101111101010_0
0101010000110010_1
1100101111101010_1
0101010000110010_0
1100101111101010_0
0101010000110010_1
1100101111101010_1
0101010000110010_0
1100101111101010_0
0101010000110010_1
1100101111101010_1
0101010000110010_0
1100101111101010_0
0101010000110010_1
1100101111101010_1
0101010000110010_0
1100101111101010_0
0101010000110010_1
1100101111101010_1
0101010000110010_0
1100101111101010_0
0101010000110010_1
1100101111101010_1
1101110010000011_0
1111000001010000_0
1101110010000011_1
1111000001010000_1
1101110010000011_0
1111000001010000_0
1101110010000011_1
1111000001010000_1
1101110010000011_0
1111000001010000_0
1101110010000011_1
1111000001010000_1
1101110010000011_0
1111000001010000_0
1101110010000011_1
1111000001010000_1
1101110010000011_0
1111000001010000_0
1101110010000011_1
1111000001010000_1
1101110010000011_0
1111000001010000_0
1101110010000011_1
1111000001010000_1
1101110010000011_0
1111000001010000_0
1101110010000011_1
1111000001010000_1
1101110010000011_0
1111000001010000_0
1101110010000011_1
1111000001010000_1
1101110010000011_0
1111000001010000_0
1101110010000011_1
1111000001010000_1
1101110010000011_0
1111000001010000_0
1101110010000011_1
1111000001010000_1
1101110010000011_0
1111000001010000_0
1101110010000011_1
1111000001010000_1
1101110010000011_0
1111000001010000_0
1101110010000011_1
1111000001010000_1
1101110010000011_0
1111000001010000_0
1101110010000011_1
1111000001010000_1
1101110010000011_0
1111000001010000_0
1101110010000011_1
1111000001010000_1
1101110010000011_0
1111000001010000_0
1101110010000011_1
1111000001010000_1
1101110010000011_0
1111000001010000_0
1101110010000011_1
1111000001010000_1
1101110010000011_0
1111000001010000_0
1101110010000011_1
1111000001010000_1
1101110010000011_0
1111000001010000_0
1101110010000011_1
1111000001010000_1
1101110010000011_0
1111000001010000_0
1101110010000011_1
1111000001010000_1
1101110010000011_0
1111000001010000_0
1101110010000011_1
1111000001010000_1
1101110010000011_0
1111000001010000_0
1101110010000011_1
1111000001010000_1
1101110010000011_0
1111000001010000_0
1111101010000111_1
1111101010000111_1
1111101010000111_0
1111101010000111_0
1111101010000111_0
1111101010000111_1
1111101010000111_1
1111101010000111_1
1111101010000111_0
1111101010000111_1
1111101010000111_1
1111101010000111_1
1111101010000111_1
1111101010000111_1
1111101010000111_1
1111101010000111_1
1111101010000111_1
1111101010000111_1
1110001101010000_1
1110001101010000_1
1110001101010000_1
1110001101010000_1
1110001101010000_1
1110001101010000_1
1110001101010000_1
1110001101010000_1
1110001101010000_1
1110001101010000_1
1110001101010000_1
1110001101010000_1
1110001101010000_1
1110001101010000_1
1110001101010000_1
1110001101010000_1
1110001101010000_1
1110001101010000_1
1110001101010000_0
1110000011110001_1
1110001101010000_1
1110001101010000_1
1110001101010000_1
1110001101010000_1
1110001101010000_1
1110001101010000_1
1110001101010000_1
1110001101010000_1
1110001101010000_1
1110001101010000_1
1110001101010000_1
1110001101010000_1
1110001101010000_1
1110001101010000_1
1110001101010000_1
1110001101010000_1
1110001101010000_1
1110001101010000_1
1110001101010000_0
1110000011110001_1
1110001101010000_1
1110001101010000_1
1110001101010000_1
1110001101010000_1
1110001101010000_1
1110001101010000_1
1110001101010000_1
1110001101010000_1
1110001101010000_1
1110001101010000_1
1110001101010000_1
1110001101010000_1
1110001101010000_1
1110001101010000_1
1110001101010000_1
1110001101010000_1
1110001101010000_1
1110001101010000_1
1110001101010000_0
1110000011110001_1
1110001101010000_1
1110001101010000_1
1110001101010000_1
1110001101010000_1
1110001101010000_1
1110001101010000_1
1110001101010000_1
1110001101010000_1
1110001101010000_1
1110001101010000_1
1110001101010000_1
1110001101010000_1
1110001101010000_1
1110001101010000_1
1110001101010000_1
1110001101010000_1
1110001101010000_1
1110001101010000_1
1110001101010000_0
1110000011110001_1
1110001101010000_1
1110001101010000_1
1110001101010000_1
1110001101010000_1
1110001101010000_1
1110001101010000_1
1110001101010000_1
1110001101010000_1
1110001101010000_1
1110001101010000_1
1110001101010000_1
1110001101010000_1
1110001101010000_1
1110001101010000_1
1110001101010000_1
1110001101010000_1
1110001101010000_1
1110001101010000_1
1110001101010000_0
1110000011110001_1
1110001101010000_1
1110001101010000_1
1110001101010000_1
1110001101010000_1
1110001101010000_1
1110001101010000_1
1110001101010000_1
1110001101010000_1
1110001101010000_1
1110001101010000_1
1110001101010000_1
1110001101010000_1
1110001101010000_1
1110001101010000_1
1110001101010000_1
1110001101010000_1
1110001101010000_1
1110001101010000_1
1110001101010000_0
1110000011110001_1
1110001101010000_1
1110001101010000_1
1110001101010000_1
1110001101010000_1
1110001101010000_1
1110001101010000_1
1110001101010000_1
1110001101010000_1
1110001101010000_1
1110001101010000_1
1110001101010000_1
1110001101010000_1
1110001101010000_1
1110001101010000_1
1110001101010000_1
1110001101010000_1
1110001101010000_1
1110001101010000_1
1110001101010000_0
1110000011110001_1
1110000011110001_0
1010110100111010_1
0100010001100000_1
0000100101101100_0
1011101110111101_1
0100110011110010_1
1010001110001010_1
1101001100000000_1
0000001010101100_0
0100001111101101_0
1011110011011111_0
1100110010000010_1
1100010101001110_0
1110000011100001_0
0111100010111110_1
0001001001101011_0
0010001000011111_1
1011111101011100_1
1111101011100000_1
1100000001110110_1
0110011101100100_1
0111011100010000_0
1111100000001111_1
0101101100111010_1
0011101100101100_0
1111000000110001_0
1101010000100011_1
0010010001000101_0
0011001101110011_1
1111110000000010_0
1111000101111111_0
1111010010110110_1
1000001111111111_0
1111111000110000_0
0001100110000000_0
0110011100100010_1
0100110100111011_0
1111010111101001_1
1110111111101010_0
0011011100110100_1
1000011011100010_0
1001000110001101_0
1001010100110010_0
1000000000010110_0
0100011000101000_0
1110101110100001_0
0100011000101000_1
1110101110100001_1
0100011000101000_0
1110101110100001_0
0100011000101000_1
1110101110100001_1
0100011000101000_0
1110101110100001_0
0100011000101000_1
1110101110100001_1
0100011000101000_0
1110101110100001_0
0100011000101000_1
1110101110100001_1
0100011000101000_0
1110101110100001_0
0100011000101000_1
1110101110100001_1
0100011000101000_0
1110101110100001_0
0100011000101000_1
1110101110100001_1
0100011000101000_0
1110101110100001_0
0100011000101000_1
1110101110100001_1
0100011000101000_0
1110101110100001_0
0100011000101000_1
1110101110100001_1
0100011000101000_0
1110101110100001_0
0100011000101000_1
1110101110100001_1
0100011000101000_0
1110101110100001_0
0100011000101000_1
1110101110100001_1
0100011000101000_0
1110101110100001_0
0100011000101000_1
1110101110100001_1
0100011000101000_0
1110101110100001_0
0100011000101000_1
1110101110100001_1
0100011000101000_0
1110101110100001_0
0100011000101000_1
1110101110100001_1
0100011000101000_0
1110101110100001_0
0100011000101000_1
1110101110100001_1
0100011000101000_0
1110101110100001_0
0100011000101000_1
1110101110100001_1
0100011000101000_0
1110101110100001_0
0100011000101000_1
1110101110100001_1
0100011000101000_0
1110101110100001_0
0100011000101000_1
1110101110100001_1
0100011000101000_0
1110101110100001_0
0100100000100011_1
0100100000100011_1
0100100000100011_1
0100100000100011_1
0100100000100011_1
0100100000100011_1
0100100000100011_1
0100100000100011_1
0100100000100011_1
0100100000100011_1
0100100000100011_1
0100100000100011_1
0100100000100011_1
0100100000100011_1
0100100000100011_1
0100100000100011_1
0100100000100011_1
0100100000100011_1
0100100000100011_0
1001111000101111_0
1001111000101111_1
1001111000101111_0
1001111000101111_1
1001111000101111_0
1001111000101111_1
1001111000101111_0
1001111000101111_1
1001111000101111_0
1001111000101111_1
1001111000101111_0
1001111000101111_1
1001111000101111_0
1001111000101111_1
1001111000101111_0
1001111000101111_1
1001111000101111_0
1001111000101111_1
1001111000101111_0
1001111000101111_1
1001111000101111_0
1001111000101111_1
1001111000101111_0
1001111000101111_1
1001111000101111_0
1001111000101111_1
1001111000101111_0
1001111000101111_1
1001111000101111_0
1001111000101111_1
1001111000101111_0
1001111000101111_1
1001111000101111_0
1001111000101111_1
1001111000101111_0
1001111000101111_1
1001111000101111_0
1001111000101111_1
1010001010000001_1
1010001010000001_1
1010001010000001_1
1010001010000001_1
1010001010000001_1
1010001010000001_1
1010001010000001_1
1010001010000001_1
1010001010000001_1
1010001010000001_1
1010001010000001_1
1010001010000001_1
1010001010000001_1
1010001010000001_1
1010001010000001_1
1010001010000001_1
1010001010000001_1
1010001010000001_1
1010001010000001_1
1010001010000001_1
1010001010000001_1
1010001010000001_1
1010001010000001_1
1010001010000001_1
1010001010000001_1
1010001010000001_1
1010001010000001_1
1010001010000001_1
1010001010000001_1
1010001010000001_1
1010001010000001_1
1010001010000001_1
1010001010000001_1
1010001010000001_1
1010001010000001_0
0111010111110001_1
0111010111110001_0
0111010111110001_0
0111010111110001_1
0111010111110001_1
0111010111110001_0
0111010111110001_1
0111010111110001_0
0111010111110001_1
0111010111110001_1
0111010111110001_1
0111010111110001_1
0111010111110001_1
0111010111110001_1
0111010111110001_0
0111010111110001_1
0111010111110001_0
0111010111110001_0
0111010111110001_1
1101100011011011_1
1101100011011011_1
1101100011011011_1
1101100011011011_1
1101100011011011_1
1101100011011011_1
1101100011011011_1
1101100011011011_0
1101100011011011_1
1101100011011011_1
0100000000000100_1
0100000000000100_1
0100000000000100_1
0100000000000100_1
0100000000000100_1
0100000000000100_1
0100000000000100_1
0100000000000100_1
0100000000000100_1
0100000000000100_1
0100000000000100_1
0100000000000100_1
0100000000000100_1
0100000000000100_1
0100000000000100_1
0100000000000100_1
0100000000000100_1
0100000000000100_1
0100000000000100_1
0100000000000100_1
0100000000000100_1
0100000000000100_1
0100000000000100_1
0100000000000100_1
0100000000000100_1
0100000000000100_1
0100000000000100_1
0100000000000100_1
0100000000000100_1
0100000000000100_1
0100000000000100_1
0100000000000100_1
0100000000000100_1
0100000000000100_1
0100000000000100_1
0100000000000100_1
0100000000000100_1
0100000000000100_1
0100000000000100_1
0100000000000100_0
1111001010010010_0
1111001010010010_1
1111001010010010_1
1111001010010010_1
1111001010010010_1
1111001010010010_1
1111001010010010_1
1111001010010010_0
1111001010010010_1
1111001010010010_1
1111001010010010_1
1111001010010010_1
1111001010010010_0
1111001010010010_0
1111001010010010_0
1111001010010010_0
1111001010010010_1
1111001010010010_1
1111001010010010_1
0100010010101011_1
0100010010101011_1
0100010010101011_1
0100010010101011_0
0000001001101110_1
0100010010101011_1
0100010010101011_1
0100010010101011_1
0100010010101011_0
0000001001101110_1
0000001001101110_0
0101100111011100_1
0101100111011100_0
0101100111011100_1
0101100111011100_0
0101100111011100_1
0101100111011100_0
0101100111011100_0
0101100111011100_1
0101100111011100_1
0101100111011100_0
0101100111011100_0
0101100111011100_1
0101100111011100_1
0010100010110100_1
0010100010110100_1
0010100010110100_1
0010100010110100_1
0010100010110100_1
0010100010110100_1
0010100010110100_1
0010100010110100_1
0010100010110100_1
0010100010110100_1
0010100010110100_1
0010100010110100_1
0010100010110100_0
0001100101100111_1
0010100010110100_1
0010100010110100_1
0010100010110100_1
0010100010110100_1
0010100010110100_1
0010100010110100_1
0010100010110100_1
0010100010110100_1
0010100010110100_1
0010100010110100_1
0010100010110100_1
0010100010110100_1
0010100010110100_0
0001100101100111_1
0010100010110100_1
0010100010110100_1
0010100010110100_1
0010100010110100_1
0010100010110100_1
0010100010110100_1
0010100010110100_1
0010100010110100_1
0010100010110100_1
0010100010110100_1
0010100010110100_1
0010100010110100_1
0010100010110100_0
0001100101100111_1
0001100101100111_0
1100110001000001_1
1111001111101111_0
0111101000101101_0
1110011100010011_0
1011110010101110_1
1110110101011110_1
1101100010000001_0
0001101011010101_1
1111001001011011_0
0100110011111111_0
1000010110101010_1
1111111100110001_1
0010111101110101_1
0011101010010110_1
0100001011110010_0
0111001001011001_1
1111111111000110_0
1011011000001000_1
1000000111011101_0
1001101000100010_1
0111111011111001_1
0010010001110100_0
0000110101011010_1
1010110010000000_1
1000011010111111_1
0101001000000101_1
1011101011100000_0
0010110110101001_1
0011010011011011_0
0110111100101000_1
0001000000011010_1
1111101001011011_1
1101011110001100_1
0000100100011011_1
1110110110110110_0
1111100110110111_1
0000000100011010_1
1011010100010101_0
0010110000111001_0
1111001110001100_1
0111111111100000_0
0010110010110000_1
0000111110110000_1
1100001100001110_0
0001011000101011_0
1100010000011000_1
0100101100100011_1
0100101100100011_1
0100101100100011_1
0100101100100011_1
0100101100100011_1
0100101100100011_1
0100101100100011_1
0100101100100011_0
0011111110110110_0
0011111110110110_1
0011111110110110_0
0011111110110110_1
0011111110110110_0
0011111110110110_1
0011111110110110_0
0011111110110110_1
0011111110110110_0
0011111110110110_1
0011111110110110_0
0011111110110110_1
0011111110110110_0
0011111110110110_1
0011111110110110_0
0011111110110110_1
0011111110110110_0
0011111110110110_1
0011111110110110_0
0011111110110110_1
0011111110110110_0
0011111110110110_1
0011111110110110_0
0011111110110110_1
0011111110110110_0
0010110011010110_1
0010110011010110_1
0010110011010110_1
0010110011010110_1
0010110011010110_1
0010110011010110_1
0010110011010110_1
0010110011010110_1
0010110011010110_1
0010110011010110_1
0010110011010110_1
0010110011010110_1
0010110011010110_1
0010110011010110_1
0010110011010110_1
0010110011010110_1
0010110011010110_1
0010110011010110_0
0110001010010000_1
0010110011010110_1
0010110011010110_1
0010110011010110_1
0010110011010110_1
0010110011010110_1
0010110011010110_1
0010110011010110_1
0010110011010110_1
0010110011010110_1
0010110011010110_1
0010110011010110_1
0010110011010110_1
0010110011010110_1
0010110011010110_1
0010110011010110_1
0010110011010110_1
0010110011010110_1
0010110011010110_0
0110001010010000_1
0010110011010110_1
0010110011010110_1
0010110011010110_1
0010110011010110_1
0010110011010110_1
0010110011010110_1
0010110011010110_1
0010110011010110_1
0010110011010110_1
0010110011010110_1
0010110011010110_1
0010110011010110_1
0010110011010110_1
0010110011010110_1
0010110011010110_1
0010110011010110_1
0010110011010110_1
0010110011010110_0
0110001010010000_1
0010110011010110_1
0010110011010110_1
0010110011010110_1
0010110011010110_1
0010110011010110_1
0010110011010110_1
0010110011010110_1
0010110011010110_1
0010110011010110_1
0010110011010110_1
0010110011010110_1
0010110011010110_1
0010110011010110_1
0010110011010110_1
0010110011010110_1
0010110011010110_1
0010110011010110_1
0010110011010110_0
0110001010010000_1
0010110011010110_1
0010110011010110_1
0010110011010110_1
0010110011010110_1
0010110011010110_1
0010110011010110_1
0010110011010110_1
0010110011010110_1
0010110011010110_1
0010110011010110_1
0010110011010110_1
0010110011010110_1
0010110011010110_1
0010110011010110_1
0010110011010110_1
0010110011010110_1
0010110011010110_1
0010110011010110_0
0110001010010000_1
0010110011010110_1
0010110011010110_1
0010110011010110_1
0010110011010110_1
0010110011010110_1
0010110011010110_1
0010110011010110_1
0010110011010110_1
0010110011010110_1
0010110011010110_1
0010110011010110_1
0010110011010110_1
0010110011010110_1
0010110011010110_1
0010110011010110_1
0010110011010110_1
0010110011010110_1
0010110011010110_0
0110001010010000_1
0110001010010000_0
1010111011001110_1
1010111011001110_1
1010111011001110_1
1010111011001110_1
1010111011001110_1
1010111011001110_1
1010111011001110_1
1010111011001110_1
1010111011001110_1
1010111011001110_1
1010111011001110_1
1010111011001110_1
1010111011001110_1
1010111011001110_1
1010111011001110_1
1010111011001110_1
1010111011001110_1
1010111011001110_1
1010111011001110_1
1010111011001110_1
1011011111011100_1
1011011111011100_1
1011011111011100_1
1011011111011100_1
1011011111011100_1
1011011111011100_1
1011011111011100_0
0101110101100100_1
1011011111011100_1
1011011111011100_1
1011011111011100_1
1011011111011100_1
1011011111011100_1
1011011111011100_1
1011011111011100_0
0101110101100100_1
0101110101100100_0
1110000110000010_1
1110000110000010_1
1110000110000010_1
1110000110000010_0
1110000110000010_0
1110000110000010_1
1110000110000010_0
1110000110000010_0
0100100011101101_0
0011010111110100_0
0100100011101101_1
0011010111110100_1
0100100011101101_0
0011010111110100_0
0100100011101101_1
0011010111110100_1
0100100011101101_0
0011010111110100_0
0100100011101101_1
0011010111110100_1
0100100011101101_0
0011010111110100_0
0100100011101101_1
0011010111110100_1
0100100011101101_0
0011010111110100_0
0100100011101101_1
0011010111110100_1
0100100011101101_0
0011010111110100_0
0100100011101101_1
0011010111110100_1
0100100011101101_0
0011010111110100_0
0100100011101101_1
0011010111110100_1
0100100011101101_0
0011010111110100_0
0100100011101101_1
0011010111110100_1
0100100011101101_0
0011010111110100_0
0100100011101101_1
0011010111110100_1
0100100011101101_0
0011010111110100_0
0100100011101101_1
0011010111110100_1
0100100011101101_0
0011010111110100_0
0100100011101101_1
0011010111110100_1
0100100011101101_0
0011010111110100_0
0100100011101101_1
0011010111110100_1
0100100011101101_0
0011010111110100_0
0100100011101101_1
0011010111110100_1
0100100011101101_0
0011010111110100_0
0100100011101101_1
0011010111110100_1
0100100011101101_0
0011010111110100_0
0100100011101101_1
0011010111110100_1
0100100011101101_0
0011010111110100_0
0100100011101101_1
0011010111110100_1
0100100011101101_0
0011010111110100_0
0100100011101101_1
0011010111110100_1
0100100011101101_0
0011010111110100_0
0100100011101101_1
0011010111110100_1
0100100011101101_0
0011010111110100_0
0100100011101101_1
0011010111110100_1
0100100011101101_0
0011010111110100_0
0100100011101101_1
0011010111110100_1
0100100011101101_0
0011010111110100_0
0100100011101101_1
0011010111110100_1
0100100011101101_0
0011010111110100_0
0100100011101101_1
0011010111110100_1
0100100011101101_0
0011010111110100_0
1011100001100010_1
1011100001100010_1
1011100001100010_1
1011100001100010_1
1011100001100010_1
1011100001100010_1
1011100001100010_1
1011100001100010_1
1011100001100010_1
1011100001100010_1
1011100001100010_1
1011100001100010_1
1011100001100010_1
1011100001100010_1
1011100001100010_1
1011100001100010_1
1011100001100010_1
1011100001100010_1
1011100001100010_1
1011100001100010_1
0010100110011100_0
0010100110011100_0
0010100110011100_0
0010100110011100_0
0010100110011100_0
0010100110011100_0
0010100110011100_0
0010100110011100_0
0010100110011100_0
0010100110011100_0
0010100110011100_0
0010100110011100_0
0010100110011100_0
0010100110011100_0
0010100110011100_0
0010100110011100_0
0010100110011100_0
0010100110011100_0
0010100110011100_0
0010100110011100_0
0101100010110000_0
0101100010110000_1
0101100010110000_0
0101100010110000_1
0101100010110000_0
0101100010110000_1
0101100010110000_0
0101100010110000_1
0101100010110000_0
0101100010110000_1
0101100010110000_0
0101100010110000_1
0101100010110000_0
0101100010110000_1
0101100010110000_0
0101100010110000_1
0101100010110000_0
0101100010110000_1
0101100010110000_0
0101100010110000_1
0101100010110000_0
0101100010110000_1
0101100010110000_0
0101100010110000_1
0101100010110000_0
0101100010110000_1
0101100010110000_0
0101100010110000_1
0101100010110000_0
0101100010110000_1
0101100010110000_0
0101100010110000_1
0101100010110000_0
0101100010110000_1
0101100010110000_0
0101100010110000_1
0101100010110000_0
0101100010110000_1
0101100010110000_0
0101100010110000_1
0101100010110000_0
0101100010110000_1
0101100010110000_0
0101100010110000_1
0101100010110000_0
0101100010110000_1
0101100010110000_0
0101100010110000_1
0101100010110000_0
0101100010110000_1
0101100010110000_0
0101100010110000_1
0101100010110000_0
0101100010110000_1
1010011100100101_1
1010011100100101_1
1010011100100101_1
1010011100100101_1
1010011100100101_1
1010011100100101_1
1010011100100101_1
1010011100100101_1
1010011100100101_1
1010011100100101_1
1010011100100101_1
1010011100100101_1
1010011100100101_0
1111110000110001_1
1010011100100101_1
1010011100100101_1
1010011100100101_1
1010011100100101_1
1010011100100101_1
1010011100100101_1
1010011100100101_1
1010011100100101_1
1010011100100101_1
1010011100100101_1
1010011100100101_1
1010011100100101_1
1010011100100101_0
1111110000110001_1
1010011100100101_1
1010011100100101_1
1010011100100101_1
1010011100100101_1
1010011100100101_1
1010011100100101_1
1010011100100101_1
1010011100100101_1
1010011100100101_1
1010011100100101_1
1010011100100101_1
1010011100100101_1
1010011100100101_0
1111110000110001_1
1010011100100101_1
1010011100100101_1
1010011100100101_1
1010011100100101_1
1010011100100101_1
1010011100100101_1
1010011100100101_1
1010011100100101_1
1010011100100101_1
1010011100100101_1
1010011100100101_1
1010011100100101_1
1010011100100101_0
1111110000110001_1
1010011100100101_1
1010011100100101_1
1010011100100101_1
1010011100100101_1
1010011100100101_1
1010011100100101_1
1010011100100101_1
1010011100100101_1
1010011100100101_1
1010011100100101_1
1010011100100101_1
1010011100100101_1
1010011100100101_0
1111110000110001_1
1010011100100101_1
1010011100100101_1
1010011100100101_1
1010011100100101_1
1010011100100101_1
1010011100100101_1
1010011100100101_1
1010011100100101_1
1010011100100101_1
1010011100100101_1
1010011100100101_1
1010011100100101_1
1010011100100101_0
1111110000110001_1
1111110000110001_0
1110101110010010_1
1000110100010110_1
1110101110010010_0
1000110100010110_0
1110101110010010_1
1000110100010110_1
1110101110010010_0
1000110100010110_0
1110101110010010_1
1000110100010110_1
1110101110010010_0
1000110100010110_0
1110101110010010_1
1000110100010110_1
1110101110010010_0
1000110100010110_0
1110101110010010_1
1000110100010110_1
1110101110010010_0
1000110100010110_0
1110101110010010_1
1000110100010110_1
1110101110010010_0
1000110100010110_0
1110101110010010_1
1000110100010110_1
1110101110010010_0
1000110100010110_0
1110101110010010_1
1000110100010110_1
1110101110010010_0
1000110100010110_0
1110101110010010_1
1000110100010110_1
1110101110010010_0
1000110100010110_0
1110101110010010_1
1000110100010110_1
1110101110010010_0
1000110100010110_0
1110101110010010_1
1000110100010110_1
1110101110010010_0
1000110100010110_0
1110101110010010_1
1000110100010110_1
1110101110010010_0
1000110100010110_0
1110101110010010_1
1000110100010110_1
1110101110010010_0
1000110100010110_0
1110101110010010_1
1000110100010110_1
1110101110010010_0
1000110100010110_0
1110101110010010_1
1000110100010110_1
0101001000010000_1
0101000011010001_1
0101001000010000_0
0101000011010001_0
0101001000010000_1
0101000011010001_1
0101001000010000_0
0101000011010001_0
0101001000010000_1
0101000011010001_1
0101001000010000_0
0101000011010001_0
0101001000010000_1
0101000011010001_1
0101001000010000_0
0101000011010001_0
0101001000010000_1
0101000011010001_1
0101001000010000_0
0101000011010001_0
0101001000010000_1
0101000011010001_1
0101001000010000_0
0101000011010001_0
0101001000010000_1
0101000011010001_1
0101001000010000_0
0101000011010001_0
0101001000010000_1
0101000011010001_1
0101001000010000_0
0101000011010001_0
0101001000010000_1
0101000011010001_1
0101001000010000_0
0101000011010001_0
0101001000010000_1
0101000011010001_1
0101001000010000_0
0101000011010001_0
0101001000010000_1
0101000011010001_1
0101001000010000_0
0101000011010001_0
0101001000010000_1
0101000011010001_1
0101001000010000_0
0101000011010001_0
0101001000010000_1
0101000011010001_1
0101001000010000_0
0101000011010001_0
0101001000010000_1
0101000011010001_1
0101001000010000_0
0101000011010001_0
0101001000010000_1
0101000011010001_1
0101001000010000_0
0101000011010001_0
0101001000010000_1
0101000011010001_1
0101001000010000_0
0101000011010001_0
0101001000010000_1
0101000011010001_1
0101001000010000_0
0101000011010001_0
0101001000010000_1
0101000011010001_1
1100001000000000_0
1100001000000000_1
1100001000000000_0
1100001000000000_1
1100001000000000_0
1100001000000000_1
1100001000000000_0
1100001000000000_1
1100001000000000_0
1100001000000000_1
1100001000000000_0
1100001000000000_1
1100001000000000_0
1100001000000000_1
1100001000000000_0
1100001000000000_1
1100001000000000_0
1100001000000000_1
1100001000000000_0
1100001000000000_1
1100001000000000_0
1100001000000000_1
1100001000000000_0
1100001000000000_1
0001111001100111_1
1001110001111110_0
0010101111101111_0
1111100011110011_0
1010010000110101_0
1101101101011100_1
0110101001111110_0
0010010110010111_1
0100000111111110_1
1001010111011111_0
1110111000101010_1
0100000111010000_1
0000101101101001_1
1100001111101010_0
1000001101011100_0
1011110100111100_0
1111101001011010_0
1001000011100010_1
0011101001001000_0
1000100011101000_1
0111001000110000_1
0000010111011110_1
1011110100011111_1
0010011101101110_1
1111101011001101_1
1110011000001000_0
0001101100011011_1
0010010100010101_0
0001111110010010_1
1000010001110111_0
0001111100111000_1
0000101110010110_1
1000110110011011_0
0011010101101010_0
1011011111110001_1
0010011000101010_0
1110110101100011_0
1011101001000111_1
0001101011110111_0
0010001100111101_0
1101100110111011_1
1101100110111011_1
1101100110111011_1
1101100110111011_1
1101100110111011_1
1101100110111011_1
1101100110111011_1
1101100110111011_1
1101100110111011_1
1101100110111011_1
1101100110111011_1
1101100110111011_1
1101100110111011_1
1101100110111011_1
1101100110111011_1
1101100110111011_1
1101100110111011_1
1101100110111011_1
1101100110111011_1
1101100110111011_1
1011110101001011_1
1010011100110101_0
0000010001110101_0
1111110000000000_0
0110000001111000_1
1111001000001011_0
0110001111011011_0
0001111110000001_1
0101000010011011_0
1011110101010111_0
1011010100011111_0
1110111100010111_0
1010110100111110_0
1010011010011110_1
0110011001100000_1
1111011001111010_0
0001101011101010_0
1110110100001001_1
0010011110001011_0
1011011110100101_1
1011101100010001_0
0110101111010110_1
1110101110011010_1
1111010100000101_0
0110100101100100_0
0010101110110011_1
1101110100111010_0
0001111000111111_1
0100011001101000_0
0100101011001000_1
1101011111010010_0
1110110100010000_1
1101011000101010_1
1100111000000100_1
0001111101011000_0
0100001111011111_1
0110001100000000_1
0001010000111001_1
1011101010001011_0
1001100110101001_1
0110110111111001_1
0011110110100111_1
1111101111010101_1
1010100100010111_1
0111001010001000_1
1011010101000011_1
1101011111111100_0
1001011101110010_0
0100101100011100_0
0100101100011100_0
0100101100011100_0
0100101100011100_0
0100101100011100_0
0100101100011100_0
0100101100011100_0
0100101100011100_0
0100101100011100_0
0100101100011100_0
0100101100011100_0
0100101100011100_0
0100101100011100_0
0100101100011100_0
0100101100011100_0
0100101100011100_0
0100101100011100_0
0100101100011100_0
0100101100011100_0
0100101100011100_0
0101111000011111_0
0101111000011111_1
0101111000011111_0
0101111000011111_1
0101111000011111_0
0101111000011111_1
0101111000011111_0
0101111000011111_1
0101111000011111_0
0101111000011111_1
0101111000011111_0
0101111000011111_1
0101111000011111_0
0101111000011111_1
0101111000011111_0
0101111000011111_1
0101111000011111_0
0101111000011111_1
0101111000011111_0
0101111000011111_1
0101111000011111_0
0101111000011111_1
0101111000011111_0
0101111000011111_1
0101111000011111_0
0101111000011111_1
0101111000011111_0
0101111000011111_1
0101111000011111_0
0101111000011111_1
0101111000011111_0
0101111000011111_1
0101111000011111_0
0101111000011111_1
0101111000011111_0
0101111000011111_1
0101111000011111_0
0101111000011111_1
0101111000011111_0
0101111000011111_1
0101111000011111_0
0101111000011111_1
0101111000011111_0
0101111000011111_1
0101111000011111_0
0101111000011111_1
0101111000011111_0
0101111000011111_1
0101111000011111_0
0101111000011111_1
0101111000011111_0
0101111000011111_1
0101111000011111_0
0101111000011111_1
0101111000011111_0
0101111000011111_1
0101111000011111_0
0101111000011111_1
0101111000011111_0
0111011110110111_1
0111011110110111_1
0111011110110111_1
0111011110110111_1
0111011110110111_1
0111011110110111_1
0111011110110111_1
0111011110110111_1
0111011110110111_1
0111011110110111_1
0111011110110111_0
1010111010000100_1
0111011110110111_1
0111011110110111_1
0111011110110111_1
0111011110110111_1
0111011110110111_1
0111011110110111_1
0111011110110111_1
0111011110110111_1
0111011110110111_1
0111011110110111_1
0111011110110111_0
1010111010000100_1
0111011110110111_1
0111011110110111_1
0111011110110111_1
0111011110110111_1
0111011110110111_1
0111011110110111_1
0111011110110111_1
0111011110110111_1
0111011110110111_1
0111011110110111_1
0111011110110111_0
1010111010000100_1
0111011110110111_1
0111011110110111_1
0111011110110111_1
0111011110110111_1
0111011110110111_1
0111011110110111_1
0111011110110111_1
0111011110110111_1
0111011110110111_1
0111011110110111_1
0111011110110111_0
1010111010000100_1
0111011110110111_1
0111011110110111_1
0111011110110111_1
0111011110110111_1
0111011110110111_1
0111011110110111_1
0111011110110111_1
0111011110110111_1
0111011110110111_1
0111011110110111_1
0111011110110111_0
1010111010000100_1
1010111010000100_0
0100100111101110_1
0100100111101110_1
0100100111101110_1
0100100111101110_1
0100100111101110_1
0100100111101110_0
1110110100100111_1
0100100111101110_1
0100100111101110_1
0100100111101110_1
0100100111101110_1
0100100111101110_1
0100100111101110_0
1110110100100111_1
0100100111101110_1
0100100111101110_1
0100100111101110_1
0100100111101110_1
0100100111101110_1
0100100111101110_0
1110110100100111_1
0100100111101110_1
0100100111101110_1
0100100111101110_1
0100100111101110_1
0100100111101110_1
0100100111101110_0
1110110100100111_1
0100100111101110_1
0100100111101110_1
0100100111101110_1
0100100111101110_1
0100100111101110_1
0100100111101110_0
1110110100100111_1
0100100111101110_1
0100100111101110_1
0100100111101110_1
0100100111101110_1
0100100111101110_1
0100100111101110_0
1110110100100111_1
1110110100100111_0
1111110010001000_0
1111110010001000_0
1111110010001000_0
1111110010001000_0
1111110010001000_1
1111110010001000_1
1111110010001000_1
1111110010001000_1
1111110010001000_0
1111110010001000_1
1111110010001000_0
1111110010001000_0
1111110010001000_1
1111110010001000_0
1111110010001000_1
1111110010001000_0
1111110010001000_1
1111110010001000_1
1111110010001000_0
0101010100100111_0
0101010100100111_0
0101010100100111_0
0101010100100111_0
0101010100100111_0
0101010100100111_0
0101010100100111_0
0101010100100111_0
0101010100100111_0
0101010100100111_0
0101010100100111_0
0101010100100111_0
0101010100100111_0
0101010100100111_0
0101010100100111_0
0101010100100111_0
0101010100100111_0
0101010100100111_0
0101010100100111_0
0101010100100111_0
0000110010010000_1
0000110010010000_1
0000110010010000_1
0000110010010000_1
0000110010010000_1
0000110010010000_1
0000110010010000_1
0000110010010000_1
0000110010010000_1
0000110010010000_1
0000110010010000_1
0000110010010000_1
0000110010010000_1
0000110010010000_1
0000110010010000_1
0000110010010000_1
0000110010010000_1
0000110010010000_1
0000110010010000_1
0000110010010000_1
1011111111100000_1
1011111111100000_1
1011111111100000_1
1011111111100000_1
1011111111100000_1
1011111111100000_1
1011111111100000_1
1011111111100000_1
1011111111100000_1
1011111111100000_1
1011111111100000_1
1011111111100000_0
0110001001000111_1
1011111111100000_1
1011111111100000_1
1011111111100000_1
1011111111100000_1
1011111111100000_1
1011111111100000_1
1011111111100000_1
1011111111100000_1
1011111111100000_1
1011111111100000_1
1011111111100000_1
1011111111100000_0
0110001001000111_1
1011111111100000_1
1011111111100000_1
1011111111100000_1
1011111111100000_1
1011111111100000_1
1011111111100000_1
1011111111100000_1
1011111111100000_1
1011111111100000_1
1011111111100000_1
1011111111100000_1
1011111111100000_0
0110001001000111_1
1011111111100000_1
1011111111100000_1
1011111111100000_1
1011111111100000_1
1011111111100000_1
1011111111100000_1
1011111111100000_1
1011111111100000_1
1011111111100000_1
1011111111100000_1
1011111111100000_1
1011111111100000_0
0110001001000111_1
1011111111100000_1
1011111111100000_1
1011111111100000_1
1011111111100000_1
1011111111100000_1
1011111111100000_1
1011111111100000_1
1011111111100000_1
1011111111100000_1
1011111111100000_1
1011111111100000_1
1011111111100000_0
0110001001000111_1
1011111111100000_1
1011111111100000_1
1011111111100000_1
1011111111100000_1
1011111111100000_1
1011111111100000_1
1011111111100000_1
1011111111100000_1
1011111111100000_1
1011111111100000_1
1011111111100000_1
1011111111100000_0
0110001001000111_1
0110001001000111_0
1101111101100101_0
1101111101100101_1
1101111101100101_0
1101111101100101_1
1101111101100101_0
1101111101100101_1
1101111101100101_0
1101111101100101_1
1101111101100101_0
1101111101100101_1
1101111101100101_0
1101111101100101_1
1101111101100101_0
1101111101100101_1
1101111101100101_0
1101111101100101_1
1101111101100101_0
1101111101100101_1
1101111101100101_0
1101111101100101_1
1101111101100101_0
1101111101100101_1
1101111101100101_0
1101111101100101_1
1101111101100101_0
1101111101100101_1
1101111101100101_0
1101111101100101_1
0100101010011110_1
0100101010011110_1
0100101010011110_1
0100101010011110_1
0100101010011110_1
0100101010011110_1
0100101010011110_1
0100101010011110_1
0100101010011110_1
0100101010011110_1
0100101010011110_1
0100101010011110_1
0100101010011110_1
0100101010011110_1
0100101010011110_1
0100101010011110_1
0100101010011110_1
0100101010011110_1
0100101010011110_1
0100101010011110_1
1000110010101110_0
1000110010101110_0
1000110010101110_0
1000110010101110_0
1000110010101110_0
1000110010101110_0
1000110010101110_0
1000110010101110_0
1000110010101110_0
1000110010101110_0
1000110010101110_0
1000110010101110_0
1000110010101110_0
1000110010101110_0
1000110010101110_0
1000110010101110_0
1000110010101110_0
1000110010101110_0
1000110010101110_0
1000110010101110_0
0011111001100111_1
1000111111100110_1
0011111001100111_0
1000111111100110_0
0011111001100111_1
1000111111100110_1
0011111001100111_0
1000111111100110_0
0011111001100111_1
1000111111100110_1
0011111001100111_0
1000111111100110_0
0011111001100111_1
1000111111100110_1
0011111001100111_0
1000111111100110_0
0011111001100111_1
1000111111100110_1
0011111001100111_0
1000111111100110_0
0011111001100111_1
1000111111100110_1
0011111001100111_0
1000111111100110_0
0011111001100111_1
1000111111100110_1
0011111001100111_0
1000111111100110_0
0011111001100111_1
1000111111100110_1
0011111001100111_0
1000111111100110_0
0011111001100111_1
1000111111100110_1
0011111001100111_0
1000111111100110_0
0011111001100111_1
1000111111100110_1
0011111001100111_0
1000111111100110_0
0011111001100111_1
1000111111100110_1
0011111001100111_0
1000111111100110_0
0011111001100111_1
1000111111100110_1
0011111001100111_0
1000111111100110_0
0011111001100111_1
1000111111100110_1
0011111001100111_0
1000111111100110_0
0011111001100111_1
1000111111100110_1
0011111001100111_0
1000111111100110_0
0011111001100111_1
1000111111100110_1
0011111001100111_0
1000111111100110_0
0011111001100111_1
1000111111100110_1
0011111001100111_0
1000111111100110_0
0011111001100111_1
1000111111100110_1
0011111001100111_0
1000111111100110_0
0011111001100111_1
1000111111100110_1
0011111001100111_0
1000111111100110_0
0011111001100111_1
1000111111100110_1
0011111001100111_0
1000111111100110_0
1000110110111011_0
0010011000001101_0
0100111111010101_1
0001110100001010_0
0100111111100000_1
0110100000000011_1
0101111011101011_1
0110001101001001_0
0111011011011101_0
0100011011010010_0
0010101000001111_1
1011011110011001_0
1111001000101001_1
1100100001000110_0
1101011100110100_0
1100010111001011_1
0001011011110110_1
0101111111000100_1
0001101110100100_0
0001000100000000_0
0101001101001100_0
1100011100001111_0
0101010000001110_0
0011100110101000_1
0101101001100100_0
1101000110111100_1
0001010110000000_0
1111001110101100_0
0110111011111101_0
1100111111101010_0
1110110101111011_0
0001010111001101_1
0101100011101110_1
1111011010010011_0
1101101010000011_1
1110111111111000_0
1100101101100100_1
0111101000000100_1
1111110010101010_0
0011110000001011_0
1010110100101000_0
1111100010110110_1
1100101001010110_1
1101110101001111_0
0001000001001000_0
0111101101000000_1
0100000101001100_1
0100000101001100_0
0100000101001100_0
0100000101001100_0
0100000101001100_0
0100000101001100_1
0100000101001100_0
0100000101001100_0
0100000101001100_1
0100000101001100_0
0100000101001100_0
0100000101001100_0
1110001010111001_1
1110001010111001_1
1110001010111001_1
1110001010111001_1
1110001010111001_1
1110001010111001_0
1110001010111001_0
1110111100001111_1
1110111100001111_1
1110111100001111_1
1110111100001111_1
1110111100001111_1
1110111100001111_1
1110111100001111_1
1110111100001111_1
1110111100001111_1
1110111100001111_1
1110111100001111_1
1110111100001111_1
1110111100001111_1
1110111100001111_1
1110111100001111_1
1110111100001111_1
1110111100001111_1
1110111100001111_1
1110111100001111_0
1011100110011111_1
1110111100001111_1
1110111100001111_1
1110111100001111_1
1110111100001111_1
1110111100001111_1
1110111100001111_1
1110111100001111_1
1110111100001111_1
1110111100001111_1
1110111100001111_1
1110111100001111_1
1110111100001111_1
1110111100001111_1
1110111100001111_1
1110111100001111_1
1110111100001111_1
1110111100001111_1
1110111100001111_1
1110111100001111_0
1011100110011111_1
1110111100001111_1
1110111100001111_1
1110111100001111_1
1110111100001111_1
1110111100001111_1
1110111100001111_1
1110111100001111_1
1110111100001111_1
1110111100001111_1
1110111100001111_1
1110111100001111_1
1110111100001111_1
1110111100001111_1
1110111100001111_1
1110111100001111_1
1110111100001111_1
1110111100001111_1
1110111100001111_1
1110111100001111_0
1011100110011111_1
1110111100001111_1
1110111100001111_1
1110111100001111_1
1110111100001111_1
1110111100001111_1
1110111100001111_1
1110111100001111_1
1110111100001111_1
1110111100001111_1
1110111100001111_1
1110111100001111_1
1110111100001111_1
1110111100001111_1
1110111100001111_1
1110111100001111_1
1110111100001111_1
1110111100001111_1
1110111100001111_1
1110111100001111_0
1011100110011111_1
1110111100001111_1
1110111100001111_1
1110111100001111_1
1110111100001111_1
1110111100001111_1
1110111100001111_1
1110111100001111_1
1110111100001111_1
1110111100001111_1
1110111100001111_1
1110111100001111_1
1110111100001111_1
1110111100001111_1
1110111100001111_1
1110111100001111_1
1110111100001111_1
1110111100001111_1
1110111100001111_1
1110111100001111_0
1011100110011111_1
1011100110011111_0
0101111110011000_1
0101111110011000_1
0101111110011000_1
0101111110011000_1
0101111110011000_1
0101111110011000_1
0101111110011000_1
0101111110011000_1
0101111110011000_1
0101111110011000_1
0101111110011000_1
0101111110011000_1
0101111110011000_1
0101111110011000_0
1111000001001010_1
0101111110011000_1
0101111110011000_1
0101111110011000_1
0101111110011000_1
0101111110011000_1
0101111110011000_1
0101111110011000_1
0101111110011000_1
0101111110011000_1
0101111110011000_1
0101111110011000_1
0101111110011000_1
0101111110011000_1
0101111110011000_0
1111000001001010_1
0101111110011000_1
0101111110011000_1
0101111110011000_1
0101111110011000_1
0101111110011000_1
0101111110011000_1
0101111110011000_1
0101111110011000_1
0101111110011000_1
0101111110011000_1
0101111110011000_1
0101111110011000_1
0101111110011000_1
0101111110011000_0
1111000001001010_1
0101111110011000_1
0101111110011000_1
0101111110011000_1
0101111110011000_1
0101111110011000_1
0101111110011000_1
0101111110011000_1
0101111110011000_1
0101111110011000_1
0101111110011000_1
0101111110011000_1
0101111110011000_1
0101111110011000_1
0101111110011000_0
1111000001001010_1
0101111110011000_1
0101111110011000_1
0101111110011000_1
0101111110011000_1
0101111110011000_1
0101111110011000_1
0101111110011000_1
0101111110011000_1
0101111110011000_1
0101111110011000_1
0101111110011000_1
0101111110011000_1
0101111110011000_1
0101111110011000_0
1111000001001010_1
1111000001001010_0
1110010111001010_1
1101010001110010_1
1110010111001010_0
1101010001110010_0
1110010111001010_1
1101010001110010_1
1110010111001010_0
1101010001110010_0
1110010111001010_1
1101010001110010_1
1110010111001010_0
1101010001110010_0
1110010111001010_1
1101010001110010_1
1110010111001010_0
1101010001110010_0
1110010111001010_1
1101010001110010_1
1110010111001010_0
1101010001110010_0
1110010111001010_1
1101010001110010_1
1110010111001010_0
1101010001110010_0
1110010111001010_1
1101010001110010_1
1110010111001010_0
1101010001110010_0
1110010111001010_1
1101010001110010_1
1110010111001010_0
1101010001110010_0
1110010111001010_1
1101010001110010_1
1110010111001010_0
1101010001110010_0
1110010111001010_1
1101010001110010_1
1110010111001010_0
1101010001110010_0
1110010111001010_1
1101010001110010_1
1110010111001010_0
1101010001110010_0
1110010111001010_1
1101010001110010_1
1110010111001010_0
1101010001110010_0
1110010111001010_1
1101010001110010_1
1110010111001010_0
1101010001110010_0
1110010111001010_1
1101010001110010_1
1110010111001010_0
1101010001110010_0
1110010111001010_1
1101010001110010_1
1110010111001010_0
1101010001110010_0
1110010111001010_1
1101010001110010_1
1110010111001010_0
1101010001110010_0
1110010111001010_1
1101010001110010_1
1110010111001010_0
1101010001110010_0
1110010111001010_1
1101010001110010_1
1110010111001010_0
1101010001110010_0
1110010111001010_1
1101010001110010_1
1110010111001010_0
1101010001110010_0
1110010111001010_1
1101010001110010_1
1110010111001010_0
1101010001110010_0
1110010111001010_1
1101010001110010_1
1110010111001010_0
1101010001110010_0
1110010111001010_1
1101010001110010_1
1110010111001010_0
1101010001110010_0
1110010111001010_1
1101010001110010_1
1110010111001010_0
1101010001110010_0
1100100010101000_0
1100100010101000_0
1100100010101000_0
1100100010101000_0
1100100010101000_0
1100100010101000_0
1100100010101000_0
1100100010101000_0
1100100010101000_0
1100100010101000_0
1100100010101000_0
1100100010101000_0
1100100010101000_0
1100100010101000_0
1100100010101000_0
1100100010101000_0
1100100010101000_0
1100100010101000_0
1100100010101000_0
1100100010101000_0
1101011011011001_1
1101011011011001_1
1101011011011001_1
1101011011011001_1
1101011011011001_1
1101011011011001_1
1101011011011001_1
1101011011011001_1
1101011011011001_1
1101011011011001_1
1101011011011001_1
1101011011011001_1
1101011011011001_1
1101011011011001_1
1101011011011001_1
1101011011011001_1
1101011011011001_1
1101011011011001_1
1101011011011001_1
1101011011011001_1
1101011011011001_1
1101011011011001_1
1101011011011001_1
1101011011011001_1
1101011011011001_1
1101011011011001_1
1101011011011001_1
1101011011011001_1
1101011011011001_1
1101011011011001_1
1101011011011001_0
1111011101001110_1
1101111011000110_1
1111011101001110_0
1101111011000110_0
1111011101001110_1
1101111011000110_1
1111011101001110_0
1101111011000110_0
1111011101001110_1
1101111011000110_1
1111011101001110_0
1101111011000110_0
1111011101001110_1
1101111011000110_1
1111011101001110_0
1101111011000110_0
1111011101001110_1
1101111011000110_1
1111011101001110_0
1101111011000110_0
1111011101001110_1
1101111011000110_1
1111011101001110_0
1101111011000110_0
1111011101001110_1
1101111011000110_1
1111011101001110_0
1101111011000110_0
1111011101001110_1
1101111011000110_1
1111011101001110_0
1101111011000110_0
1111011101001110_1
1101111011000110_1
1111011101001110_0
1101111011000110_0
1111011101001110_1
1101111011000110_1
1111011101001110_0
1101111011000110_0
1111011101001110_1
1101111011000110_1
1111011101001110_0
1101111011000110_0
1111011101001110_1
1101111011000110_1
1111011101001110_0
1101111011000110_0
1111011101001110_1
1101111011000110_1
1111011101001110_0
1101111011000110_0
1111011101001110_1
1101111011000110_1
1111011101001110_0
1101111011000110_0
1111011101001110_1
1101111011000110_1
1111011101001110_0
1101111011000110_0
1111011101001110_1
1101111011000110_1
0000011000010011_0
0000011000010011_0
0000011000010011_0
0000011000010011_0
0000011000010011_0
0000011000010011_0
0000011000010011_0
0000011000010011_0
0000011000010011_0
0000011000010011_0
0000011000010011_0
0000011000010011_0
0000011000010011_0
0000011000010011_0
0000011000010011_0
0000011000010011_0
0000011000010011_0
0000011000010011_0
0000011000010011_0
0000011000010011_0
1011001001101001_1
1001001101111101_1
1011001001101001_0
1001001101111101_0
1011001001101001_1
1001001101111101_1
1011001001101001_0
1001001101111101_0
1011001001101001_1
1001001101111101_1
1011001001101001_0
1001001101111101_0
1011001001101001_1
1001001101111101_1
1011001001101001_0
1001001101111101_0
1011001001101001_1
1001001101111101_1
1011001001101001_0
1001001101111101_0
1011001001101001_1
1001001101111101_1
1011001001101001_0
1001001101111101_0
1011001001101001_1
1001001101111101_1
1011001001101001_0
1001001101111101_0
1011001001101001_1
1001001101111101_1
1011001001101001_0
1001001101111101_0
1011001001101001_1
1001001101111101_1
1011001001101001_0
1001001101111101_0
1011001001101001_1
1001001101111101_1
1011001001101001_0
1001001101111101_0
1011001001101001_1
1001001101111101_1
1011001001101001_0
1001001101111101_0
1011001001101001_1
1001001101111101_1
1011001001101001_0
1001001101111101_0
1011001001101001_1
1001001101111101_1
1011001001101001_0
1001001101111101_0
1011001001101001_1
1001001101111101_1
1011001001101001_0
1001001101111101_0
1011001001101001_1
1001001101111101_1
1011001001101001_0
1001001101111101_0
1011001001101001_1
1001001101111101_1
1011001001101001_0
1001001101111101_0
1011001001101001_1
1001001101111101_1
1011001001101001_0
1001001101111101_0
1011001001101001_1
1001001101111101_1
1011001001101001_0
1001001101111101_0
1011001001101001_1
1001001101111101_1
1011001001101001_0
1001001101111101_0
1011001001101001_1
1001001101111101_1
1011001001101001_0
1001001101111101_0
1011001001101001_1
1001001101111101_1
1011001001101001_0
1001001101111101_0
1011001001101001_1
1001001101111101_1
1011001001101001_0
1001001101111101_0
1011001001101001_1
1001001101111101_1
1011001001101001_0
1001001101111101_0
1011001001101001_1
1001001101111101_1
1011001001101001_0
1001001101111101_0
1011001001101001_1
1001001101111101_1
1011001001101001_0
1001001101111101_0
0010000010111100_1
0010000010111100_1
0010000010111100_1
0010000010111100_1
0010000010111100_1
0010000010111100_1
0010000010111100_1
0010000010111100_1
0010000010111100_1
0010000010111100_0
0110100111010101_1
0010000010111100_1
0010000010111100_1
0010000010111100_1
0010000010111100_1
0010000010111100_1
0010000010111100_1
0010000010111100_1
0010000010111100_1
0010000010111100_1
0010000010111100_0
0110100111010101_1
0010000010111100_1
0010000010111100_1
0010000010111100_1
0010000010111100_1
0010000010111100_1
0010000010111100_1
0010000010111100_1
0010000010111100_1
0010000010111100_1
0010000010111100_0
0110100111010101_1
0110100111010101_0
0100111001010000_0
0100111001010000_1
0100111001010000_0
0100111001010000_1
0100111001010000_0
0100111001010000_1
0100111001010000_0
0100111001010000_1
0100111001010000_0
0100111001010000_1
0100111001010000_0
0100111001010000_1
0100111001010000_0
0100111001010000_1
0100111001010000_0
0100111001010000_1
0100111001010000_0
0100111001010000_1
0100111001010000_0
0100111001010000_1
0100111001010000_0
0100111001010000_1
0100111001010000_0
0100111001010000_1
0100111001010000_0
1000101100010001_1
1000101100010001_1
1000101100010001_1
1000101100010001_1
1000101100010001_1
1000101100010001_1
1000101100010001_1
1000101100010001_1
1000101100010001_1
1000101100010001_1
1000101100010001_1
1000101100010001_1
1000101100010001_1
1000101100010001_0
0001010101111111_1
1000101100010001_1
1000101100010001_1
1000101100010001_1
1000101100010001_1
1000101100010001_1
1000101100010001_1
1000101100010001_1
1000101100010001_1
1000101100010001_1
1000101100010001_1
1000101100010001_1
1000101100010001_1
1000101100010001_1
1000101100010001_0
0001010101111111_1
1000101100010001_1
1000101100010001_1
1000101100010001_1
1000101100010001_1
1000101100010001_1
1000101100010001_1
1000101100010001_1
1000101100010001_1
1000101100010001_1
1000101100010001_1
1000101100010001_1
1000101100010001_1
1000101100010001_1
1000101100010001_0
0001010101111111_1
1000101100010001_1
1000101100010001_1
1000101100010001_1
1000101100010001_1
1000101100010001_1
1000101100010001_1
1000101100010001_1
1000101100010001_1
1000101100010001_1
1000101100010001_1
1000101100010001_1
1000101100010001_1
1000101100010001_1
1000101100010001_0
0001010101111111_1
1000101100010001_1
1000101100010001_1
1000101100010001_1
1000101100010001_1
1000101100010001_1
1000101100010001_1
1000101100010001_1
1000101100010001_1
1000101100010001_1
1000101100010001_1
1000101100010001_1
1000101100010001_1
1000101100010001_1
1000101100010001_0
0001010101111111_1
1000101100010001_1
1000101100010001_1
1000101100010001_1
1000101100010001_1
1000101100010001_1
1000101100010001_1
1000101100010001_1
1000101100010001_1
1000101100010001_1
1000101100010001_1
1000101100010001_1
1000101100010001_1
1000101100010001_1
1000101100010001_0
0001010101111111_1
1000101100010001_1
1000101100010001_1
1000101100010001_1
1000101100010001_1
1000101100010001_1
1000101100010001_1
1000101100010001_1
1000101100010001_1
1000101100010001_1
1000101100010001_1
1000101100010001_1
1000101100010001_1
1000101100010001_1
1000101100010001_0
0001010101111111_1
1000101100010001_1
1000101100010001_1
1000101100010001_1
1000101100010001_1
1000101100010001_1
1000101100010001_1
1000101100010001_1
1000101100010001_1
1000101100010001_1
1000101100010001_1
1000101100010001_1
1000101100010001_1
1000101100010001_1
1000101100010001_0
0001010101111111_1
1000101100010001_1
1000101100010001_1
1000101100010001_1
1000101100010001_1
1000101100010001_1
1000101100010001_1
1000101100010001_1
1000101100010001_1
1000101100010001_1
1000101100010001_1
1000101100010001_1
1000101100010001_1
1000101100010001_1
1000101100010001_0
0001010101111111_1
1000101100010001_1
1000101100010001_1
1000101100010001_1
1000101100010001_1
1000101100010001_1
1000101100010001_1
1000101100010001_1
1000101100010001_1
1000101100010001_1
1000101100010001_1
1000101100010001_1
1000101100010001_1
1000101100010001_1
1000101100010001_0
0001010101111111_1
0001010101111111_0
0110000001001111_1
0110000001001111_1
0110000001001111_1
0110000001001111_1
0110000001001111_1
0110000001001111_1
0110000001001111_1
0110000001001111_1
0110000001001111_1
0110000001001111_1
0110000001001111_1
0110000001001111_1
0110000001001111_1
0110000001001111_1
0110000001001111_1
0110000001001111_1
0110000001001111_1
0110000001001111_1
0110000001001111_1
0110000001001111_1
0110000001001111_0
1001110011011101_1
0110000001001111_1
0110000001001111_1
0110000001001111_1
0110000001001111_1
0110000001001111_1
0110000001001111_1
0110000001001111_1
0110000001001111_1
0110000001001111_1
0110000001001111_1
0110000001001111_1
0110000001001111_1
0110000001001111_1
0110000001001111_1
0110000001001111_1
0110000001001111_1
0110000001001111_1
0110000001001111_1
0110000001001111_1
0110000001001111_1
0110000001001111_0
1001110011011101_1
0110000001001111_1
0110000001001111_1
0110000001001111_1
0110000001001111_1
0110000001001111_1
0110000001001111_1
0110000001001111_1
0110000001001111_1
0110000001001111_1
0110000001001111_1
0110000001001111_1
0110000001001111_1
0110000001001111_1
0110000001001111_1
0110000001001111_1
0110000001001111_1
0110000001001111_1
0110000001001111_1
0110000001001111_1
0110000001001111_1
0110000001001111_0
1001110011011101_1
0110000001001111_1
0110000001001111_1
0110000001001111_1
0110000001001111_1
0110000001001111_1
0110000001001111_1
0110000001001111_1
0110000001001111_1
0110000001001111_1
0110000001001111_1
0110000001001111_1
0110000001001111_1
0110000001001111_1
0110000001001111_1
0110000001001111_1
0110000001001111_1
0110000001001111_1
0110000001001111_1
0110000001001111_1
0110000001001111_1
0110000001001111_0
1001110011011101_1
0110000001001111_1
0110000001001111_1
0110000001001111_1
0110000001001111_1
0110000001001111_1
0110000001001111_1
0110000001001111_1
0110000001001111_1
0110000001001111_1
0110000001001111_1
0110000001001111_1
0110000001001111_1
0110000001001111_1
0110000001001111_1
0110000001001111_1
0110000001001111_1
0110000001001111_1
0110000001001111_1
0110000001001111_1
0110000001001111_1
0110000001001111_0
1001110011011101_1
0110000001001111_1
0110000001001111_1
0110000001001111_1
0110000001001111_1
0110000001001111_1
0110000001001111_1
0110000001001111_1
0110000001001111_1
0110000001001111_1
0110000001001111_1
0110000001001111_1
0110000001001111_1
0110000001001111_1
0110000001001111_1
0110000001001111_1
0110000001001111_1
0110000001001111_1
0110000001001111_1
0110000001001111_1
0110000001001111_1
0110000001001111_0
1001110011011101_1
0110000001001111_1
0110000001001111_1
0110000001001111_1
0110000001001111_1
0110000001001111_1
0110000001001111_1
0110000001001111_1
0110000001001111_1
0110000001001111_1
0110000001001111_1
0110000001001111_1
0110000001001111_1
0110000001001111_1
0110000001001111_1
0110000001001111_1
0110000001001111_1
0110000001001111_1
0110000001001111_1
0110000001001111_1
0110000001001111_1
0110000001001111_0
1001110011011101_1
0110000001001111_1
0110000001001111_1
0110000001001111_1
0110000001001111_1
0110000001001111_1
0110000001001111_1
0110000001001111_1
0110000001001111_1
0110000001001111_1
0110000001001111_1
0110000001001111_1
0110000001001111_1
0110000001001111_1
0110000001001111_1
0110000001001111_1
0110000001001111_1
0110000001001111_1
0110000001001111_1
0110000001001111_1
0110000001001111_1
0110000001001111_0
1001110011011101_1
0110000001001111_1
0110000001001111_1
0110000001001111_1
0110000001001111_1
0110000001001111_1
0110000001001111_1
0110000001001111_1
0110000001001111_1
0110000001001111_1
0110000001001111_1
0110000001001111_1
0110000001001111_1
0110000001001111_1
0110000001001111_1
0110000001001111_1
0110000001001111_1
0110000001001111_1
0110000001001111_1
0110000001001111_1
0110000001001111_1
0110000001001111_0
1001110011011101_1
1001110011011101_0
0011100010011110_0
0011100110111101_0
0011100010011110_1
0011100110111101_1
0011100010011110_0
0011100110111101_0
0011100010011110_1
0011100110111101_1
0011100010011110_0
0011100110111101_0
0011100010011110_1
0011100110111101_1
0011100010011110_0
0011100110111101_0
0011100010011110_1
0011100110111101_1
0011100010011110_0
0011100110111101_0
0011100010011110_1
0011100110111101_1
0011100010011110_0
0011100110111101_0
0011100010011110_1
0011100110111101_1
0011100010011110_0
0011100110111101_0
0011100010011110_1
0011100110111101_1
0011100010011110_0
0011100110111101_0
0011100010011110_1
0011100110111101_1
0011100010011110_0
0011100110111101_0
0011100010011110_1
0011100110111101_1
0011100010011110_0
0011100110111101_0
0011100010011110_1
0011100110111101_1
0011100010011110_0
0011100110111101_0
0011100010011110_1
0011100110111101_1
0011100010011110_0
0011100110111101_0
0011100010011110_1
0011100110111101_1
0011100010011110_0
0011100110111101_0
0011100010011110_1
0011100110111101_1
0011100010011110_0
0011100110111101_0
0011100010011110_1
0011100110111101_1
0011100010011110_0
0011100110111101_0
0011100010011110_1
0011100110111101_1
0011100010011110_0
0011100110111101_0
0011100010011110_1
0011100110111101_1
0011100010011110_0
0011100110111101_0
0011100010011110_1
0011100110111101_1
0011100010011110_0
0011100110111101_0
0011100010011110_1
0011100110111101_1
0011100010011110_0
0011100110111101_0
0011100010011110_1
0011100110111101_1
0011100010011110_0
0011100110111101_0
0011100010011110_1
0011100110111101_1
1110010000000101_0
1110010000000101_0
1110010000000101_1
1110010000000101_1
1110010000000101_0
1110010000000101_0
1110010000000101_1
1110010000000101_0
1110010000000101_1
1110010000000101_0
1000111000101010_1
1000111000101010_1
1000111000101010_1
1000111000101010_1
1000111000101010_1
1000111000101010_1
1000111000101010_1
1000111000101010_1
1000111000101010_1
1000111000101010_0
1000011100100111_1
1000011100100111_1
1000011100100111_1
1000011100100111_1
1000011100100111_1
1000011100100111_1
1000011100100111_1
1000011100100111_1
1000011100100111_1
1000011100100111_1
1000011100100111_1
1000011100100111_1
1000011100100111_1
1000011100100111_1
1000011100100111_1
1000011100100111_1
1000011100100111_1
1000011100100111_1
1000011100100111_1
1000011100100111_1
0010011001111100_0
0010011001111100_0
0010011001111100_0
0010011001111100_0
0010011001111100_0
0010011001111100_0
0010011001111100_0
0010011001111100_0
0010011001111100_0
0010011001111100_0
0010011001111100_0
0010011001111100_0
0010011001111100_0
0010011001111100_0
0010011001111100_0
0010011001111100_0
0010011001111100_0
0010011001111100_0
0010011001111100_0
0010011001111100_0
1111010010001001_1
1111010010001001_1
1111010010001001_1
1111010010001001_0
0101011000110111_1
1111010010001001_1
1111010010001001_1
1111010010001001_1
1111010010001001_0
0101011000110111_1
1111010010001001_1
1111010010001001_1
1111010010001001_1
1111010010001001_0
0101011000110111_1
1111010010001001_1
1111010010001001_1
1111010010001001_1
1111010010001001_0
0101011000110111_1
0101011000110111_0
1011101111000110_0
1011101111000110_1
1011101111000110_0
1011101111000110_1
1011101111000110_0
1011101111000110_1
1011101111000110_0
1011101111000110_1
1011101111000110_0
1011101111000110_1
1011101111000110_0
1011101111000110_1
1011101111000110_0
1011101111000110_1
1011101111000110_0
1011101111000110_1
1011101111000110_0
1011101111000110_1
1011101111000110_0
1011101111000110_1
1011101111000110_0
1011101111000110_1
1011101111000110_0
1011101111000110_1
1011101111000110_0
1011101111000110_1
1011101111000110_0
1011101111000110_1
1011101111000110_0
1011101111000110_1
1011101111000110_0
1011101111000110_1
1011101111000110_0
1011101111000110_1
1011101111000110_0
1011101111000110_1
1011101111000110_0
1011101111000110_1
1011101111000110_0
1011101111000110_1
1011101111000110_0
1011101111000110_1
1011101111000110_0
1011101111000110_1
1011101111000110_0
1011101111000110_1
1011101111000110_0
1011101111000110_1
1011101111000110_0
1011101111000110_1
1011101111000110_0
1011101111000110_1
1011101111000110_0
1011101111000110_1
1011101111000110_0
0100001000000100_1
0100001000000100_1
0100001000000100_1
0100001000000100_1
0100001000000100_1
0100001000000100_1
0100001000000100_1
0100001000000100_1
0100001000000100_1
0100001000000100_1
0100001000000100_1
0100001000000100_1
0100001000000100_1
0100001000000100_1
0100001000000100_1
0100001000000100_1
0100001000000100_1
0100001000000100_0
0001000111100100_1
0001000111100100_0
0001000111100100_1
0001000111100100_1
0001000111100100_1
0001000111100100_1
0100001001111110_0
0100001001111110_0
0100001001111110_0
0100001001111110_0
0100001001111110_0
0100001001111110_0
0100001001111110_0
0100001001111110_0
0100001001111110_0
0100001001111110_0
0100001001111110_0
0100001001111110_0
0100001001111110_0
0100001001111110_0
0100001001111110_0
0100001001111110_0
0100001001111110_0
0100001001111110_0
0100001001111110_0
0100001001111110_0
1110001100100000_0
1110001100100000_1
1110001100100000_0
1110001100100000_1
1110001100100000_0
1110001100100000_1
1110001100100000_0
1110001100100000_1
1110001100100000_0
1110001100100000_1
1110001100100000_0
1110001100100000_1
1110001100100000_0
1110001100100000_1
1110001100100000_0
1110001100100000_1
1110001100100000_0
1110001100100000_1
1110001100100000_0
1110001100100000_1
1110001100100000_0
1110001100100000_1
1110001100100000_0
1110001100100000_1
1110001100100000_0
1110001100100000_1
1110001100100000_0
0010010100010010_0
0010010100010010_0
0010010100010010_0
0010010100010010_0
0010010100010010_0
0010010100010010_0
0010010100010010_0
0010010100010010_0
0010010100010010_0
0010010100010010_0
0010010100010010_0
0010010100010010_0
0010010100010010_0
0010010100010010_0
0010010100010010_0
0010010100010010_0
0010010100010010_0
0010010100010010_0
0010010100010010_0
0010010100010010_0
0010000100111001_1
0010000100111001_1
0010000100111001_1
0010000100111001_1
0010000100111001_1
0010000100111001_1
0010000100111001_1
0010000100111001_1
0010000100111001_1
0010000100111001_1
0010000100111001_1
0010000100111001_1
0010000100111001_1
0010000100111001_1
0010000100111001_1
0010000100111001_1
0010000100111001_1
0010000100111001_1
0010000100111001_1
0010000100111001_0
1111110100110000_1
0010000100111001_1
0010000100111001_1
0010000100111001_1
0010000100111001_1
0010000100111001_1
0010000100111001_1
0010000100111001_1
0010000100111001_1
0010000100111001_1
0010000100111001_1
0010000100111001_1
0010000100111001_1
0010000100111001_1
0010000100111001_1
0010000100111001_1
0010000100111001_1
0010000100111001_1
0010000100111001_1
0010000100111001_1
0010000100111001_0
1111110100110000_1
0010000100111001_1
0010000100111001_1
0010000100111001_1
0010000100111001_1
0010000100111001_1
0010000100111001_1
0010000100111001_1
0010000100111001_1
0010000100111001_1
0010000100111001_1
0010000100111001_1
0010000100111001_1
0010000100111001_1
0010000100111001_1
0010000100111001_1
0010000100111001_1
0010000100111001_1
0010000100111001_1
0010000100111001_1
0010000100111001_0
1111110100110000_1
0010000100111001_1
0010000100111001_1
0010000100111001_1
0010000100111001_1
0010000100111001_1
0010000100111001_1
0010000100111001_1
0010000100111001_1
0010000100111001_1
0010000100111001_1
0010000100111001_1
0010000100111001_1
0010000100111001_1
0010000100111001_1
0010000100111001_1
0010000100111001_1
0010000100111001_1
0010000100111001_1
0010000100111001_1
0010000100111001_0
1111110100110000_1
0010000100111001_1
0010000100111001_1
0010000100111001_1
0010000100111001_1
0010000100111001_1
0010000100111001_1
0010000100111001_1
0010000100111001_1
0010000100111001_1
0010000100111001_1
0010000100111001_1
0010000100111001_1
0010000100111001_1
0010000100111001_1
0010000100111001_1
0010000100111001_1
0010000100111001_1
0010000100111001_1
0010000100111001_1
0010000100111001_0
1111110100110000_1
1111110100110000_0
0110111100010110_1
0110111100010110_1
0110111100010110_1
0110111100010110_1
0110111100010110_1
0110111100010110_1
0110111100010110_0
0101011100000001_1
0110111100010110_1
0110111100010110_1
0110111100010110_1
0110111100010110_1
0110111100010110_1
0110111100010110_1
0110111100010110_0
0101011100000001_1
0110111100010110_1
0110111100010110_1
0110111100010110_1
0110111100010110_1
0110111100010110_1
0110111100010110_1
0110111100010110_0
0101011100000001_1
0110111100010110_1
0110111100010110_1
0110111100010110_1
0110111100010110_1
0110111100010110_1
0110111100010110_1
0110111100010110_0
0101011100000001_1
0110111100010110_1
0110111100010110_1
0110111100010110_1
0110111100010110_1
0110111100010110_1
0110111100010110_1
0110111100010110_0
0101011100000001_1
0110111100010110_1
0110111100010110_1
0110111100010110_1
0110111100010110_1
0110111100010110_1
0110111100010110_1
0110111100010110_0
0101011100000001_1
0110111100010110_1
0110111100010110_1
0110111100010110_1
0110111100010110_1
0110111100010110_1
0110111100010110_1
0110111100010110_0
0101011100000001_1
0101011100000001_0
0110010001100011_0
1010101100000011_0
0110010001100011_1
1010101100000011_1
0110010001100011_0
1010101100000011_0
0110010001100011_1
1010101100000011_1
0110010001100011_0
1010101100000011_0
0110010001100011_1
1010101100000011_1
0110010001100011_0
1010101100000011_0
0110010001100011_1
1010101100000011_1
0110010001100011_0
1010101100000011_0
0110010001100011_1
1010101100000011_1
0110010001100011_0
1010101100000011_0
0110010001100011_1
1010101100000011_1
0110010001100011_0
1010101100000011_0
0110010001100011_1
1010101100000011_1
0110010001100011_0
1010101100000011_0
0110010001100011_1
1010101100000011_1
0110010001100011_0
1010101100000011_0
0110010001100011_1
1010101100000011_1
0110010001100011_0
1010101100000011_0
0110010001100011_1
1010101100000011_1
0110010001100011_0
1010101100000011_0
0110010001100011_1
1010101100000011_1
0110010001100011_0
1010101100000011_0
0110010001100011_1
1010101100000011_1
0110010001100011_0
1010101100000011_0
0110010001100011_1
1010101100000011_1
0110010001100011_0
1010101100000011_0
0110010001100011_1
1010101100000011_1
0110010001100011_0
1010101100000011_0
0110010001100011_1
1010101100000011_1
1011110011100001_1
1011110011100001_0
1011110011100001_1
1011110011100001_0
1011110011100001_1
1011110011100001_0
1011110011100001_1
1011110011100001_0
1011110011100001_0
1011110011100001_1
1011110011100001_1
1011110011100001_0
1011110011100001_1
1011110011100001_0
1011110011100001_1
1011110011100001_0
0000001101001110_0
0000001101001110_1
0000001101001110_0
0000001101001110_1
0000001101001110_0
0000001101001110_1
0000001101001110_0
0000001101001110_1
0000001101001110_0
0000001101001110_1
0000001101001110_0
0000001101001110_1
0000001101001110_0
0000001101001110_1
0000001101001110_0
0000001101001110_1
0000001101001110_0
0000001101001110_1
0000001101001110_0
0000001101001110_1
0000001101001110_0
0000001101001110_1
0000001101001110_0
0000001101001110_1
0000001101001110_0
0000001101001110_1
0000001101001110_0
0000001101001110_1
0000001101001110_0
0000001101001110_1
0000001101001110_0
0000001101001110_1
0000001101001110_0
0000001101001110_1
0000001101001110_0
0000001101001110_1
0000001101001110_0
0000001101001110_1
0000001101001110_0
0000001101001110_1
0000001101001110_0
0000001101001110_1
0000001101001110_0
0000001101001110_1
0000001101001110_0
0000001101001110_1
0000001101001110_0
0000001101001110_1
0000001101001110_0
0000001101001110_1
0010010101011001_0
0010010101011001_0
0010010101011001_0
0010010101011001_0
0010010101011001_0
0010010101011001_0
0010010101011001_0
0010010101011001_0
0010010101011001_0
0010010101011001_0
0010010101011001_0
0010010101011001_0
0010010101011001_0
0010010101011001_0
0010010101011001_0
0010010101011001_0
0010010101011001_0
0010010101011001_0
0010010101011001_0
0010010101011001_0
1000010011010110_1
1000010011010110_1
1000010011010110_1
1000010011010110_1
1000010011010110_1
1000010011010110_1
1000010011010110_1
1000010011010110_1
1000010011010110_1
1000010011010110_0
1000010011101001_1
1000010011010110_1
1000010011010110_1
1000010011010110_1
1000010011010110_1
1000010011010110_1
1000010011010110_1
1000010011010110_1
1000010011010110_1
1000010011010110_1
1000010011010110_0
1000010011101001_1
1000010011010110_1
1000010011010110_1
1000010011010110_1
1000010011010110_1
1000010011010110_1
1000010011010110_1
1000010011010110_1
1000010011010110_1
1000010011010110_1
1000010011010110_0
1000010011101001_1
1000010011010110_1
1000010011010110_1
1000010011010110_1
1000010011010110_1
1000010011010110_1
1000010011010110_1
1000010011010110_1
1000010011010110_1
1000010011010110_1
1000010011010110_0
1000010011101001_1
1000010011010110_1
1000010011010110_1
1000010011010110_1
1000010011010110_1
1000010011010110_1
1000010011010110_1
1000010011010110_1
1000010011010110_1
1000010011010110_1
1000010011010110_0
1000010011101001_1
1000010011010110_1
1000010011010110_1
1000010011010110_1
1000010011010110_1
1000010011010110_1
1000010011010110_1
1000010011010110_1
1000010011010110_1
1000010011010110_1
1000010011010110_0
1000010011101001_1
1000010011010110_1
1000010011010110_1
1000010011010110_1
1000010011010110_1
1000010011010110_1
1000010011010110_1
1000010011010110_1
1000010011010110_1
1000010011010110_1
1000010011010110_0
1000010011101001_1
1000010011010110_1
1000010011010110_1
1000010011010110_1
1000010011010110_1
1000010011010110_1
1000010011010110_1
1000010011010110_1
1000010011010110_1
1000010011010110_1
1000010011010110_0
1000010011101001_1
1000010011010110_1
1000010011010110_1
1000010011010110_1
1000010011010110_1
1000010011010110_1
1000010011010110_1
1000010011010110_1
1000010011010110_1
1000010011010110_1
1000010011010110_0
1000010011101001_1
1000010011101001_0
1110111010110100_1
1110111010110100_1
1110111010110100_1
1110111010110100_0
0111011010010100_1
1110111010110100_1
1110111010110100_1
1110111010110100_1
1110111010110100_0
0111011010010100_1
1110111010110100_1
1110111010110100_1
1110111010110100_1
1110111010110100_0
0111011010010100_1
1110111010110100_1
1110111010110100_1
1110111010110100_1
1110111010110100_0
0111011010010100_1
1110111010110100_1
1110111010110100_1
1110111010110100_1
1110111010110100_0
0111011010010100_1
1110111010110100_1
1110111010110100_1
1110111010110100_1
1110111010110100_0
0111011010010100_1
1110111010110100_1
1110111010110100_1
1110111010110100_1
1110111010110100_0
0111011010010100_1
0111011010010100_0
0000010001110111_0
1111110110000000_1
1001010000100110_1
0010010100110110_0
1111111011010111_0
1001101111010101_1
0011100011100100_1
0000101011010111_0
1000001011011110_0
0001000000000011_0
1110111001101010_1
1010010111010001_0
1100110011101011_1
0110111001110111_1
1111110110110010_0
1010110111110000_1
0010011110011001_0
0000001111000000_1
1001011110010011_1
0110100101010001_1
1110111101011000_0
0010011110110000_1
1000001010001110_1
0100110011001110_0
1001100010101100_1
0100000101010110_1
1101111010100011_1
1011000100001101_0
1011000100001101_0
1011000100001101_0
1011000100001101_0
1011000100001101_0
1011000100001101_0
1011000100001101_0
1011000100001101_0
1011000100001101_0
1011000100001101_0
1011000100001101_0
1011000100001101_0
1011000100001101_0
1011000100001101_0
1011000100001101_0
1011000100001101_0
1011000100001101_0
1011000100001101_0
1011000100001101_0
1011000100001101_0
0011100010000100_1
0011100010000100_1
0011100010000100_1
0011100010000100_1
0011100010000100_1
0011100010000100_1
0011100010000100_1
0011100010000100_1
0011100010000100_1
0011100010000100_1
0011100010000100_0
1000011101111001_1
1000011101111001_1
1000011101111001_1
1000011101111001_1
1000011101111001_1
1000011101111001_1
1000011101111001_1
1000011101111001_1
1000011101111001_1
1000011101111001_1
1000011101111001_1
1000011101111001_1
1000011101111001_1
1000011101111001_1
1000011101111001_1
1000011101111001_1
1000011101111001_1
1000011101111001_1
1000011101111001_1
1000011101111001_1
1000011101111001_1
1000011101111001_1
1000011101111001_1
1000011101111001_1
1000011101111001_1
1000011101111001_1
1000011101111001_1
1000011101111001_1
1000011101111001_1
1000011101111001_1
1000011101111001_1
1000011101111001_0
0010011111111010_1
0010011111111010_1
0010011111111010_0
0010011111111010_1
0010011111111010_1
0010011111111010_0
0010011111111010_0
0010011111111010_1
0010011111111010_1
0010011111111010_1
0010011111111010_1
0010011111111010_0
0100000101100001_1
1010011001111010_1
0100000101100001_0
1010011001111010_0
0100000101100001_1
1010011001111010_1
0100000101100001_0
1010011001111010_0
0100000101100001_1
1010011001111010_1
0100000101100001_0
1010011001111010_0
0100000101100001_1
1010011001111010_1
0100000101100001_0
1010011001111010_0
0100000101100001_1
1010011001111010_1
0100000101100001_0
1010011001111010_0
0100000101100001_1
1010011001111010_1
0100000101100001_0
1010011001111010_0
0100000101100001_1
1010011001111010_1
0100000101100001_0
1010011001111010_0
0100000101100001_1
1010011001111010_1
0100000101100001_0
1010011001111010_0
0100000101100001_1
1010011001111010_1
0100000101100001_0
1010011001111010_0
0100000101100001_1
1010011001111010_1
0100000101100001_0
1010011001111010_0
0100000101100001_1
1010011001111010_1
0100000101100001_0
1010011001111010_0
0100000101100001_1
1010011001111010_1
0100000101100001_0
1010011001111010_0
0100000101100001_1
1010011001111010_1
0100000101100001_0
1010011001111010_0
0100000101100001_1
1010011001111010_1
0100000101100001_0
1010011001111010_0
0100000101100001_1
1010011001111010_1
0100000101100001_0
1010011001111010_0
0100000101100001_1
1010011001111010_1
0100000101100001_0
1010011001111010_0
0100000101100001_1
1010011001111010_1
0100000101100001_0
1010011001111010_0
0100000101100001_1
1010011001111010_1
0100000101100001_0
1010011001111010_0
0100000101100001_1
1010011001111010_1
0100000101100001_0
1010011001111010_0
0010111100101110_1
0010111100101110_1
0010111100101110_1
0010111100101110_1
0010111100101110_1
0010111100101110_1
0010111100101110_1
0010111100101110_1
0010111100101110_1
0010111100101110_1
0010111100101110_1
0010111100101110_1
0010111100101110_1
0010111100101110_1
0010111100101110_1
0010111100101110_1
0010111100101110_1
0010111100101110_1
0010111100101110_0
0100010011110100_1
0010111100101110_1
0010111100101110_1
0010111100101110_1
0010111100101110_1
0010111100101110_1
0010111100101110_1
0010111100101110_1
0010111100101110_1
0010111100101110_1
0010111100101110_1
0010111100101110_1
0010111100101110_1
0010111100101110_1
0010111100101110_1
0010111100101110_1
0010111100101110_1
0010111100101110_1
0010111100101110_1
0010111100101110_0
0100010011110100_1
0010111100101110_1
0010111100101110_1
0010111100101110_1
0010111100101110_1
0010111100101110_1
0010111100101110_1
0010111100101110_1
0010111100101110_1
0010111100101110_1
0010111100101110_1
0010111100101110_1
0010111100101110_1
0010111100101110_1
0010111100101110_1
0010111100101110_1
0010111100101110_1
0010111100101110_1
0010111100101110_1
0010111100101110_0
0100010011110100_1
0010111100101110_1
0010111100101110_1
0010111100101110_1
0010111100101110_1
0010111100101110_1
0010111100101110_1
0010111100101110_1
0010111100101110_1
0010111100101110_1
0010111100101110_1
0010111100101110_1
0010111100101110_1
0010111100101110_1
0010111100101110_1
0010111100101110_1
0010111100101110_1
0010111100101110_1
0010111100101110_1
0010111100101110_0
0100010011110100_1
0010111100101110_1
0010111100101110_1
0010111100101110_1
0010111100101110_1
0010111100101110_1
0010111100101110_1
0010111100101110_1
0010111100101110_1
0010111100101110_1
0010111100101110_1
0010111100101110_1
0010111100101110_1
0010111100101110_1
0010111100101110_1
0010111100101110_1
0010111100101110_1
0010111100101110_1
0010111100101110_1
0010111100101110_0
0100010011110100_1
0100010011110100_0
0000011101100010_1
0000011101100010_1
0000011101100010_0
0000011101100010_1
0000011101100010_0
0000011101100010_0
0000011101100010_1
0000011101100010_1
1100011000110111_1
1100011000110111_1
1100011000110111_1
1100011000110111_1
1100011000110111_1
1100011000110111_1
1100011000110111_1
1100011000110111_1
1100011000110111_1
1100011000110111_1
1100011000110111_1
1100011000110111_1
1100011000110111_1
1100011000110111_1
1100011000110111_1
1100011000110111_1
1100011000110111_1
1100011000110111_1
1100011000110111_1
1100011000110111_1
1100011000110111_1
1100011000110111_1
1100011000110111_1
1100011000110111_1
1100011000110111_1
1100011000110111_1
1100011000110111_1
1100011000110111_1
1100011000110111_1
1100011000110111_1
1100011000110111_1
1100011000110111_1
1100011000110111_1
1100011000110111_1
1100011000110111_1
1100011000110111_1
1100011000110111_1
1100011000110111_0
1001111010110001_1
1010000110011101_0
0101110100110000_0
1001001110100000_1
1011011001110110_0
0011011001000100_1
1000100110011101_1
1010011011111110_1
0100001101000000_1
1001000001110101_1
1000110010110111_0
0011100110011100_0
0111101100111111_0
1011100001110100_0
1010001111001011_1
1001101101111110_1
0010001000001110_0
0110111100010000_0
1000000111011011_1
0100111100100110_0
1010100100011000_0
0100011001001000_0
0011010011010000_0
1111110000101000_0
1001100110000101_0
1100110101010011_0
1111000110000011_0
0011110111101010_1
0100000011001110_0
0001011111111011_0
0100000011001110_1
0001011111111011_1
0100000011001110_0
0001011111111011_0
0100000011001110_1
0001011111111011_1
0100000011001110_0
0001011111111011_0
0100000011001110_1
0001011111111011_1
0100000011001110_0
0001011111111011_0
0100000011001110_1
0001011111111011_1
0100000011001110_0
0001011111111011_0
0100000011001110_1
0001011111111011_1
0100000011001110_0
0001011111111011_0
0100000011001110_1
0001011111111011_1
0100000011001110_0
0001011111111011_0
0100000011001110_1
0001011111111011_1
0100000011001110_0
0001011111111011_0
0100000011001110_1
0001011111111011_1
0100000011001110_0
0001011111111011_0
0100000011001110_1
0001011111111011_1
0100000011001110_0
0001011111111011_0
0100000011001110_1
0001011111111011_1
0100000011001110_0
0001011111111011_0
0100000011001110_1
0001011111111011_1
0100000011001110_0
0001011111111011_0
0100000011001110_1
0001011111111011_1
0100000011001110_0
0001011111111011_0
0100000011001110_1
0001011111111011_1
0100000011001110_0
0001011111111011_0
0100000011001110_1
0001011111111011_1
0100000011001110_0
0001011111111011_0
0100000011001110_1
0001011111111011_1
0100000011001110_0
0001011111111011_0
0100000011001110_1
0001011111111011_1
0100000011001110_0
0001011111111011_0
1111100000011101_1
1111100000011101_1
1111100000011101_1
1111100000011101_1
1111100000011101_1
1111100000011101_1
1111100000011101_1
1111100000011101_1
1111100000011101_1
1111100000011101_1
1111100000011101_1
1111100000011101_1
1111100000011101_1
1111100000011101_1
1111100000011101_1
1111100000011101_0
1001011101001111_1
1111100000011101_1
1111100000011101_1
1111100000011101_1
1111100000011101_1
1111100000011101_1
1111100000011101_1
1111100000011101_1
1111100000011101_1
1111100000011101_1
1111100000011101_1
1111100000011101_1
1111100000011101_1
1111100000011101_1
1111100000011101_1
1111100000011101_1
1111100000011101_0
1001011101001111_1
1111100000011101_1
1111100000011101_1
1111100000011101_1
1111100000011101_1
1111100000011101_1
1111100000011101_1
1111100000011101_1
1111100000011101_1
1111100000011101_1
1111100000011101_1
1111100000011101_1
1111100000011101_1
1111100000011101_1
1111100000011101_1
1111100000011101_1
1111100000011101_0
1001011101001111_1
1111100000011101_1
1111100000011101_1
1111100000011101_1
1111100000011101_1
1111100000011101_1
1111100000011101_1
1111100000011101_1
1111100000011101_1
1111100000011101_1
1111100000011101_1
1111100000011101_1
1111100000011101_1
1111100000011101_1
1111100000011101_1
1111100000011101_1
1111100000011101_0
1001011101001111_1
1111100000011101_1
1111100000011101_1
1111100000011101_1
1111100000011101_1
1111100000011101_1
1111100000011101_1
1111100000011101_1
1111100000011101_1
1111100000011101_1
1111100000011101_1
1111100000011101_1
1111100000011101_1
1111100000011101_1
1111100000011101_1
1111100000011101_1
1111100000011101_0
1001011101001111_1
1001011101001111_0
0110110010000110_0
0110110010000110_0
0110110010000110_0
0110110010000110_0
0110110010000110_0
0110110010000110_0
0110110010000110_0
0110110010000110_0
0110110010000110_0
0110110010000110_0
0110110010000110_0
0110110010000110_0
0110110010000110_0
0110110010000110_0
0110110010000110_0
0110110010000110_0
0110110010000110_0
0110110010000110_0
0110110010000110_0
0110110010000110_0
0101100000111010_1
0101100000111010_1
0101100000111010_1
0101100000111010_1
0101100000111010_1
0101100000111010_1
0101100000111010_1
0101100000111010_1
0101100000111010_1
0101100000111010_1
0101100000111010_1
0101100000111010_1
0101100000111010_1
0101100000111010_1
0101100000111010_1
0101100000111010_1
0101100000111010_1
0101100000111010_1
0101100000111010_1
0101100000111010_1
1010110000000101_1
1010110000000101_1
1010110000000101_1
1010110000000101_1
1010110000000101_1
1010110000000101_1
1010110000000101_1
1010110000000101_1
1010110000000101_1
1010110000000101_1
1010110000000101_1
1010110000000101_1
1010110000000101_1
1010110000000101_1
1010110000000101_1
1010110000000101_1
1010110000000101_1
1010110000000101_1
1010110000000101_1
1010110000000101_1
1010110000000101_1
1010110000000101_1
1010110000000101_1
1010110000000101_1
1010110000000101_1
1010110000000101_1
1010110000000101_1
1010110000000101_1
1010110000000101_1
1010110000000101_1
1010110000000101_1
1010110000000101_1
1010110000000101_1
1010110000000101_1
1010110000000101_1
1010110000000101_1
1010110000000101_1
1010110000000101_0
1111110000001011_1
1000011110100111_1
1111110000001011_0
1000011110100111_0
1111110000001011_1
1000011110100111_1
1111110000001011_0
1000011110100111_0
1111110000001011_1
1000011110100111_1
1111110000001011_0
1000011110100111_0
1111110000001011_1
1000011110100111_1
1111110000001011_0
1000011110100111_0
1111110000001011_1
1000011110100111_1
1111110000001011_0
1000011110100111_0
1111110000001011_1
1000011110100111_1
1111110000001011_0
1000011110100111_0
1111110000001011_1
1000011110100111_1
1111110000001011_0
1000011110100111_0
1111110000001011_1
1000011110100111_1
1111110000001011_0
1000011110100111_0
1111110000001011_1
1000011110100111_1
1111110000001011_0
1000011110100111_0
1111110000001011_1
1000011110100111_1
1111110000001011_0
1000011110100111_0
1111110000001011_1
1000011110100111_1
1111110000001011_0
1000011110100111_0
1111110000001011_1
1000011110100111_1
1111110000001011_0
1000011110100111_0
1111110000001011_1
1000011110100111_1
1111110000001011_0
1000011110100111_0
1110101001011110_1
0000001010000101_1
1110101001011110_0
0000001010000101_0
1110101001011110_1
0000001010000101_1
1110101001011110_0
0000001010000101_0
1110101001011110_1
0000001010000101_1
1110101001011110_0
0000001010000101_0
1110101001011110_1
0000001010000101_1
1110101001011110_0
0000001010000101_0
1110101001011110_1
0000001010000101_1
1110101001011110_0
0000001010000101_0
1110101001011110_1
0000001010000101_1
1110101001011110_0
0000001010000101_0
1110101001011110_1
0000001010000101_1
1110101001011110_0
0000001010000101_0
1110101001011110_1
0000001010000101_1
1110101001011110_0
0000001010000101_0
1110101001011110_1
0000001010000101_1
1110101001011110_0
0000001010000101_0
1110101001011110_1
0000001010000101_1
1110101001011110_0
0000001010000101_0
1110101001011110_1
0000001010000101_1
1110101001011110_0
0000001010000101_0
1110101001011110_1
0000001010000101_1
1110101001011110_0
0000001010000101_0
1110101001011110_1
0000001010000101_1
1110101001011110_0
0000001010000101_0
1110101001011110_1
0000001010000101_1
1110101001011110_0
0000001010000101_0
1110101001011110_1
0000001010000101_1
1110101001011110_0
0000001010000101_0
1110101001011110_1
0000001010000101_1
1110101001011110_0
0000001010000101_0
1110101001011110_1
0000001010000101_1
1110101001011110_0
0000001010000101_0
1110101001011110_1
0000001010000101_1
1110101001011110_0
0000001010000101_0
0001111101111110_1
0001111101111110_1
0001111101111110_1
0001111101111110_1
0001111101111110_1
0001111101111110_1
0001111101111110_1
0001111101111110_1
0001111101111110_1
0001111101111110_1
0001111101111110_1
0001111101111110_1
0001111101111110_1
0001111101111110_1
0001111101111110_1
0001111101111110_1
0001111101111110_1
0001111101111110_1
0001111101111110_1
0001111101111110_0
0110101100010110_1
0001111101111110_1
0001111101111110_1
0001111101111110_1
0001111101111110_1
0001111101111110_1
0001111101111110_1
0001111101111110_1
0001111101111110_1
0001111101111110_1
0001111101111110_1
0001111101111110_1
0001111101111110_1
0001111101111110_1
0001111101111110_1
0001111101111110_1
0001111101111110_1
0001111101111110_1
0001111101111110_1
0001111101111110_1
0001111101111110_0
0110101100010110_1
0001111101111110_1
0001111101111110_1
0001111101111110_1
0001111101111110_1
0001111101111110_1
0001111101111110_1
0001111101111110_1
0001111101111110_1
0001111101111110_1
0001111101111110_1
0001111101111110_1
0001111101111110_1
0001111101111110_1
0001111101111110_1
0001111101111110_1
0001111101111110_1
0001111101111110_1
0001111101111110_1
0001111101111110_1
0001111101111110_0
0110101100010110_1
0001111101111110_1
0001111101111110_1
0001111101111110_1
0001111101111110_1
0001111101111110_1
0001111101111110_1
0001111101111110_1
0001111101111110_1
0001111101111110_1
0001111101111110_1
0001111101111110_1
0001111101111110_1
0001111101111110_1
0001111101111110_1
0001111101111110_1
0001111101111110_1
0001111101111110_1
0001111101111110_1
0001111101111110_1
0001111101111110_0
0110101100010110_1
0001111101111110_1
0001111101111110_1
0001111101111110_1
0001111101111110_1
0001111101111110_1
0001111101111110_1
0001111101111110_1
0001111101111110_1
0001111101111110_1
0001111101111110_1
0001111101111110_1
0001111101111110_1
0001111101111110_1
0001111101111110_1
0001111101111110_1
0001111101111110_1
0001111101111110_1
0001111101111110_1
0001111101111110_1
0001111101111110_0
0110101100010110_1
0001111101111110_1
0001111101111110_1
0001111101111110_1
0001111101111110_1
0001111101111110_1
0001111101111110_1
0001111101111110_1
0001111101111110_1
0001111101111110_1
0001111101111110_1
0001111101111110_1
0001111101111110_1
0001111101111110_1
0001111101111110_1
0001111101111110_1
0001111101111110_1
0001111101111110_1
0001111101111110_1
0001111101111110_1
0001111101111110_0
0110101100010110_1
0001111101111110_1
0001111101111110_1
0001111101111110_1
0001111101111110_1
0001111101111110_1
0001111101111110_1
0001111101111110_1
0001111101111110_1
0001111101111110_1
0001111101111110_1
0001111101111110_1
0001111101111110_1
0001111101111110_1
0001111101111110_1
0001111101111110_1
0001111101111110_1
0001111101111110_1
0001111101111110_1
0001111101111110_1
0001111101111110_0
0110101100010110_1
0001111101111110_1
0001111101111110_1
0001111101111110_1
0001111101111110_1
0001111101111110_1
0001111101111110_1
0001111101111110_1
0001111101111110_1
0001111101111110_1
0001111101111110_1
0001111101111110_1
0001111101111110_1
0001111101111110_1
0001111101111110_1
0001111101111110_1
0001111101111110_1
0001111101111110_1
0001111101111110_1
0001111101111110_1
0001111101111110_0
0110101100010110_1
0001111101111110_1
0001111101111110_1
0001111101111110_1
0001111101111110_1
0001111101111110_1
0001111101111110_1
0001111101111110_1
0001111101111110_1
0001111101111110_1
0001111101111110_1
0001111101111110_1
0001111101111110_1
0001111101111110_1
0001111101111110_1
0001111101111110_1
0001111101111110_1
0001111101111110_1
0001111101111110_1
0001111101111110_1
0001111101111110_0
0110101100010110_1
0110101100010110_0
0000001110001101_0
0000001110001101_0
0000001110001101_0
0000001110001101_0
0000001110001101_0
0000001110001101_0
0000001110001101_0
0000001110001101_0
0000001110001101_0
0000001110001101_0
0000001110001101_0
0000001110001101_0
0000001110001101_0
0000001110001101_0
0000001110001101_0
0000001110001101_0
0000001110001101_0
0000001110001101_0
0000001110001101_0
0000001110001101_0
0001011001000100_1
0001011001000100_1
0001011001000100_1
0001011001000100_1
0001011001000100_1
0001011001000100_1
0001011001000100_1
0001011001000100_1
0001011001000100_1
0001011001000100_1
0001011001000100_1
0001011001000100_1
0001011001000100_1
0001011001000100_1
0001011001000100_1
0001011001000100_1
0001011001000100_1
0001011001000100_1
0001011001000100_1
0001011001000100_1
0001011001000100_1
0001011001000100_1
0001011001000100_1
0001011001000100_1
0001011001000100_1
0001011001000100_1
0001011001000100_1
0001011001000100_1
0001011001000100_1
0001011001000100_1
0001011001000100_1
0001011001000100_1
0001011001000100_0
1000010010100100_1
1000010010100100_0
1000010010100100_1
1000010010100100_0
1000010010100100_0
1000010010100100_1
1000010010100100_0
1000010010100100_0
1000010010100100_1
1000010010100100_0
1000010010100100_0
1000010010100100_1
1000010010100100_0
1000010010100100_0
0100100111101001_0
0100100111101001_1
0100100111101001_0
0100100111101001_1
0100100111101001_0
0100100111101001_1
0100100111101001_0
0100100111101001_1
0100100111101001_0
0100100111101001_1
0100100111101001_0
0100100111101001_1
0100100111101001_0
0100100111101001_1
0100100111101001_0
0100100111101001_1
0100100111101001_0
0100100111101001_1
0100100111101001_0
0100100111101001_1
0100100111101001_0
0100100111101001_1
0100100111101001_0
0100100111101001_1
0100100111101001_0
0100100111101001_1
0100100111101001_0
0100100111101001_1
0100100111101001_0
0100100111101001_1
0100100111101001_0
0100100111101001_1
0100100111101001_0
0100100111101001_1
0100100111101001_0
0100100111101001_1
0100100111101001_0
0100100111101001_1
0100100111101001_0
0100100111101001_1
0100100111101001_0
0100100111101001_1
0100100111101001_0
0100100111101001_1
0100100111101001_0
0100100111101001_1
0100100111101001_0
0100100111101001_1
0100100111101001_0
0100100111101001_1
1110000010001111_1
1110000010001111_1
1110000010001111_1
1110000010001111_1
1110000010001111_1
1110000010001111_1
1110000010001111_1
1110000010001111_1
1110000010001111_1
1110000010001111_1
1110000010001111_1
1110000010001111_1
1110000010001111_1
1110000010001111_1
1110000010001111_1
1110000010001111_1
1110000010001111_1
1110000010001111_1
1110000010001111_1
1110000010001111_1
1011100101110011_0
1011100101110011_1
1011100101110011_0
1011100101110011_1
1011100101110011_0
1011100101110011_1
1011100101110011_0
1011100101110011_1
1011100101110011_0
1011100101110011_1
1011100101110011_0
1011100101110011_1
1011100101110011_0
1011100101110011_1
1011100101110011_0
1011100101110011_1
1011100101110011_0
1011100101110011_1
1011100101110011_0
1011100101110011_1
1011100101110011_0
1011100101110011_1
1011100101110011_0
1011100101110011_1
1011100101110011_0
1011100101110011_1
1011100101110011_0
1011100101110011_1
1011100101110011_0
1011100101110011_1
1011100101110011_0
1011100101110011_1
1011100101110011_0
1011100101110011_1
1011100101110011_0
1011100101110011_1
1011100101110011_0
1011100101110011_1
1011100101110011_0
1011100101110011_1
1011100101110011_0
1011100101110011_1
1011100101110011_0
1011100101110011_1
1011100101110011_0
1011100101110011_1
1011100101110011_0
1011100101110011_1
1011100101110011_0
1100100000101111_1
1100100000101111_1
1100100000101111_1
1100100000101111_1
1100100000101111_1
1100100000101111_1
1100100000101111_1
1100100000101111_1
1100100000101111_1
1100100000101111_1
1100100000101111_1
1100100000101111_1
1100100000101111_1
1100100000101111_1
1100100000101111_1
1100100000101111_1
1100100000101111_1
1100100000101111_1
1100100000101111_1
1100100000101111_1
0101101000000001_0
0101101000000001_1
0101101000000001_0
0101101000000001_1
0101101000000001_0
0101101000000001_1
0101101000000001_0
0101101000000001_1
0101101000000001_0
0101101000000001_1
0101101000000001_0
0101101000000001_1
0101101000000001_0
0101101000000001_1
0101101000000001_0
0101101000000001_1
0101101000000001_0
0101101000000001_1
0101101000000001_0
0101101000000001_1
0101101000000001_0
0101101000000001_1
0101101000000001_0
0101101000000001_1
0101101000000001_0
0101101000000001_1
0101101000000001_0
0101101000000001_1
0101101000000001_0
0101101000000001_1
0101101000000001_0
0101101000000001_1
0101101000000001_0
0101101000000001_1
0101101000000001_0
0101101000000001_1
0101101000000001_0
0101101000000001_1
0101101000000001_0
0101101000000001_1
0101101000000001_0
0101101000000001_1
0101101000000001_0
0001110011010111_1
0001110011010111_1
0001110011010111_1
0001110011010111_1
0001110011010111_1
0001110011010111_1
0001110011010111_1
0001110011010111_1
0001110011010111_1
0001110011010111_1
0001110011010111_1
0001110011010111_1
0001110011010111_1
0001110011010111_0
0000001110001001_1
0001110011010111_1
0001110011010111_1
0001110011010111_1
0001110011010111_1
0001110011010111_1
0001110011010111_1
0001110011010111_1
0001110011010111_1
0001110011010111_1
0001110011010111_1
0001110011010111_1
0001110011010111_1
0001110011010111_1
0001110011010111_0
0000001110001001_1
0001110011010111_1
0001110011010111_1
0001110011010111_1
0001110011010111_1
0001110011010111_1
0001110011010111_1
0001110011010111_1
0001110011010111_1
0001110011010111_1
0001110011010111_1
0001110011010111_1
0001110011010111_1
0001110011010111_1
0001110011010111_0
0000001110001001_1
0001110011010111_1
0001110011010111_1
0001110011010111_1
0001110011010111_1
0001110011010111_1
0001110011010111_1
0001110011010111_1
0001110011010111_1
0001110011010111_1
0001110011010111_1
0001110011010111_1
0001110011010111_1
0001110011010111_1
0001110011010111_0
0000001110001001_1
0001110011010111_1
0001110011010111_1
0001110011010111_1
0001110011010111_1
0001110011010111_1
0001110011010111_1
0001110011010111_1
0001110011010111_1
0001110011010111_1
0001110011010111_1
0001110011010111_1
0001110011010111_1
0001110011010111_1
0001110011010111_0
0000001110001001_1
0000001110001001_0
0101101011000000_0
0101101011000000_1
0101101011000000_0
0101101011000000_1
0101101011000000_0
0101101011000000_1
0101101011000000_0
0101101011000000_1
0101101011000000_0
0101101011000000_1
0101101011000000_0
0101101011000000_1
0101101011000000_0
0101101011000000_1
0101101011000000_0
0101101011000000_1
0101101011000000_0
0101101011000000_1
0101101011000000_0
0101101011000000_1
0101101011000000_0
0101101011000000_1
0101101011000000_0
0101101011000000_1
0101101011000000_0
0101101011000000_1
0101101011000000_0
0101101011000000_1
0101101011000000_0
0101101011000000_1
0101101011000000_0
0101101011000000_1
0101101011000000_0
0101101011000000_1
0101101011000000_0
0101101011000000_1
0101101011000000_0
0101101011000000_1
0101101011000000_0
0101101011000000_1
0101101011000000_0
0101101011000000_1
0101101011000000_0
0101101011000000_1
0101101011000000_0
0101101011000000_1
0101101011000000_0
0101101011000000_1
0101101011000000_0
0101101011000000_1
0100001101111101_0
0100001101111101_0
0100001101111101_0
0100001101111101_0
0100001101111101_0
0100001101111101_0
0100001101111101_0
0100001101111101_0
0100001101111101_0
0100001101111101_0
0100001101111101_0
0100001101111101_0
0100001101111101_0
0100001101111101_0
0100001101111101_0
0100001101111101_0
0100001101111101_0
0100001101111101_0
0100001101111101_0
0100001101111101_0
0111001101111001_1
0111001101111001_1
0111001101111001_1
0111001101111001_1
0111001101111001_1
0111001101111001_1
0111001101111001_1
0111001101111001_1
0111001101111001_1
0111001101111001_1
0111001101111001_1
0111001101111001_1
0111001101111001_1
0111001101111001_1
0111001101111001_1
0111001101111001_1
0111001101111001_1
0111001101111001_1
0111001101111001_1
0111001101111001_1
1010001011101111_1
0000001110111001_1
1010001011101111_0
0000001110111001_0
1010001011101111_1
0000001110111001_1
1010001011101111_0
0000001110111001_0
1010001011101111_1
0000001110111001_1
1010001011101111_0
0000001110111001_0
1010001011101111_1
0000001110111001_1
1010001011101111_0
0000001110111001_0
1010001011101111_1
0000001110111001_1
1010001011101111_0
0000001110111001_0
1010001011101111_1
0000001110111001_1
1010001011101111_0
0000001110111001_0
1010001011101111_1
0000001110111001_1
1010001011101111_0
0000001110111001_0
1010001011101111_1
0000001110111001_1
1010001011101111_0
0000001110111001_0
1010001011101111_1
0000001110111001_1
1010001011101111_0
0000001110111001_0
1010001011101111_1
0000001110111001_1
1010001011101111_0
0000001110111001_0
1010001011101111_1
0000001110111001_1
1010001011101111_0
0000001110111001_0
1010001011101111_1
0000001110111001_1
1010001011101111_0
0000001110111001_0
1010001011101111_1
0000001110111001_1
1010001011101111_0
0000001110111001_0
1010001011101111_1
0000001110111001_1
1010001011101111_0
0000001110111001_0
0110101100111101_1
0110101100111101_1
0110101100111101_1
0110101100111101_1
0110101100111101_1
0110101100111101_1
0110101100111101_1
0110101100111101_1
0110101100111101_1
0110101100111101_1
0110101100111101_1
0110101100111101_1
0110101100111101_1
0110101100111101_1
0110101100111101_1
0110101100111101_1
0110101100111101_1
0110101100111101_1
0110101100111101_1
0110101100111101_1
0110101100111101_1
0110101100111101_1
0110101100111101_1
0110101100111101_0
1100111101101010_0
0000000011011001_0
0111010110010101_0
0010100110001101_1
1101100011000011_0
0010011111010110_0
0101000010111011_0
0111111111001111_0
0010010111101111_0
0010100110001001_0
0110000001101111_0
0001001101111110_0
1001001001001100_0
0010001001010001_0
0100011111110001_0
1100001100110101_1
0011001001111110_0
1001001011100110_1
0001010110010001_0
0011001010101001_0
0110010111001010_1
1000111011111110_0
0011101010000101_0
0100000001011101_0
1110111011010100_1
0110010100000010_1
0110010100000010_1
0110010100000010_1
0110010100000010_1
0110010100000010_0
0000110001000111_1
0110010100000010_1
0110010100000010_1
0110010100000010_1
0110010100000010_1
0110010100000010_0
0000110001000111_1
0110010100000010_1
0110010100000010_1
0110010100000010_1
0110010100000010_1
0110010100000010_0
0000110001000111_1
0110010100000010_1
0110010100000010_1
0110010100000010_1
0110010100000010_1
0110010100000010_0
0000110001000111_1
0110010100000010_1
0110010100000010_1
0110010100000010_1
0110010100000010_1
0110010100000010_0
0000110001000111_1
0110010100000010_1
0110010100000010_1
0110010100000010_1
0110010100000010_1
0110010100000010_0
0000110001000111_1
0000110001000111_0
1011100101000101_0
1011100101000101_0
1011100101000101_0
1011100101000101_0
1011100101000101_0
1011100101000101_0
1011100101000101_0
1011100101000101_0
1011100101000101_0
1011100101000101_0
1011100101000101_0
1011100101000101_0
1011100101000101_0
1011100101000101_0
1011100101000101_0
1011100101000101_0
1011100101000101_0
1011100101000101_0
1011100101000101_0
1011100101000101_0
0000010011000000_0
0000010011000000_0
0000010011000000_0
0000010011000000_0
0000010011000000_0
0000010011000000_0
0000010011000000_0
0000010011000000_0
0000010011000000_0
0000010011000000_0
0000010011000000_0
0000010011000000_0
0000010011000000_0
0000010011000000_0
0000010011000000_0
0000010011000000_0
0000010011000000_0
0000010011000000_0
0000010011000000_0
0000010011000000_0
0100001000100011_1
0100001000100011_1
0100001000100011_1
0100001000100011_1
0100001000100011_1
0100001000100011_1
0100001000100011_1
0100001000100011_1
0100001000100011_1
0100001000100011_1
0100001000100011_1
0100001000100011_1
0100001000100011_1
0100001000100011_1
0100001000100011_1
0100001000100011_1
0100001000100011_1
0100001000100011_1
0100001000100011_1
0100001000100011_0
1011100011111101_1
0100001000100011_1
0100001000100011_1
0100001000100011_1
0100001000100011_1
0100001000100011_1
0100001000100011_1
0100001000100011_1
0100001000100011_1
0100001000100011_1
0100001000100011_1
0100001000100011_1
0100001000100011_1
0100001000100011_1
0100001000100011_1
0100001000100011_1
0100001000100011_1
0100001000100011_1
0100001000100011_1
0100001000100011_1
0100001000100011_0
1011100011111101_1
0100001000100011_1
0100001000100011_1
0100001000100011_1
0100001000100011_1
0100001000100011_1
0100001000100011_1
0100001000100011_1
0100001000100011_1
0100001000100011_1
0100001000100011_1
0100001000100011_1
0100001000100011_1
0100001000100011_1
0100001000100011_1
0100001000100011_1
0100001000100011_1
0100001000100011_1
0100001000100011_1
0100001000100011_1
0100001000100011_0
1011100011111101_1
0100001000100011_1
0100001000100011_1
0100001000100011_1
0100001000100011_1
0100001000100011_1
0100001000100011_1
0100001000100011_1
0100001000100011_1
0100001000100011_1
0100001000100011_1
0100001000100011_1
0100001000100011_1
0100001000100011_1
0100001000100011_1
0100001000100011_1
0100001000100011_1
0100001000100011_1
0100001000100011_1
0100001000100011_1
0100001000100011_0
1011100011111101_1
0100001000100011_1
0100001000100011_1
0100001000100011_1
0100001000100011_1
0100001000100011_1
0100001000100011_1
0100001000100011_1
0100001000100011_1
0100001000100011_1
0100001000100011_1
0100001000100011_1
0100001000100011_1
0100001000100011_1
0100001000100011_1
0100001000100011_1
0100001000100011_1
0100001000100011_1
0100001000100011_1
0100001000100011_1
0100001000100011_0
1011100011111101_1
0100001000100011_1
0100001000100011_1
0100001000100011_1
0100001000100011_1
0100001000100011_1
0100001000100011_1
0100001000100011_1
0100001000100011_1
0100001000100011_1
0100001000100011_1
0100001000100011_1
0100001000100011_1
0100001000100011_1
0100001000100011_1
0100001000100011_1
0100001000100011_1
0100001000100011_1
0100001000100011_1
0100001000100011_1
0100001000100011_0
1011100011111101_1
0100001000100011_1
0100001000100011_1
0100001000100011_1
0100001000100011_1
0100001000100011_1
0100001000100011_1
0100001000100011_1
0100001000100011_1
0100001000100011_1
0100001000100011_1
0100001000100011_1
0100001000100011_1
0100001000100011_1
0100001000100011_1
0100001000100011_1
0100001000100011_1
0100001000100011_1
0100001000100011_1
0100001000100011_1
0100001000100011_0
1011100011111101_1
0100001000100011_1
0100001000100011_1
0100001000100011_1
0100001000100011_1
0100001000100011_1
0100001000100011_1
0100001000100011_1
0100001000100011_1
0100001000100011_1
0100001000100011_1
0100001000100011_1
0100001000100011_1
0100001000100011_1
0100001000100011_1
0100001000100011_1
0100001000100011_1
0100001000100011_1
0100001000100011_1
0100001000100011_1
0100001000100011_0
1011100011111101_1
1011100011111101_0
1111101011010000_0
1111101011010000_0
1111101011010000_0
1111101011010000_0
1111101011010000_0
1111101011010000_0
1111101011010000_0
1111101011010000_0
1111101011010000_0
1111101011010000_0
1111101011010000_0
1111101011010000_0
1111101011010000_0
1111101011010000_0
1111101011010000_0
1111101011010000_0
1111101011010000_0
1111101011010000_0
1111101011010000_0
1111101011010000_0
0110000001010000_1
0110000001010000_1
0110000001010000_1
0110000001010000_1
0110000001010000_1
0110000001010000_1
0110000001010000_1
0110000001010000_1
0110000001010000_1
0110000001010000_1
0110000001010000_1
0110000001010000_1
0110000001010000_1
0110000001010000_1
0110000001010000_1
0110000001010000_1
0110000001010000_1
0110000001010000_1
0110000001010000_1
0110000001010000_1
0110000001010000_1
0110000001010000_1
0110000001010000_1
0110000001010000_1
0110000001010000_1
0110000001010000_1
0110000001010000_1
0110000001010000_1
0110000001010000_1
0110000001010000_1
0110000001010000_1
0110000001010000_1
0110000001010000_1
0110000001010000_1
0110000001010000_1
0110000001010000_1
0110000001010000_1
0110000001010000_1
0110000001010000_1
0110000001010000_1
0110000001010000_0
1101001111101000_0
1101001111101000_0
1101001111101000_0
1101001111101000_0
1101001111101000_0
1101001111101000_0
1101001111101000_0
1101001111101000_0
1101001111101000_0
1101001111101000_0
1101001111101000_0
1101001111101000_0
1101001111101000_0
1101001111101000_0
1101001111101000_0
1101001111101000_0
1101001111101000_0
1101001111101000_0
1101001111101000_0
1101001111101000_0
1010101110011001_0
1100100111010000_0
1010101110011001_1
1100100111010000_1
1010101110011001_0
1100100111010000_0
1010101110011001_1
1100100111010000_1
1010101110011001_0
1100100111010000_0
1010101110011001_1
1100100111010000_1
1010101110011001_0
1100100111010000_0
1010101110011001_1
1100100111010000_1
1010101110011001_0
1100100111010000_0
1010101110011001_1
1100100111010000_1
1010101110011001_0
1100100111010000_0
1010101110011001_1
1100100111010000_1
1010101110011001_0
1100100111010000_0
1010101110011001_1
1100100111010000_1
1010101110011001_0
1100100111010000_0
1010101110011001_1
1100100111010000_1
1010101110011001_0
1100100111010000_0
1010101110011001_1
1100100111010000_1
1010101110011001_0
1100100111010000_0
1010101110011001_1
1100100111010000_1
1010101110011001_0
1100100111010000_0
1010101110011001_1
1100100111010000_1
1010101110011001_0
1100100111010000_0
1010101110011001_1
1100100111010000_1
1010101110011001_0
1100100111010000_0
1010101110011001_1
1100100111010000_1
1010101110011001_0
1100100111010000_0
1110100110110001_0
0100000001000000_0
0110111011100000_0
1100011001000100_1
0101010111111101_1
0010111101101111_1
0011100111100110_0
0101110110010011_1
1001101110110111_0
0100010010010000_0
0100001111100110_0
0010111010100110_1
1000001001101110_1
1001101111001000_1
0010110110110100_1
0001110001101011_0
1010001001001001_0
1001000001011111_1
0010101001110000_0
0011101111010011_1
0110101011110000_0
0101101010101010_0
1101011001110100_0
0101110011010110_0
0101110011010110_1
0101110011010110_0
0101110011010110_1
0101110011010110_0
0101110011010110_1
0101110011010110_0
0101110011010110_1
0101110011010110_0
0101110011010110_1
0101110011010110_0
0101110011010110_1
0101110011010110_0
0101110011010110_1
0101110011010110_0
0101110011010110_1
0101110011010110_0
0101110011010110_1
0101110011010110_0
0101110011010110_1
0101110011010110_0
0101110011010110_1
0101110011010110_0
0101110011010110_1
0101110011010110_0
0101110011010110_1
0101110011010110_0
0101110011010110_1
0101110011010110_0
0101110011010110_1
0101110011010110_0
0101110011010110_1
0101110011010110_0
0101110011010110_1
0101110011010110_0
0101110011010110_1
0101110011010110_0
0101110011010110_1
0101110011010110_0
0101110011010110_1
0101110011010110_0
0101110011010110_1
0101110011010110_0
0101110011010110_1
0000000000010011_1
0000000000010011_1
0000000000010011_1
0000000000010011_1
0000000000010011_1
0000000000010011_1
0000000000010011_1
0000000000010011_1
0000000000010011_1
0000000000010011_1
0000000000010011_1
0000000000010011_1
0000000000010011_1
0000000000010011_1
0000000000010011_1
0000000000010011_1
0000000000010011_1
0000000000010011_1
0000000000010011_1
0000000000010011_1
1101011001011000_1
1101011001011000_0
1101011001011000_1
1101011001011000_0
1101011001011000_0
1101011001011000_0
1101011001011000_1
1101011001011000_1
1100111100111111_0
0001010011110111_0
1100111100111111_1
0001010011110111_1
1100111100111111_0
0001010011110111_0
1100111100111111_1
0001010011110111_1
1100111100111111_0
0001010011110111_0
1100111100111111_1
0001010011110111_1
1100111100111111_0
0001010011110111_0
1100111100111111_1
0001010011110111_1
1100111100111111_0
0001010011110111_0
1100111100111111_1
0001010011110111_1
1100111100111111_0
0001010011110111_0
1100111100111111_1
0001010011110111_1
1100111100111111_0
0001010011110111_0
1100111100111111_1
0001010011110111_1
1100111100111111_0
0001010011110111_0
1100111100111111_1
0001010011110111_1
1100111100111111_0
0001010011110111_0
1100111100111111_1
0001010011110111_1
1100111100111111_0
0001010011110111_0
1100111100111111_1
0001010011110111_1
1100111100111111_0
0001010011110111_0
1100111100111111_1
0001010011110111_1
1100111100111111_0
0001010011110111_0
1100111100111111_1
0001010011110111_1
1100111100111111_0
0001010011110111_0
1100111100111111_1
0001010011110111_1
1100111100111111_0
0001010011110111_0
1100111100111111_1
0001010011110111_1
1100111100111111_0
0001010011110111_0
1100111100111111_1
0001010011110111_1
1100111100111111_0
0001010011110111_0
1100111100111111_1
0001010011110111_1
1100111100111111_0
0001010011110111_0
1100111100111111_1
0001010011110111_1
1100111100111111_0
0001010011110111_0
1100111100111111_1
0001010011110111_1
1100111100111111_0
0001010011110111_0
1100111100111111_1
0001010011110111_1
1011111010110000_0
1011111010110000_0
1011111010110000_0
1011111010110000_0
1011111010110000_0
1011111010110000_0
1011111010110000_0
1011111010110000_0
1011111010110000_0
1011111010110000_0
1011111010110000_0
1011111010110000_0
1011111010110000_0
1011111010110000_0
1011111010110000_0
1011111010110000_0
1011111010110000_0
1011111010110000_0
1011111010110000_0
1011111010110000_0
0101110001000011_1
0101110001000011_1
0101110001000011_1
0101110001000011_1
0101110001000011_1
0101110001000011_1
0101110001000011_1
0101110001000011_1
0101110001000011_1
0101110001000011_1
0101110001000011_0
0000110110111111_1
0000110110111111_1
0000110110111111_0
0000110110111111_1
0000110110111111_1
0000110110111111_1
0000110110111111_1
0000110110111111_1
0001110010001101_1
0001110010001101_1
0001110010001101_1
0001110010001101_1
0001110010001101_1
0001110010001101_1
0001110010001101_1
0001110010001101_1
0001110010001101_1
0001110010001101_1
0001110010001101_1
0001110010001101_1
0001110010001101_1
0001110010001101_1
0001110010001101_1
0001110010001101_1
0001110010001101_1
0001110010001101_1
0001110010001101_1
0001110010001101_1
0010111000011110_1
0010111000011110_1
0010111000011110_1
0010111000011110_1
0010111000011110_1
0010111000011110_1
0010111000011110_1
0010111000011110_1
0010111000011110_1
0010111000011110_1
0010111000011110_1
0010111000011110_1
0010111000011110_1
0010111000011110_1
0010111000011110_1
0010111000011110_1
0010111000011110_1
0010111000011110_1
0010111000011110_1
0010111000011110_1
0100001100100000_1
0100001100100000_1
0100001100100000_1
0100001100100000_1
0100001100100000_1
0100001100100000_1
0100001100100000_1
0100001100100000_1
0100001100100000_1
0100001100100000_1
0100001100100000_1
0100001100100000_1
0100001100100000_1
0100001100100000_1
0100001100100000_1
0100001100100000_1
0100001100100000_1
0100001100100000_1
0100001100100000_1
0100001100100000_1
1100110001011101_0
1100110001011101_1
1100110001011101_1
1100110001011101_1
1100110001011101_1
1100110001011101_1
1100110001011101_1
1100110001011101_1
1100110001011101_1
1100110001011101_1
1100110001011101_1
1100110001011101_1
1100110001011101_0
0011001011111110_0
0011001011111110_1
0011001011111110_1
0011001011111110_1
0011001011111110_1
0011001011111110_1
0011001011111110_1
0010101010101000_1
0010101010101000_1
0010101010101000_1
0010101010101000_1
0010101010101000_1
0010101010101000_1
0010101010101000_1
0010101010101000_1
0010101010101000_1
0010101010101000_1
0010101010101000_1
0010101010101000_1
0010101010101000_1
0010101010101000_1
0010101010101000_1
0010101010101000_1
0010101010101000_1
0010101010101000_1
0010101010101000_1
0010101010101000_0
0000010100010001_1
0010101010101000_1
0010101010101000_1
0010101010101000_1
0010101010101000_1
0010101010101000_1
0010101010101000_1
0010101010101000_1
0010101010101000_1
0010101010101000_1
0010101010101000_1
0010101010101000_1
0010101010101000_1
0010101010101000_1
0010101010101000_1
0010101010101000_1
0010101010101000_1
0010101010101000_1
0010101010101000_1
0010101010101000_1
0010101010101000_0
0000010100010001_1
0000010100010001_0
1101011000000001_1
1101011000000001_1
1101011000000001_1
1101011000000001_1
1101011000000001_1
1101011000000001_1
1101011000000001_1
1101011000000001_1
1101011000000001_1
1101011000000001_1
1101011000000001_1
1101011000000001_1
1101011000000001_1
1101011000000001_1
1101011000000001_1
1101011000000001_1
1101011000000001_1
1101011000000001_1
1101011000000001_1
1101011000000001_1
0110111011000001_1
0110111011000001_1
0110111011000001_1
0110111011000001_1
0110111011000001_1
0110111011000001_1
0110111011000001_1
0110111011000001_1
0110111011000001_0
1011001010011010_1
0110111011000001_1
0110111011000001_1
0110111011000001_1
0110111011000001_1
0110111011000001_1
0110111011000001_1
0110111011000001_1
0110111011000001_1
0110111011000001_0
1011001010011010_1
0110111011000001_1
0110111011000001_1
0110111011000001_1
0110111011000001_1
0110111011000001_1
0110111011000001_1
0110111011000001_1
0110111011000001_1
0110111011000001_0
1011001010011010_1
0110111011000001_1
0110111011000001_1
0110111011000001_1
0110111011000001_1
0110111011000001_1
0110111011000001_1
0110111011000001_1
0110111011000001_1
0110111011000001_0
1011001010011010_1
0110111011000001_1
0110111011000001_1
0110111011000001_1
0110111011000001_1
0110111011000001_1
0110111011000001_1
0110111011000001_1
0110111011000001_1
0110111011000001_0
1011001010011010_1
0110111011000001_1
0110111011000001_1
0110111011000001_1
0110111011000001_1
0110111011000001_1
0110111011000001_1
0110111011000001_1
0110111011000001_1
0110111011000001_0
1011001010011010_1
1011001010011010_0
1110000101101110_0
1110000101101110_1
1110000101101110_0
1110000101101110_1
1110000101101110_0
1110000101101110_1
1110000101101110_0
1110000101101110_1
1110000101101110_0
1110000101101110_1
1110000101101110_0
1110000101101110_1
1110000101101110_0
1110000101101110_1
1110000101101110_0
1110000101101110_1
1110000101101110_0
1110000101101110_1
1110000101101110_0
1110000101101110_1
1110000101101110_0
1110000101101110_1
1110000101101110_0
1110000101101110_1
1110000101101110_0
1110000101101110_1
1110000101101110_0
1110000101101110_1
1110000101101110_0
1110000101101110_1
1110000101101110_0
1110000101101110_1
1110000101101110_0
1110000101101110_1
1110000101101110_0
1110000101101110_1
1110000101101110_0
1110000101101110_1
1110000101101110_0
1110000101101110_1
1110000101101110_0
1110000101101110_1
1110000101101110_0
1110000101101110_1
1110000101101110_0
1110000101101110_1
0011111111011100_0
0011111111011100_0
0011111111011100_0
0011111111011100_0
0011111111011100_0
0011111111011100_0
0011111111011100_0
0011111111011100_0
0011111111011100_0
0011111111011100_0
0011111111011100_0
0011111111011100_0
0011111111011100_0
0011111111011100_0
0011111111011100_0
0011111111011100_0
0011111111011100_0
0011111111011100_0
0011111111011100_0
0011111111011100_0
0010011000110110_0
1000111100110111_0
0010011000110110_1
1000111100110111_1
0010011000110110_0
1000111100110111_0
0010011000110110_1
1000111100110111_1
0010011000110110_0
1000111100110111_0
0010011000110110_1
1000111100110111_1
0010011000110110_0
1000111100110111_0
0010011000110110_1
1000111100110111_1
0010011000110110_0
1000111100110111_0
0010011000110110_1
1000111100110111_1
0010011000110110_0
1000111100110111_0
0010011000110110_1
1000111100110111_1
0010011000110110_0
1000111100110111_0
0010011000110110_1
1000111100110111_1
0010011000110110_0
1000111100110111_0
0010011000110110_1
1000111100110111_1
0010011000110110_0
1000111100110111_0
0010011000110110_1
1000111100110111_1
0010011000110110_0
1000111100110111_0
0010011000110110_1
1000111100110111_1
0010011000110110_0
1000111100110111_0
0010011000110110_1
1000111100110111_1
0010011000110110_0
1000111100110111_0
0010011000110110_1
1000111100110111_1
0010011000110110_0
1000111100110111_0
0010011000110110_1
1000111100110111_1
0010011000110110_0
1000111100110111_0
0010011000110110_1
1000111100110111_1
0010011000110110_0
1000111100110111_0
0010011000110110_1
1000111100110111_1
0010011000110110_0
1000111100110111_0
0010011000110110_1
1000111100110111_1
0010011000110110_0
1000111100110111_0
0010011000110110_1
1000111100110111_1
0010011000110110_0
1000111100110111_0
0010011000110110_1
1000111100110111_1
0010011000110110_0
1000111100110111_0
0010011000110110_1
1000111100110111_1
0010011000110110_0
1000111100110111_0
0010011000110110_1
1000111100110111_1
0010011000110110_0
1000111100110111_0
0010011000110110_1
1000111100110111_1
0010011000110110_0
1000111100110111_0
0010011000110110_1
1000111100110111_1
0010011000110110_0
1000111100110111_0
0010011000110110_1
1000111100110111_1
0010011000110110_0
1000111100110111_0
0010011000110110_1
1000111100110111_1
0010011000110110_0
1000111100110111_0
1011100101101111_0
1011100101101111_0
1011100101101111_0
1011100101101111_0
1011100101101111_0
1011100101101111_0
1011100101101111_0
1011100101101111_0
1011100101101111_0
1011100101101111_0
1011100101101111_0
1011100101101111_0
1011100101101111_0
1011100101101111_0
1011100101101111_0
1011100101101111_0
1011100101101111_0
1011100101101111_0
1011100101101111_0
1011100101101111_0
1110010110011010_0
1110010110011010_0
1110010110011010_0
1110010110011010_0
1110010110011010_0
1110010110011010_0
1110010110011010_0
1110010110011010_0
1110010110011010_0
1110010110011010_0
1110010110011010_0
1110010110011010_0
1110010110011010_0
1110010110011010_0
1110010110011010_0
1110010110011010_0
1110010110011010_0
1110010110011010_0
1110010110011010_0
1110010110011010_0
0111110011001011_0
0111110011001011_0
0111110011001011_0
0111110011001011_0
0111110011001011_0
0111110011001011_0
0111110011001011_0
0111110011001011_0
0111110011001011_0
0111110011001011_0
0111110011001011_0
0111110011001011_0
0111110011001011_0
0111110011001011_0
0111110011001011_0
0111110011001011_0
0111110011001011_0
0111110011001011_0
0111110011001011_0
0111110011001011_0
1001111110011000_1
1001111110011000_1
1001111110011000_1
1001111110011000_1
1001111110011000_1
1001111110011000_1
1001111110011000_1
1001111110011000_1
1001111110011000_1
1001111110011000_1
1001111110011000_1
1001111110011000_1
1001111110011000_1
1001111110011000_1
1001111110011000_1
1001111110011000_1
1001111110011000_1
1001111110011000_1
1001111110011000_0
1100110101101010_1
1100110101101010_1
1100110101101010_1
1100110101101010_1
1100110101101010_1
1100110101101010_1
1100110101101010_1
1100110101101010_1
1100110101101010_1
1100110101101010_1
1100110101101010_1
1100110101101010_1
1100110101101010_1
1100110101101010_1
1100110101101010_1
1100110101101010_1
1100110101101010_1
1100110101101010_1
1100110101101010_1
1100110101101010_1
1100110101101010_1
1100110101101010_1
1100110101101010_1
1100110101101010_1
1100110101101010_1
1100110101101010_1
1100110101101010_0
0100101110100000_1
1101011011000001_0
1011011110101101_0
1111100010001100_1
1101001110100100_1
0001001010100001_0
0100001100010110_1
0001111111111001_0
0101110001111100_1
0100010100110000_1
1011100101010101_0
1000001111000111_0
0110111101011001_0
1010011001000111_0
0011010110101110_1
1101011110111100_1
0000010110110001_1
1101000001001101_1
1010101111000000_0
1010111000101000_0
0111010101111100_1
1111101111011100_1
1111111110110010_0
1101011001001110_0
0000011010100000_1
0011101101111101_1
1100111111010100_1
0010010011011110_0
1011011011011001_0
0001010111001101_1
0110001010010101_1
1111010001010101_1
0101101001100011_0
1000100001110101_1
1010110000100011_1
0000100110100111_0
1001111010011111_1
1001111010011111_0
1001111010011111_0
1001111010011111_0
1001111010011111_0
1001111010011111_1
1001111010011111_1
1001111010011111_1
1001111010011111_1
1001111010011111_1
1001111010011111_0
1001111010011111_1
1001111010011111_1
1001111010011111_1
1001111010011111_1
0000110010011100_0
0000110010011100_0
0000110010011100_0
0000110010011100_0
0000110010011100_0
0000110010011100_0
0000110010011100_0
0000110010011100_0
0000110010011100_0
0000110010011100_0
0000110010011100_0
0000110010011100_0
0000110010011100_0
0000110010011100_0
0000110010011100_0
0000110010011100_0
0000110010011100_0
0000110010011100_0
0000110010011100_0
0000110010011100_0
0110100111010001_1
0110100111010001_1
0110100111010001_1
0110100111010001_1
0110100111010001_1
0110100111010001_1
0110100111010001_1
0110100111010001_1
0110100111010001_1
0110100111010001_0
1110010101110110_1
0110100111010001_1
0110100111010001_1
0110100111010001_1
0110100111010001_1
0110100111010001_1
0110100111010001_1
0110100111010001_1
0110100111010001_1
0110100111010001_1
0110100111010001_0
1110010101110110_1
0110100111010001_1
0110100111010001_1
0110100111010001_1
0110100111010001_1
0110100111010001_1
0110100111010001_1
0110100111010001_1
0110100111010001_1
0110100111010001_1
0110100111010001_0
1110010101110110_1
0110100111010001_1
0110100111010001_1
0110100111010001_1
0110100111010001_1
0110100111010001_1
0110100111010001_1
0110100111010001_1
0110100111010001_1
0110100111010001_1
0110100111010001_0
1110010101110110_1
0110100111010001_1
0110100111010001_1
0110100111010001_1
0110100111010001_1
0110100111010001_1
0110100111010001_1
0110100111010001_1
0110100111010001_1
0110100111010001_1
0110100111010001_0
1110010101110110_1
0110100111010001_1
0110100111010001_1
0110100111010001_1
0110100111010001_1
0110100111010001_1
0110100111010001_1
0110100111010001_1
0110100111010001_1
0110100111010001_1
0110100111010001_0
1110010101110110_1
1110010101110110_0
1110111011000010_0
0001100111010010_1
0000001001100110_0
1111100011101001_0
0100011101110100_0
1101110011101100_0
0001111011011101_1
0110001111110111_1
1010110100000000_1
0011010011111010_1
1010111011001110_0
0001111011110001_0
0001111011101100_1
0111000111011111_0
0010100001011001_1
1110011100100001_1
0011111111011000_0
0011100110010000_1
1110011010110010_1
1010111001011001_1
1101111110010110_1
1110011100001111_1
0111010110110001_1
1010110000001111_0
1100011001011101_1
0110111001000011_0
0000010000001000_0
1000110100001100_0
1010100011011110_1
0010000000000100_1
0100011111010010_1
0100001010100010_1
1000110001101101_1
0100110101100000_1
0011010000001101_0
0010111110011010_1
1110010101101101_0
0100100000011100_0
0000100101100001_0
1000101011000101_0
0111010010000010_1
0000000111010110_1
0001001010000100_1
0010001110000110_1
1010101100000101_0
0100100101110110_1
0011101110011100_0
0011110010101000_1
1000100100110100_1
1100100000011101_0
0001110110101110_0
1010010001011110_0
0001110110101110_1
1010010001011110_1
0001110110101110_0
1010010001011110_0
0001110110101110_1
1010010001011110_1
0001110110101110_0
1010010001011110_0
0001110110101110_1
1010010001011110_1
0001110110101110_0
1010010001011110_0
0001110110101110_1
1010010001011110_1
0001110110101110_0
1010010001011110_0
0001110110101110_1
1010010001011110_1
0001110110101110_0
1010010001011110_0
0001110110101110_1
1010010001011110_1
0001110110101110_0
1010010001011110_0
0001110110101110_1
1010010001011110_1
0001110110101110_0
1010010001011110_0
0001110110101110_1
1010010001011110_1
0001110110101110_0
1010010001011110_0
0001110110101110_1
1010010001011110_1
0001110110101110_0
1010010001011110_0
0001110110101110_1
1010010001011110_1
0001110110101110_0
1010010001011110_0
0001110110101110_1
1010010001011110_1
0001110110101110_0
1010010001011110_0
0001110110101110_1
1010010001011110_1
0001110110101110_0
1010010001011110_0
0001110110101110_1
1010010001011110_1
0001110110101110_0
1010010001011110_0
0001110110101110_1
1010010001011110_1
0001110110101110_0
1010010001011110_0
0001110110101110_1
1010010001011110_1
0001110110101110_0
1010010001011110_0
0001110110101110_1
1010010001011110_1
0001110110101110_0
1010010001011110_0
0001110110101110_1
1010010001011110_1
0001110110101110_0
1010010001011110_0
0001110110101110_1
1010010001011110_1
0001110110101110_0
1010010001011110_0
0001110110101110_1
1010010001011110_1
0001110110101110_0
1010010001011110_0
0001110110101110_1
1010010001011110_1
0001110110101110_0
1010010001011110_0
0001110110101110_1
1010010001011110_1
1010001010001101_0
1010001010001101_1
1010001010001101_0
1010001010001101_1
1010001010001101_0
1010001010001101_1
1010001010001101_0
1010001010001101_1
1010001010001101_0
1010001010001101_1
1010001010001101_0
1010001010001101_1
1010001010001101_0
1010001010001101_1
1010001010001101_0
1010001010001101_1
1010001010001101_0
1010001010001101_1
1010001010001101_0
1010001010001101_1
1010001010001101_0
1010001010001101_1
1010001010001101_0
1010001010001101_1
1010001010001101_0
1010001010001101_1
1010001010001101_0
1010001010001101_1
1010001010001101_0
1010001010001101_1
1010001010001101_0
1010001010001101_1
1010001010001101_0
1010001010001101_1
1010001010001101_0
1010001010001101_1
1010001010001101_0
1010001010001101_1
1010001010001101_0
1010001010001101_1
1010001010001101_0
1010001010001101_1
1010001010001101_0
1010001010001101_1
1011110100011101_0
1111011111000110_1
1000101000110111_1
1100100111101110_1
1111000100111011_0
1010111110101001_0
0011000000110011_0
1101001100100010_0
1000100010111101_1
0010111001000101_1
1110101100001001_0
1010001001101111_0
1110101100001001_1
1010001001101111_1
1110101100001001_0
1010001001101111_0
1110101100001001_1
1010001001101111_1
1110101100001001_0
1010001001101111_0
1110101100001001_1
1010001001101111_1
1110101100001001_0
1010001001101111_0
1110101100001001_1
1010001001101111_1
1110101100001001_0
1010001001101111_0
1110101100001001_1
1010001001101111_1
1110101100001001_0
1010001001101111_0
1110101100001001_1
1010001001101111_1
1110101100001001_0
1010001001101111_0
1110101100001001_1
1010001001101111_1
1110101100001001_0
1010001001101111_0
1110101100001001_1
1010001001101111_1
1110101100001001_0
1010001001101111_0
1110101100001001_1
1010001001101111_1
1110101100001001_0
1010001001101111_0
1110101100001001_1
1010001001101111_1
1110101100001001_0
1010001001101111_0
1110101100001001_1
1010001001101111_1
1010110010101110_0
0100101111011101_0
1010110010101110_1
0100101111011101_1
1010110010101110_0
0100101111011101_0
1010110010101110_1
0100101111011101_1
1010110010101110_0
0100101111011101_0
1010110010101110_1
0100101111011101_1
1010110010101110_0
0100101111011101_0
1010110010101110_1
0100101111011101_1
1010110010101110_0
0100101111011101_0
1010110010101110_1
0100101111011101_1
1010110010101110_0
0100101111011101_0
1010110010101110_1
0100101111011101_1
1010110010101110_0
0100101111011101_0
1010110010101110_1
0100101111011101_1
1010110010101110_0
0100101111011101_0
1010110010101110_1
0100101111011101_1
1010110010101110_0
0100101111011101_0
1010110010101110_1
0100101111011101_1
1010110010101110_0
0100101111011101_0
1010110010101110_1
0100101111011101_1
1010110010101110_0
0100101111011101_0
1010110010101110_1
0100101111011101_1
1010110010101110_0
0100101111011101_0
1010110010101110_1
0100101111011101_1
1010110010101110_0
0100101111011101_0
1010110010101110_1
0100101111011101_1
1010110010101110_0
0100101111011101_0
0100010110110001_0
0100010110110001_0
0100010110110001_0
0100010110110001_0
0100010110110001_0
0100010110110001_0
0100010110110001_0
0100010110110001_0
0100010110110001_0
0100010110110001_0
0100010110110001_0
0100010110110001_0
0100010110110001_0
0100010110110001_0
0100010110110001_0
0100010110110001_0
0100010110110001_0
0100010110110001_0
0100010110110001_0
0100010110110001_0
1010010100010100_1
0100100000101011_1
0010101011010000_1
1111011110110110_1
1100010101011101_1
0000101010111010_0
1111101110001010_0
1111110111111100_0
1110010001100100_1
1111111011001010_1
0011100010101011_0
1110110011100001_0
1010100110011000_0
1001011001000110_1
1100100000101001_1
1111001100000000_1
0010010000011001_0
1011111011010000_0
1100101001010010_0
1011101100100110_0
1100000110110111_0
1110001110110101_1
0010010010001110_0
0000100111000110_0
1101111100110111_1
1111011110011111_0
0100100010101111_1
0111011010001001_1
1110110100011000_0
1101011101001111_0
1111000110011011_0
0000101010110110_1
0100011110111111_0
0100110110011111_0
0010001001110110_1
0000101110110110_0
1001100110110001_1
1010001001000010_0
1001010110110111_0
1001011101000000_1
1010100001101111_0
1100100100110110_1
0111000100100101_0
1101101011101011_1
1111000011100100_1
0100110100001011_1
0011000010100111_1
1100110100001011_1
0011000010100111_0
1100110100001011_0
0011000010100111_1
1100110100001011_1
0011000010100111_0
1100110100001011_0
0011000010100111_1
1100110100001011_1
0011000010100111_0
1100110100001011_0
0011000010100111_1
1100110100001011_1
0011000010100111_0
1100110100001011_0
0011000010100111_1
1100110100001011_1
0011000010100111_0
1100110100001011_0
0011000010100111_1
1100110100001011_1
0011000010100111_0
1100110100001011_0
0011000010100111_1
1100110100001011_1
0011000010100111_0
1100110100001011_0
0011000010100111_1
1100110100001011_1
0011000010100111_0
1100110100001011_0
0011000010100111_1
1100110100001011_1
0011000010100111_0
1100110100001011_0
0011000010100111_1
1100110100001011_1
0011000010100111_0
1100110100001011_0
0011000010100111_1
1100110100001011_1
0011000010100111_0
1100110100001011_0
0011000010100111_1
1100110100001011_1
0011000010100111_0
1100110100001011_0
0011000010100111_1
1100110100001011_1
0011000010100111_0
1100110100001011_0
0011000010100111_1
1100110100001011_1
0011000010100111_0
1100110100001011_0
0011000010100111_1
1100110100001011_1
0011000010100111_0
1100110100001011_0
0011000010100111_1
1100110100001011_1
0011000010100111_0
1100110100001011_0
0011000010100111_1
1100110100001011_1
1011111101100111_0
1011111101100111_1
1011111101100111_0
1011111101100111_1
1011111101100111_0
1011111101100111_1
1011111101100111_0
1011111101100111_1
1011111101100111_0
1011111101100111_1
1011111101100111_0
1011111101100111_1
1011111101100111_0
1011111101100111_1
1011111101100111_0
1011111101100111_1
1011111101100111_0
1011111101100111_1
1011111101100111_0
1011111101100111_1
1011111101100111_0
1011111101100111_1
1011111101100111_0
1011111101100111_1
1011111101100111_0
1011111101100111_1
1011111101100111_0
1011111101100111_1
1011111101100111_0
0101110001100010_1
0101110001100010_1
0101110001100010_1
0101110001100010_1
0101110001100010_1
0101110001100010_1
0101110001100010_1
0101110001100010_1
0101110001100010_1
0101110001100010_1
0101110001100010_1
0101110001100010_1
0101110001100010_1
0101110001100010_1
0101110001100010_1
0101110001100010_1
0101110001100010_1
0101110001100010_1
0101110001100010_1
0101110001100010_1
1010111101010001_1
1010111101010001_1
1010111101010001_1
1010111101010001_1
1010111101010001_1
1010111101010001_1
1010111101010001_1
1010111101010001_1
1010111101010001_1
1010111101010001_1
1010111101010001_1
1010111101010001_1
1010111101010001_1
1010111101010001_1
1010111101010001_1
1010111101010001_1
1010111101010001_1
1010111101010001_1
1010111101010001_1
1010111101010001_1
1010111101010001_1
1010111101010001_1
1010111101010001_1
1010111101010001_1
1010111101010001_1
1010111101010001_1
1010111101010001_1
1010111101010001_1
1010111101010001_1
1010111101010001_1
1010111101010001_1
1010111101010001_1
1010111101010001_1
1010111101010001_1
1010111101010001_1
1010111101010001_1
1010111101010001_1
1010111101010001_1
1010111101010001_0
0000000000101101_0
0001001100001110_1
1110101000001101_1
0000100000001101_1
0000010001111001_1
1111100111110010_0
0100111110011101_1
0101001000011111_1
1111110100100000_1
1111001101111100_1
1111010100000011_1
0110101110111001_1
1100000100111011_0
0011011011011000_1
1011001111011110_1
0001000101001001_1
0010000011011011_0
1011100100100011_1
0001011010010001_1
1101011110100011_0
0110001110110011_0
0110111101101001_1
1110110010111111_1
1111101010011110_1
1101101110010100_1
0111100110110101_0
0111101000000000_0
1100001100100011_1
1001100111111011_0
1011110100111111_1
0011010110111111_1
0111010110110100_0
0010011011100101_0
1100010110011010_1
1100011110110110_1
1110010011001000_0
1011100110111101_1
1001001111010001_1
1010111100100111_0
1101001011101110_0
0001111100001010_0
0010100011010110_1
0100010100001100_1
0111000000001111_0
0111000000001111_0
0111000000001111_0
0111000000001111_0
0111000000001111_0
0111000000001111_0
0111000000001111_0
0111000000001111_0
0111000000001111_0
0111000000001111_0
0111000000001111_0
0111000000001111_0
0111000000001111_0
0111000000001111_0
0111000000001111_0
0111000000001111_0
0111000000001111_0
0111000000001111_0
0111000000001111_0
0111000000001111_0
1110010011110001_0
0000000111101000_1
1000111111011011_0
0001100010011011_0
1010011001110110_1
1011100010111011_0
1100000001001000_0
0001000000110110_0
1101010001000111_1
0000010001111100_1
1101000010001100_1
0111100101001001_1
0101100111100000_0
0101000110001100_1
0100001101111110_1
0110110110001101_1
0110001111101001_1
0001001100011100_1
